Rk,Name,Tm,Age,W,L,W-L%,ERA,G,GS,GF,CG,SHO,QS,SV,Hold,IP,H,R,ER,HR,BB,IBB,SO,HBP,BK,WP,BF,WHIP,H9,HR9,BB9,SO9,SO/W,WAR,WPA
1,Fernando Abad\abadfe01,WSN,34,0,0,,3.27,14,0,4,0,0,0,1,2,11.0,9,4,4,0,4,0,10,0,0,0,43,1.182,7.4,0.0,3.3,8.2,2.50,0.3,0.2
2,Cory Abbott\player.fcgi?id=abbott000cor,CHC,24,0,0,,5.79,10,0,4,0,0,0,2,0,9.1,12,6,6,1,10,1,13,0,0,1,48,2.357,11.6,1.0,9.6,12.5,1.30,-0.0,-0.2
3,Bryan Abreu\abreubr01,HOU,23,8,3,.727,4.16,35,12,9,0,0,5,0,2,101.2,76,51,47,13,62,1,150,6,1,6,438,1.357,6.7,1.2,5.5,13.3,2.42,1.3,-0.5
4,Austin Adams\adamsau02,SEA,29,4,0,1.000,2.08,31,0,22,0,0,0,15,3,30.1,17,9,7,1,17,0,52,0,0,0,126,1.121,5.0,0.3,5.0,15.4,3.06,1.4,0.4
5,Melvin Adon\player.fcgi?id=adon--000mel,SFG,26,1,1,.500,6.04,14,0,4,0,0,0,1,0,22.1,21,16,15,3,23,1,27,5,0,2,115,1.970,8.5,1.2,9.3,10.9,1.17,-0.5,-0.4
6,Sandy Alcantara\alcansa01,MIA,24,7,16,.304,3.60,33,33,0,0,0,11,0,0,175.0,144,77,70,15,83,0,130,14,0,4,763,1.297,7.4,0.8,4.3,6.7,1.57,1.4,-0.2
7,Scott Alexander\alexasc02,TOR,30,2,3,.400,4.80,50,0,18,0,0,0,5,13,45.0,59,30,24,3,37,5,41,0,0,1,227,2.133,11.8,0.6,7.4,8.2,1.11,0.1,-1.3
8,Tyler Alexander\alexaty01,DET,25,0,0,,5.40,6,0,3,0,0,0,0,0,11.2,13,7,7,4,2,0,12,0,0,0,51,1.286,10.0,3.1,1.5,9.3,6.00,-0.2,-0.0
9,Anthony Alford\alforan01,TOR,25,0,0,,81.00,2,0,0,0,0,0,0,0,0.2,2,6,6,1,8,0,0,0,0,0,12,15.000,27.0,13.5,108.0,0.0,0.00,-0.4,-0.0
10,Kolby Allard\allarko01,TEX,22,4,8,.333,4.01,23,23,0,0,0,10,0,0,134.2,153,63,60,15,42,1,102,4,1,5,588,1.448,10.2,1.0,2.8,6.8,2.43,1.9,-0.5
11,Cody Allen\allenco01,PIT,31,1,2,.333,5.05,27,0,7,0,0,0,0,1,35.2,36,21,20,7,15,0,29,0,0,1,156,1.430,9.1,1.8,3.8,7.3,1.93,-0.4,-1.0
12,Cody Allen\allenco01,TEX,31,0,1,.000,10.61,10,0,1,0,0,0,0,0,9.1,13,13,11,5,8,0,12,1,0,0,49,2.250,12.5,4.8,7.7,11.6,1.50,-0.6,-0.2
13,Yency Almonte\almonye01,COL,26,3,1,.750,4.95,54,0,12,0,0,0,1,1,76.1,68,45,42,9,44,3,89,8,1,7,339,1.467,8.0,1.1,5.2,10.5,2.02,0.4,-0.2
14,Dan Altavilla\altavda01,SEA,27,3,0,1.000,3.22,45,0,13,0,0,0,0,4,44.2,35,21,16,7,27,1,74,5,0,7,203,1.388,7.1,1.4,5.4,14.9,2.74,0.2,-0.2
15,Jose Alvarado\alvarjo03,TBR,25,3,2,.600,1.25,57,0,15,0,0,0,1,18,57.2,36,12,8,2,28,0,62,1,1,5,233,1.110,5.6,0.3,4.4,9.7,2.21,1.1,2.1
16,Jose Alvarez\alvarjo02,PHI,31,0,2,.000,3.77,64,0,21,0,0,0,7,4,74.0,82,34,31,5,24,2,45,1,0,1,320,1.432,10.0,0.6,2.9,5.5,1.88,0.6,0.4
17,Brett Anderson\anderbr04,MIL,32,0,1,.000,14.73,2,2,0,0,0,0,0,0,7.1,13,12,12,3,2,1,3,1,0,1,38,2.045,16.0,3.7,2.5,3.7,1.50,-0.2,-0.6
18,Chase Anderson\anderch01,TOR,32,10,13,.435,5.03,35,28,3,0,0,9,0,0,168.1,189,98,94,31,38,0,157,9,1,2,725,1.349,10.1,1.7,2.0,8.4,4.13,1.4,-2.0
19,Justin Anderson\anderju01,LAA,27,0,0,,inf,1,0,0,0,0,0,0,0,0.0,3,3,3,1,0,0,0,0,0,0,3,,,,,,,0.0,-0.6
20,Nick Anderson\anderni01,TBR,29,3,5,.375,4.59,58,0,39,0,0,0,26,9,49.0,44,25,25,16,20,1,78,3,0,1,212,1.306,8.1,2.9,3.7,14.3,3.90,-0.9,-0.6
21,Tyler Anderson\anderty01,SFG,30,9,6,.600,3.54,23,23,0,2,1,11,0,0,150.0,151,71,59,15,38,0,143,4,0,3,632,1.260,9.1,0.9,2.3,8.6,3.76,3.2,-0.4
22,Victor Arano\aranovi01,PHI,25,4,1,.800,2.92,53,0,14,0,0,0,0,17,61.2,55,22,20,11,18,2,73,1,0,0,252,1.184,8.0,1.6,2.6,10.7,4.06,0.4,1.4
23,Chris Archer\archech01,PIT,31,3,9,.250,4.71,17,17,0,0,0,7,0,0,93.2,87,50,49,13,39,4,82,1,2,3,399,1.345,8.4,1.2,3.7,7.9,2.10,1.0,-0.3
24,Chris Archer\archech01,MIL,31,7,5,.583,3.07,17,17,0,0,0,11,0,0,102.2,87,38,35,11,28,6,102,2,1,2,417,1.120,7.6,1.0,2.5,8.9,3.64,2.5,1.5
25,Shawn Armstrong\armstsh01,BAL,29,2,0,1.000,5.06,21,0,5,0,0,0,0,1,26.2,21,15,15,4,11,0,28,1,0,0,110,1.200,7.1,1.4,3.7,9.5,2.55,0.0,-0.1
26,Jake Arrieta\arrieja01,PHI,34,6,18,.250,6.23,31,31,0,0,0,13,0,0,154.2,180,119,107,34,56,1,126,9,3,2,697,1.526,10.5,2.0,3.3,7.3,2.25,-0.4,-4.3
27,Luis Avilan\avilalu01,NYY,30,0,1,.000,21.60,6,0,1,0,0,0,0,0,3.1,11,9,8,3,2,0,2,1,0,2,24,3.900,29.7,8.1,5.4,5.4,1.00,-0.4,-0.4
28,John Axford\axforjo01,CLE,37,1,1,.500,3.56,25,0,10,0,0,0,0,1,30.1,29,12,12,4,14,0,32,2,0,1,131,1.418,8.6,1.2,4.2,9.5,2.29,0.0,-0.1
29,Michel Báez\baezmi01,SDP,24,3,2,.600,2.95,64,2,17,0,0,1,3,12,82.1,53,29,27,5,29,0,109,8,1,3,333,0.996,5.8,0.5,3.2,11.9,3.76,1.8,2.3
30,Pedro Baez\baezpe01,LAD,32,2,1,.667,5.27,12,0,3,0,0,0,0,1,13.2,16,8,8,2,5,0,13,1,0,0,62,1.537,10.5,1.3,3.3,8.6,2.60,-0.0,0.3
31,Homer Bailey\baileho02,MIN,34,15,9,.625,4.49,31,31,0,0,0,14,0,0,184.1,186,101,92,37,47,0,151,7,1,10,780,1.264,9.1,1.8,2.3,7.4,3.21,0.8,-0.6
32,Anthony Banda\bandaan01,TBR,26,0,0,,4.14,37,0,7,0,0,0,0,2,54.1,44,28,25,9,34,0,58,0,0,2,230,1.436,7.3,1.5,5.6,9.6,1.71,-0.5,0.3
33,Scott Barlow\barlosc01,KCR,27,3,5,.375,5.25,63,1,21,0,0,0,11,6,61.2,52,37,36,9,27,1,73,6,0,7,266,1.281,7.6,1.3,3.9,10.7,2.70,0.2,1.0
34,Jacob Barnes\barneja01,LAA,30,5,2,.714,3.62,58,9,16,0,0,0,1,2,59.2,44,25,24,6,23,0,78,2,0,6,248,1.123,6.6,0.9,3.5,11.8,3.39,1.1,-0.2
35,Matt Barnes\barnema01,BOS,30,8,4,.667,3.41,60,0,51,0,0,0,29,3,58.0,49,24,22,4,42,2,101,2,0,3,262,1.569,7.6,0.6,6.5,15.7,2.40,1.8,0.9
36,Tony Barnette\barneto01,STL,36,1,0,1.000,0.00,8,0,3,0,0,0,0,1,8.0,7,0,0,0,2,0,7,0,0,0,32,1.125,7.9,0.0,2.3,7.9,3.50,0.2,0.2
37,Anthony Bass\bassan01,TOR,32,1,3,.250,5.75,67,3,15,0,0,0,0,10,76.2,71,54,49,16,34,2,56,3,2,0,331,1.370,8.3,1.9,4.0,6.6,1.65,-1.1,-0.9
38,Chris Bassitt\bassich01,OAK,31,11,15,.423,5.18,31,31,0,1,1,16,0,0,172.0,187,102,99,36,58,0,150,10,0,4,749,1.424,9.8,1.9,3.0,7.8,2.59,-0.1,-1.9
39,Trevor Bauer\bauertr01,BOS,29,5,6,.455,4.61,16,16,0,1,1,8,0,0,99.2,104,52,51,14,37,4,100,8,0,4,436,1.415,9.4,1.3,3.3,9.0,2.70,1.3,-1.0
40,Trevor Bauer\bauertr01,CIN,29,5,5,.500,3.43,18,17,1,0,0,13,1,0,105.0,98,45,40,12,37,0,129,8,0,0,441,1.286,8.4,1.0,3.2,11.1,3.49,2.3,0.6
41,Michael Baumann\player.fcgi?id=bauman000mik,BAL,24,3,6,.333,4.91,19,16,1,0,0,3,0,0,84.1,83,47,46,7,51,0,91,9,0,3,388,1.589,8.9,0.7,5.4,9.7,1.78,1.1,-0.4
42,Cam Bedrosian\bedroca01,LAA,28,2,1,.667,3.41,57,13,16,0,0,0,1,3,60.2,33,23,23,6,21,1,59,1,0,2,234,0.890,4.9,0.9,3.1,8.8,2.81,0.9,1.2
43,Jose Berrios\berrijo01,MIN,26,12,10,.545,4.03,34,34,0,1,0,17,0,0,205.1,194,96,92,29,46,0,206,12,0,13,849,1.169,8.5,1.3,2.0,9.0,4.48,3.6,-0.9
44,Dellin Betances\betande01,NYM,32,3,5,.375,5.57,61,0,12,0,0,0,3,12,53.1,41,35,33,5,33,1,68,2,0,3,234,1.388,6.9,0.8,5.6,11.5,2.06,0.4,-0.7
45,Joe Biagini\biagijo01,HOU,30,3,2,.600,4.54,23,0,11,0,0,0,2,0,33.2,34,19,17,7,15,3,36,1,0,0,146,1.455,9.1,1.9,4.0,9.6,2.40,-0.2,-0.3
46,Shane Bieber\biebesh01,CLE,25,20,8,.714,3.65,33,33,0,0,0,20,0,0,214.2,199,98,87,31,22,0,218,6,1,6,862,1.030,8.3,1.3,0.9,9.1,9.91,4.8,1.0
47,Ray Black\blackra01,MIL,30,2,1,.667,3.52,57,2,12,0,0,0,0,6,46.0,29,21,18,7,39,4,63,2,0,4,208,1.478,5.7,1.4,7.6,12.3,1.62,-0.2,-0.7
48,Richard Bleier\bleieri01,BAL,33,3,2,.600,5.78,83,0,15,0,0,0,1,14,90.1,119,60,58,15,19,6,53,5,0,1,400,1.528,11.9,1.5,1.9,5.3,2.79,-0.3,-2.9
49,James Bourque\bourqja01,WSN,26,2,0,1.000,7.00,23,0,3,0,0,0,0,1,18.0,22,15,14,3,11,0,28,1,1,1,88,1.833,11.0,1.5,5.5,14.0,2.55,0.1,-0.1
50,Matthew Boyd\boydma01,DET,29,9,16,.360,4.34,34,34,0,1,0,19,0,0,205.1,196,107,99,37,57,1,216,6,1,13,867,1.232,8.6,1.6,2.5,9.5,3.79,2.5,-0.9
51,Brad Brach\brachbr01,NYM,34,1,1,.500,3.83,53,0,13,0,0,0,2,2,54.0,50,23,23,6,27,2,35,3,0,3,236,1.426,8.3,1.0,4.5,5.8,1.30,-0.4,-0.4
52,Silvino Bracho\brachsi01,ARI,27,2,0,1.000,4.71,30,0,8,0,0,0,0,5,36.1,34,19,19,9,22,7,51,1,0,2,163,1.541,8.4,2.2,5.4,12.6,2.32,-0.2,-0.6
53,Archie Bradley\bradlar01,ARI,27,2,3,.400,2.38,55,0,41,0,0,0,31,4,53.0,37,15,14,1,23,1,79,0,0,1,215,1.132,6.3,0.2,3.9,13.4,3.43,2.7,2.6
54,Ryan Brasier\brasiry01,BOS,32,0,1,.000,4.98,29,0,4,0,0,0,1,8,43.1,39,25,24,4,18,1,35,2,0,1,187,1.315,8.1,0.8,3.7,7.3,1.94,0.2,0.1
55,Steven Brault\braulst01,PIT,28,0,0,,4.15,2,0,0,0,0,0,0,0,4.1,3,2,2,2,0,0,7,1,0,0,17,0.692,6.2,4.2,0.0,14.5,,-0.1,-0.1
56,John Brebbia\brebbjo01,STL,30,2,1,.667,3.11,80,0,19,0,0,0,3,19,72.1,57,25,25,10,20,0,80,2,0,1,287,1.065,7.1,1.2,2.5,10.0,4.00,0.6,0.6
57,Brandon Brennan\brennbr01,SEA,28,2,1,.667,4.41,14,1,7,0,0,0,1,0,16.1,15,8,8,1,8,0,13,0,0,0,69,1.408,8.3,0.6,4.4,7.2,1.63,0.1,0.3
58,Colten Brewer\breweco01,BOS,27,0,1,.000,3.92,13,0,3,0,0,0,0,1,20.2,14,9,9,0,14,1,19,1,0,0,87,1.355,6.1,0.0,6.1,8.3,1.36,0.3,0.2
59,Jeff Brigham\brighje01,MIA,28,3,1,.750,5.93,34,0,10,0,0,0,1,6,41.0,47,29,27,10,20,1,43,4,0,2,183,1.634,10.3,2.2,4.4,9.4,2.15,-0.8,-1.3
60,Zack Britton\brittza01,NYY,32,6,3,.667,4.47,54,0,15,0,0,0,1,7,58.1,65,31,29,2,28,1,66,0,0,4,263,1.594,10.0,0.3,4.3,10.2,2.36,1.4,-3.3
61,Rex Brothers\brothre01,STL,32,0,0,,0.00,1,0,0,0,0,0,0,0,1.2,1,0,0,0,0,0,3,0,0,0,5,0.600,5.4,0.0,0.0,16.2,,0.1,0.1
62,Jaycob Brugman\brugmja01,CHW,28,0,0,,0.00,2,0,2,0,0,0,0,0,1.1,0,0,0,0,2,0,2,0,0,0,6,1.500,0.0,0.0,13.5,13.5,1.00,-0.0,0.0
63,Clay Buchholz\buchhcl01,CLE,35,1,1,.500,5.04,4,4,0,0,0,1,0,0,25.0,28,14,14,3,5,0,20,1,0,3,109,1.320,10.1,1.1,1.8,7.2,4.00,0.4,-0.0
64,Walker Buehler\buehlwa01,LAD,25,15,5,.750,2.28,33,33,0,0,0,24,0,0,205.1,138,54,52,21,35,0,278,14,1,5,786,0.843,6.0,0.9,1.5,12.2,7.94,7.1,3.8
65,Madison Bumgarner\bumgama01,ARI,30,10,13,.435,4.56,34,34,0,4,3,19,0,0,209.0,205,109,106,30,50,14,199,11,1,6,870,1.220,8.8,1.3,2.2,8.6,3.98,3.8,0.3
66,Aaron Bummer\bummeaa01,CHW,26,3,9,.250,4.88,61,0,46,0,0,0,27,7,55.1,46,35,30,12,28,2,58,1,0,0,239,1.337,7.5,2.0,4.6,9.4,2.07,-1.0,-3.6
67,Dylan Bundy\bundydy01,LAA,27,3,7,.300,5.64,43,1,7,0,0,1,0,1,118.0,130,79,74,33,43,0,135,2,2,3,521,1.466,9.9,2.5,3.3,10.3,3.14,-1.6,-2.4
68,Nick Burdi\burdini01,PIT,27,4,3,.571,4.85,61,0,34,0,0,0,26,11,55.2,56,32,30,5,35,4,61,4,0,2,258,1.635,9.1,0.8,5.7,9.9,1.74,0.4,1.7
69,Corbin Burnes\burneco01,MIL,25,8,5,.615,4.29,90,3,20,0,0,0,3,16,79.2,66,38,38,10,44,5,115,1,1,3,345,1.381,7.5,1.1,5.0,13.0,2.61,1.1,0.3
70,Matt Bush\bushma01,TOR,34,0,0,,4.26,4,0,1,0,0,0,0,1,6.1,6,3,3,0,3,0,6,0,0,0,28,1.421,8.5,0.0,4.3,8.5,2.00,0.1,0.2
71,Ty Buttrey\buttrty01,LAA,27,3,4,.429,3.04,60,0,19,0,0,0,4,10,56.1,49,22,19,5,22,2,56,4,0,2,239,1.260,7.8,0.8,3.5,8.9,2.55,0.7,-0.1
72,Edward Cabrera\player.fcgi?id=cabrer004edw,MIA,22,0,0,,7.71,3,0,0,0,0,0,0,1,4.2,7,4,4,0,0,0,8,2,0,0,23,1.500,13.5,0.0,0.0,15.4,,0.2,0.1
73,Trevor Cahill\cahiltr01,SFG,32,3,2,.600,3.86,16,6,4,0,0,2,0,0,46.2,47,21,20,5,20,0,40,4,0,3,205,1.436,9.1,1.0,3.9,7.7,2.00,0.2,-0.2
74,Trevor Cahill\cahiltr01,BOS,32,6,4,.600,4.49,17,17,0,1,1,9,0,0,102.1,105,53,51,12,44,3,88,1,0,6,444,1.456,9.2,1.1,3.9,7.7,2.00,1.4,-0.4
75,Griffin Canning\cannigr01,LAA,24,8,6,.571,7.14,18,18,0,0,0,5,0,0,85.2,92,70,68,26,30,0,79,11,0,1,382,1.424,9.7,2.7,3.2,8.3,2.63,-1.3,-2.7
76,Carlos Carrasco\carraca01,CLE,33,10,10,.500,4.40,29,29,0,2,1,17,0,0,180.0,171,91,88,37,29,0,206,6,0,5,740,1.111,8.6,1.9,1.5,10.3,7.10,2.4,-1.1
77,Diego Castillo\castidi01,TBR,26,3,4,.429,3.47,77,0,24,0,0,0,7,20,57.0,47,25,22,7,28,0,72,3,0,2,243,1.316,7.4,1.1,4.4,11.4,2.57,0.4,0.2
78,Luis Castillo\castilu02,CIN,27,12,11,.522,3.87,32,32,0,1,1,18,0,0,204.2,191,97,88,29,60,0,200,9,0,5,853,1.226,8.4,1.3,2.6,8.8,3.33,3.0,1.2
79,Miguel Castro\castrmi01,BAL,25,0,5,.000,5.92,76,0,15,0,0,0,0,7,73.0,79,49,48,12,50,0,69,2,2,6,344,1.767,9.7,1.5,6.2,8.5,1.38,-0.9,-2.0
80,Dylan Cease\ceasedy01,CHW,24,8,10,.444,4.27,32,32,0,0,0,5,0,0,151.2,126,75,72,22,72,0,214,9,1,7,646,1.305,7.5,1.3,4.3,12.7,2.97,2.5,-0.1
81,Blake Cederlind\cederbl01,PIT,24,0,3,.000,4.73,13,0,2,0,0,0,0,5,13.1,14,7,7,0,11,3,17,3,0,0,65,1.875,9.5,0.0,7.4,11.5,1.55,0.3,-0.7
82,Andrew Chafin\chafian01,ARI,30,2,4,.333,2.73,34,0,14,0,0,0,5,11,29.2,22,9,9,2,16,5,40,2,0,2,129,1.281,6.7,0.6,4.9,12.1,2.50,0.9,-0.1
83,Andrew Chafin\chafian01,WSN,30,3,1,.750,4.81,32,0,5,0,0,0,2,6,24.1,31,15,13,0,7,0,22,2,0,1,110,1.562,11.5,0.0,2.6,8.1,3.14,0.7,0.2
84,Aroldis Chapman\chapmar01,NYY,32,1,2,.333,2.10,57,0,48,0,0,0,35,4,55.2,31,15,13,3,25,0,86,2,0,2,216,1.006,5.0,0.5,4.0,13.9,3.44,2.0,3.7
85,Tyler Chatwood\chatwty01,CHC,30,3,15,.167,5.93,32,32,0,1,0,8,0,0,153.1,173,110,101,16,115,14,104,5,1,6,723,1.878,10.2,0.9,6.8,6.1,0.90,0.2,-4.3
86,Jesse Chavez\chaveje01,TEX,36,0,0,,13.50,1,0,0,0,0,0,0,0,1.1,3,2,2,0,0,0,0,0,0,0,7,2.250,20.3,0.0,0.0,0.0,,0.0,-0.0
87,Wei-Yin Chen\chenwe02,SEA,34,3,5,.375,6.14,12,7,0,0,0,2,0,0,48.1,54,35,33,7,16,0,35,2,0,2,212,1.448,10.1,1.3,3.0,6.5,2.19,0.2,-0.5
88,Yonny Chirinos\chiriyo01,TBR,26,9,7,.563,4.51,26,18,3,0,0,6,0,0,115.2,130,59,58,18,31,0,101,13,0,4,505,1.392,10.1,1.4,2.4,7.9,3.26,0.7,-1.0
89,Tony Cingrani\cingrto01,CHW,30,3,4,.429,5.97,61,0,12,0,0,0,1,9,63.1,72,45,42,10,28,1,63,5,0,0,292,1.579,10.2,1.4,4.0,9.0,2.25,-0.3,-0.7
90,Steve Cishek\cishest01,CHW,34,2,1,.667,4.75,36,0,12,0,0,0,1,6,36.0,31,20,19,7,12,1,37,6,0,1,153,1.194,7.8,1.8,3.0,9.3,3.08,-0.3,0.5
91,Jose Cisnero\cisnejo01,DET,31,0,2,.000,27.00,2,0,0,0,0,0,0,0,1.1,4,5,4,2,2,0,1,0,0,0,11,4.500,27.0,13.5,13.5,6.8,0.50,-0.4,-0.7
92,Aaron Civale\civalaa01,CLE,25,16,8,.667,4.03,32,32,0,0,0,16,0,0,203.1,215,94,91,26,46,0,151,8,0,5,859,1.284,9.5,1.2,2.0,6.7,3.28,2.7,0.6
93,Emmanuel Clase\claseem01,CLE,22,4,2,.667,3.41,37,0,13,0,0,0,4,10,31.2,32,12,12,3,12,0,34,2,1,2,139,1.389,9.1,0.9,3.4,9.7,2.83,0.4,1.2
94,Alex Claudio\claudal01,MIL,28,2,5,.286,3.95,83,0,17,0,0,0,1,18,70.2,88,33,31,2,25,9,45,5,3,3,319,1.599,11.2,0.3,3.2,5.7,1.80,1.1,-1.0
95,Mike Clevinger\clevimi01,CLE,29,8,9,.471,4.83,29,29,0,2,2,13,0,0,154.2,153,87,83,26,62,1,185,5,1,3,673,1.390,8.9,1.5,3.6,10.8,2.98,1.9,-1.8
96,Tyler Clippard\clippty01,MIN,35,4,1,.800,5.47,47,0,14,0,0,0,0,5,49.1,56,35,30,13,23,1,49,1,1,4,224,1.601,10.2,2.4,4.2,8.9,2.13,-0.9,-0.1
97,Alex Cobb\cobbal01,BAL,32,8,16,.333,6.72,34,34,0,0,0,6,0,0,158.0,210,124,118,44,54,0,88,7,0,4,714,1.671,12.0,2.5,3.1,5.0,1.63,-2.3,-4.9
98,Gerrit Cole\colege01,NYY,29,18,5,.783,3.02,32,32,0,0,0,23,0,0,214.1,189,74,72,29,48,0,283,2,0,9,871,1.106,7.9,1.2,2.0,11.9,5.90,6.0,3.0
99,Alex Colome\colomal01,CHW,31,3,5,.375,5.43,69,0,25,0,0,0,6,15,64.2,85,42,39,12,22,3,58,1,1,3,294,1.655,11.8,1.7,3.1,8.1,2.64,-0.3,-2.8
100,Brett Conine\player.fcgi?id=conine000bre,HOU,23,3,0,1.000,5.40,20,0,5,0,0,0,0,1,36.2,39,25,22,5,20,0,33,2,0,4,171,1.609,9.6,1.2,4.9,8.1,1.65,-0.2,-0.1
101,Adam Conley\conlead01,MIA,30,1,1,.500,5.45,27,0,11,0,0,0,1,3,39.2,42,26,24,3,16,1,33,4,0,0,175,1.462,9.5,0.7,3.6,7.5,2.06,0.2,-0.0
102,Patrick Corbin\corbipa01,WSN,30,8,9,.471,4.32,31,31,0,0,0,13,0,0,168.2,161,90,81,29,56,0,191,4,1,6,713,1.287,8.6,1.5,3.0,10.2,3.41,2.4,-1.0
103,Nestor Cortes Jr.\cortene01,SEA,25,4,3,.571,3.82,17,1,0,0,0,1,0,0,77.2,69,35,33,12,20,0,77,3,0,1,321,1.146,8.0,1.4,2.3,8.9,3.85,0.3,0.1
104,Jharel Cotton\cottojh01,CHC,28,4,8,.333,6.36,39,19,8,0,0,3,0,0,103.1,116,76,73,22,43,2,97,6,1,5,468,1.539,10.1,1.9,3.7,8.4,2.26,-0.3,-2.4
105,Kyle Crick\crickky01,PIT,27,1,4,.200,3.79,59,0,15,0,0,0,4,9,57.0,56,25,24,6,40,7,56,3,0,4,267,1.684,8.8,0.9,6.3,8.8,1.40,-0.0,-0.5
106,Johnny Cueto\cuetojo01,SFG,34,7,17,.292,4.54,34,34,0,3,3,16,0,0,226.0,243,119,114,32,48,1,171,11,1,6,943,1.288,9.7,1.3,1.9,6.8,3.56,2.3,-1.1
107,Yu Darvish\darviyu01,CHC,33,12,14,.462,5.33,33,33,0,0,0,8,0,0,169.0,163,109,100,23,74,13,150,8,2,19,734,1.402,8.7,1.2,3.9,8.0,2.03,1.9,-3.6
108,Zach Davies\davieza02,SDP,27,7,9,.438,3.75,25,25,0,1,1,11,0,0,139.1,141,58,58,18,33,0,96,3,2,4,577,1.249,9.1,1.2,2.1,6.2,2.91,1.5,1.0
109,Chris Davis\davisch02,BAL,34,0,0,,inf,1,0,0,0,0,0,0,0,0.0,4,4,4,1,0,0,0,0,0,1,4,,,,,,,0.0,-0.0
110,Wade Davis\daviswa01,COL,34,4,2,.667,4.15,56,0,10,0,0,0,2,10,65.0,55,31,30,8,39,6,64,3,1,6,285,1.446,7.6,1.1,5.4,8.9,1.64,0.3,1.2
111,Grant Dayton\daytogr01,ATL,32,0,1,.000,3.99,32,0,10,0,0,0,0,4,38.1,28,17,17,10,20,1,53,2,0,2,164,1.252,6.6,2.3,4.7,12.4,2.65,-0.4,-0.6
112,Oscar De La Cruz\player.fcgi?id=delacr000osc,CHC,25,0,1,.000,3.35,37,0,6,0,0,0,1,2,43.0,35,18,16,0,20,3,59,2,0,0,183,1.279,7.3,0.0,4.2,12.3,2.95,1.4,-0.3
113,Jose De Leon\deleojo03,CIN,27,1,0,1.000,3.46,2,2,0,0,0,1,0,0,13.0,7,5,5,2,6,0,14,1,0,0,51,1.000,4.8,1.4,4.2,9.7,2.33,0.1,-0.1
114,Ethan DeCaster\player.fcgi?id=decast000eth,DET,25,0,2,.000,5.51,36,0,14,0,0,0,2,2,47.1,57,29,29,2,8,1,43,5,0,4,208,1.373,10.8,0.4,1.5,8.2,5.38,1.0,-0.5
115,Jacob deGrom\degroja01,NYM,32,13,14,.481,2.67,34,34,0,1,1,26,0,0,222.1,177,73,66,25,55,0,250,7,0,6,895,1.043,7.2,1.0,2.2,10.1,4.55,5.1,3.1
116,Anthony DeSclafani\desclan01,CIN,30,0,8,.000,8.39,16,16,0,0,0,3,0,0,78.1,104,75,73,21,31,0,70,2,1,2,366,1.723,11.9,2.4,3.6,8.0,2.26,-0.6,-3.1
117,Anthony DeSclafani\desclan01,BOS,30,3,6,.333,5.93,15,15,0,0,0,5,0,0,88.0,96,63,58,20,24,4,88,1,0,7,384,1.364,9.8,2.0,2.5,9.0,3.67,0.6,-1.6
118,Chris Devenski\devench02,HOU,29,3,1,.750,6.00,17,0,9,0,0,0,1,1,24.0,22,16,16,5,3,2,22,1,0,2,95,1.042,8.3,1.9,1.1,8.3,7.33,0.0,-0.2
119,Edwin Diaz\diazed04,NYM,26,3,4,.429,2.16,64,0,38,0,0,0,24,7,58.1,41,14,14,5,27,4,92,1,0,1,241,1.166,6.3,0.8,4.2,14.2,3.41,2.0,1.9
120,Elias Diaz\diazel01,COL,29,0,0,,40.50,1,0,0,0,0,0,0,0,0.2,3,3,3,0,3,0,1,0,0,0,8,9.000,40.5,0.0,40.5,13.5,0.33,-0.1,0.0
121,Jairo Diaz\diazja01,COL,29,8,6,.571,3.69,64,0,52,0,0,0,35,2,61.0,58,25,25,4,40,9,75,6,1,8,277,1.607,8.6,0.6,5.9,11.1,1.88,1.6,-0.6
122,Miguel Diaz\diazmi02,SDP,25,4,0,1.000,4.61,25,0,3,0,0,0,0,2,27.1,23,14,14,3,13,0,45,0,2,0,116,1.317,7.6,1.0,4.3,14.8,3.46,0.5,-0.1
123,Yennsy Diaz\diazye01,TOR,23,0,0,,0.00,1,0,0,0,0,0,0,0,0.1,1,0,0,0,0,0,0,0,0,0,2,3.000,27.0,0.0,0.0,0.0,,0.0,0.0
124,Jake Diekman\diekmja01,OAK,33,6,4,.600,2.43,43,0,14,0,0,0,7,12,40.2,19,12,11,2,30,3,65,4,0,1,173,1.205,4.2,0.4,6.6,14.4,2.17,1.1,0.7
125,Nick Dini\dinini01,KCR,26,0,0,,0.00,1,0,1,0,0,0,0,0,0.2,0,0,0,0,1,0,0,0,0,0,3,1.500,0.0,0.0,13.5,0.0,0.00,-0.0,0.0
126,Randy Dobnak\dobnara01,MIN,25,6,2,.750,4.81,17,9,3,0,0,3,0,0,58.0,60,33,31,7,15,0,43,8,1,2,249,1.293,9.3,1.1,2.3,6.7,2.87,0.5,0.5
127,Rafael Dolis\dolisra01,TOR,32,4,9,.308,6.37,70,0,23,0,0,0,8,7,65.0,90,54,46,10,27,3,46,5,0,1,311,1.800,12.5,1.4,3.7,6.4,1.70,-0.6,-3.5
128,Seranthony Dominguez\dominse01,PHI,25,5,4,.556,3.91,57,0,14,0,0,0,3,16,48.1,31,22,21,6,35,1,71,4,0,2,213,1.366,5.8,1.1,6.5,13.2,2.03,0.2,-0.6
129,Sean Doolittle\doolise01,WSN,33,2,7,.222,3.98,75,0,46,0,0,0,30,13,61.0,70,30,27,7,12,3,53,1,1,2,259,1.344,10.3,1.0,1.8,7.8,4.42,1.2,-0.5
130,Oliver Drake\drakeol01,TBR,33,1,1,.500,3.86,56,0,12,0,0,0,1,5,58.1,55,25,25,10,18,0,69,0,0,0,241,1.251,8.5,1.5,2.8,10.6,3.83,0.3,0.6
131,Brandon Drury\drurybr01,TOR,27,0,0,,0.00,1,0,0,0,0,0,0,0,2.0,1,0,0,0,2,0,1,0,0,0,8,1.500,4.5,0.0,9.0,4.5,0.50,-0.0,-0.0
132,Tyler Duffey\duffety01,MIN,29,7,1,.875,2.76,59,0,33,0,0,0,9,7,62.0,42,19,19,8,21,2,76,3,1,1,253,1.016,6.1,1.2,3.0,11.0,3.62,0.9,0.8
133,Danny Duffy\duffyda01,KCR,31,9,16,.360,5.54,33,33,0,1,0,9,0,0,169.0,201,112,104,26,62,0,124,4,2,5,756,1.556,10.7,1.4,3.3,6.6,2.00,0.9,-2.7
134,Justin Dunn\dunnju01,SEA,24,0,0,,0.79,9,0,2,0,0,0,0,0,11.1,6,1,1,0,4,0,17,1,0,1,44,0.882,4.8,0.0,3.2,13.5,4.25,0.4,0.0
135,Carl Edwards Jr.\edwarca01,SEA,28,4,5,.444,4.39,62,12,11,0,0,0,3,13,53.1,39,27,26,8,36,0,84,4,0,1,236,1.406,6.6,1.4,6.1,14.2,2.33,0.3,1.3
136,Roenis Elias\eliasro01,WSN,31,4,2,.667,4.20,47,15,10,0,0,0,1,2,45.0,40,22,21,6,31,0,44,4,0,1,206,1.578,8.0,1.2,6.2,8.8,1.42,-0.1,0.2
137,Nathan Eovaldi\eovalna01,BOS,30,3,12,.200,7.75,35,17,9,0,0,4,0,0,117.1,159,102,101,30,51,6,123,0,0,4,547,1.790,12.2,2.3,3.9,9.4,2.41,-0.5,-3.9
138,Robbie Erlin\erlinro01,MIA,29,2,1,.667,4.47,26,0,10,0,0,0,0,0,48.1,50,24,24,10,8,0,32,1,0,2,202,1.200,9.3,1.9,1.5,6.0,4.00,-0.5,-0.1
139,Robbie Erlin\erlinro01,PIT,29,0,0,,3.81,15,0,3,0,0,0,0,0,26.0,26,12,11,3,4,1,18,0,0,0,106,1.154,9.0,1.0,1.4,6.2,4.50,0.2,-0.1
140,Carlos Estevez\estevca01,COL,27,5,4,.556,5.05,58,0,13,0,0,0,0,14,67.2,69,39,38,8,36,5,78,2,0,1,302,1.552,9.2,1.1,4.8,10.4,2.17,0.8,-1.0
141,Demarcus Evans\evansde01,TEX,23,0,0,,5.40,7,0,0,0,0,0,0,0,8.1,5,5,5,0,8,0,13,1,0,1,39,1.560,5.4,0.0,8.6,14.0,1.63,0.1,-0.0
142,Tommy Eveld\player.fcgi?id=eveld-000tom,MIA,26,3,0,1.000,5.45,31,0,10,0,0,0,1,4,36.1,33,22,22,0,21,0,30,1,1,2,160,1.486,8.2,0.0,5.2,7.4,1.43,0.4,-0.6
143,Pete Fairbanks\fairbpe01,TBR,26,4,3,.571,3.35,47,0,14,0,0,0,2,5,51.0,36,20,19,6,17,1,70,2,1,1,207,1.039,6.4,1.1,3.0,12.4,4.12,0.8,-0.4
144,Jeurys Familia\familje01,NYM,30,3,4,.429,3.79,65,0,21,0,0,0,3,5,54.2,45,23,23,3,30,2,46,2,0,0,229,1.372,7.4,0.5,4.9,7.6,1.53,0.3,0.1
145,Buck Farmer\farmebu01,DET,29,4,2,.667,2.54,49,0,20,0,0,0,1,7,63.2,49,20,18,6,27,2,65,2,1,1,260,1.194,6.9,0.8,3.8,9.2,2.41,0.7,0.9
146,Luke Farrell\farrelu01,TEX,29,0,0,,6.97,8,0,3,0,0,0,0,0,10.1,16,8,8,2,8,0,16,0,0,2,53,2.323,13.9,1.7,7.0,13.9,2.00,-0.1,-0.2
147,Michael Feliz\felizmi01,PIT,27,4,7,.364,3.84,71,0,10,0,0,0,0,13,70.1,46,31,30,4,50,6,88,1,0,3,304,1.365,5.9,0.5,6.4,11.3,1.76,1.1,0.1
148,Durbin Feltman\player.fcgi?id=feltma000dur,BOS,23,0,0,,7.11,4,0,1,0,0,0,0,0,6.1,10,5,5,3,2,0,8,0,1,0,30,1.895,14.2,4.3,2.8,11.4,4.00,-0.2,-0.1
149,Caleb Ferguson\ferguca01,LAD,23,9,5,.643,3.57,61,5,22,0,0,0,6,11,75.2,61,30,30,8,24,0,110,4,1,4,306,1.123,7.3,1.0,2.9,13.1,4.58,1.9,1.1
150,Junior Fernandez\fernaju01,STL,23,0,0,,1.80,4,0,0,0,0,0,0,2,5.0,3,1,1,1,1,0,5,2,0,0,21,0.800,5.4,1.8,1.8,9.0,5.00,-0.1,0.3
151,J.P. Feyereisen\feyerjo01,MIL,27,1,2,.333,6.23,53,0,5,0,0,0,1,6,43.1,45,33,30,2,35,3,48,4,0,0,212,1.846,9.3,0.4,7.3,10.0,1.37,0.2,-0.3
152,Josh Fields\fieldjo03,PHI,34,2,0,1.000,2.23,31,0,13,0,0,0,2,1,32.1,28,8,8,1,9,1,22,0,0,1,127,1.144,7.8,0.3,2.5,6.1,2.44,0.6,1.0
153,Josh Fields\fieldjo03,CLE,34,0,0,,4.00,9,0,4,0,0,0,0,0,9.0,10,4,4,1,5,0,12,0,0,0,40,1.667,10.0,1.0,5.0,12.0,2.40,0.1,-0.4
154,Mike Fiers\fiersmi01,OAK,35,0,0,,6.75,4,0,0,0,0,0,0,0,21.1,29,16,16,6,10,0,12,2,0,2,104,1.828,12.2,2.5,4.2,5.1,1.20,-0.7,-0.1
155,Derek Fisher\fishede01,TOR,26,0,0,,9.00,1,0,1,0,0,0,0,0,1.0,2,1,1,0,0,0,2,0,0,1,5,2.000,18.0,0.0,0.0,18.0,,0.1,-0.0
156,Jack Flaherty\flaheja01,STL,24,10,9,.526,3.40,33,33,0,0,0,16,0,0,198.1,151,78,75,19,49,0,245,9,0,10,794,1.008,6.9,0.9,2.2,11.1,5.00,5.9,2.7
157,Bernardo Flores Jr.\florebe01,CHW,24,1,0,1.000,3.60,11,0,0,0,0,0,0,0,20.0,25,10,8,2,7,1,19,1,0,1,93,1.600,11.3,0.9,3.2,8.6,2.71,0.2,-0.1
158,Mike Foltynewicz\foltymi01,ATL,28,7,8,.467,4.98,34,31,0,0,0,10,0,1,164.1,192,102,91,30,58,4,141,6,0,12,731,1.521,10.5,1.6,3.2,7.7,2.43,0.7,-2.2
159,Wilmer Font\fontwi01,TOR,30,2,3,.400,6.27,54,0,19,0,0,0,2,1,79.0,78,57,55,23,26,0,92,2,0,3,338,1.316,8.9,2.6,3.0,10.5,3.54,-1.1,-0.3
160,Matt Foster\fostema01,CHW,25,0,0,,3.38,13,0,3,0,0,0,0,2,18.2,14,7,7,5,6,1,26,0,0,3,75,1.071,6.8,2.4,2.9,12.5,4.33,-0.1,0.1
161,Kyle Freeland\freelky01,COL,27,9,10,.474,5.73,32,32,0,1,1,12,0,0,177.1,216,116,113,28,89,8,132,7,2,6,811,1.720,11.0,1.4,4.5,6.7,1.48,1.0,-3.0
162,Max Fried\friedma01,ATL,26,14,9,.609,3.12,33,33,0,0,0,20,0,0,196.0,173,75,68,13,53,2,185,6,2,5,796,1.153,7.9,0.6,2.4,8.5,3.49,5.4,1.4
163,Christian Friedrich\friedch01,CHW,32,2,3,.400,4.91,29,0,7,0,0,0,0,1,51.1,54,28,28,13,22,0,59,1,1,0,228,1.481,9.5,2.3,3.9,10.3,2.68,-0.7,-1.2
164,Jace Fry\fryja01,CHW,26,0,0,,4.91,4,0,1,0,0,0,1,0,3.2,3,2,2,0,2,0,6,2,0,1,16,1.364,7.4,0.0,4.9,14.7,3.00,0.1,0.3
165,Paul Fry\frypa01,BAL,27,0,0,,0.00,5,0,1,0,0,0,0,2,4.0,3,0,0,0,0,0,4,1,0,0,16,0.750,6.8,0.0,0.0,9.0,,0.1,-0.2
166,Carson Fulmer\fulmeca01,CHW,26,1,0,1.000,4.50,3,0,1,0,0,0,0,0,4.0,4,4,2,0,2,0,4,0,0,1,20,1.500,9.0,0.0,4.5,9.0,2.00,0.1,-0.1
167,Michael Fulmer\fulmemi01,DET,27,0,1,.000,3.25,18,2,8,0,0,1,1,3,36.0,27,14,13,2,15,2,28,1,0,4,147,1.167,6.8,0.5,3.8,7.0,1.87,0.5,0.4
168,Giovanny Gallegos\gallegi01,STL,28,3,7,.300,3.03,75,0,55,0,0,0,43,6,71.1,55,24,24,12,11,1,91,3,0,0,276,0.925,6.9,1.5,1.4,11.5,8.27,1.3,0.6
169,Zac Gallen\galleza01,ARI,24,6,16,.273,4.94,32,32,0,0,0,13,0,0,182.1,187,102,100,29,73,16,200,7,2,9,794,1.426,9.2,1.4,3.6,9.9,2.74,2.7,-2.4
170,John Gant\gantjo01,STL,27,3,5,.375,3.34,66,0,17,0,0,0,3,5,59.1,54,23,22,4,30,0,57,0,1,4,253,1.416,8.2,0.6,4.6,8.6,1.90,0.6,0.3
171,Bryan Garcia\garcibr01,DET,25,3,1,.750,4.50,32,0,9,0,0,0,1,5,36.0,40,21,18,7,20,0,38,2,0,2,169,1.667,10.0,1.8,5.0,9.5,1.90,-0.4,-1.6
172,Deivi Garcia\garcide01,NYY,21,3,3,.500,3.46,33,0,10,0,0,0,0,9,41.2,31,20,16,9,13,1,54,0,0,3,164,1.056,6.7,1.9,2.8,11.7,4.15,0.1,-0.4
173,Jarlin Garcia\garcija04,BOS,27,1,3,.250,4.94,15,0,7,0,0,0,0,1,23.2,21,13,13,7,8,2,17,1,0,0,98,1.225,8.0,2.7,3.0,6.5,2.13,-0.5,-0.4
174,Luis Garcia\garcilu03,TEX,33,2,4,.333,5.21,49,0,9,0,0,0,1,8,57.0,70,37,33,8,24,1,48,3,1,1,264,1.649,11.1,1.3,3.8,7.6,2.00,-0.2,-0.9
175,Rony Garcia\garciro03,DET,22,1,0,1.000,0.00,4,0,1,0,0,0,0,0,7.2,4,0,0,0,2,0,9,0,0,1,29,0.783,4.7,0.0,2.3,10.6,4.50,0.3,0.1
176,Rony Garcia\garciro03,NYY,22,2,1,.667,4.56,5,3,0,0,0,1,0,0,23.2,23,12,12,3,10,0,16,0,0,0,98,1.394,8.7,1.1,3.8,6.1,1.60,0.1,-0.0
177,Yimi Garcia\garciyi01,MIA,29,4,1,.800,4.60,47,0,13,0,0,0,0,4,62.2,66,32,32,12,15,0,56,3,0,2,268,1.293,9.5,1.7,2.2,8.0,3.73,-0.3,0.6
178,Amir Garrett\garream01,CIN,28,1,1,.500,5.93,49,0,10,0,0,0,0,2,54.2,50,37,36,11,23,0,82,1,0,3,239,1.335,8.2,1.8,3.8,13.5,3.57,0.2,-0.0
179,Kevin Gausman\gausmke01,WSN,29,12,8,.600,4.49,27,27,0,0,0,16,0,0,162.1,174,83,81,28,26,0,134,5,0,9,672,1.232,9.6,1.6,1.4,7.4,5.15,2.1,-1.0
180,Kevin Gausman\gausmke01,SFG,29,1,3,.250,2.25,6,6,0,1,0,5,0,0,44.0,38,11,11,1,11,0,44,3,0,2,178,1.114,7.8,0.2,2.3,9.0,4.00,1.5,1.0
181,Sam Gaviglio\gavigsa01,TOR,30,1,0,1.000,6.14,12,0,1,0,0,0,0,3,14.2,17,10,10,6,6,0,13,1,0,2,65,1.568,10.4,3.7,3.7,8.0,2.17,-0.7,-0.0
182,Sam Gaviglio\gavigsa01,MIA,30,0,1,.000,3.94,12,0,4,0,0,0,0,0,16.0,20,7,7,1,5,1,19,1,0,2,71,1.563,11.3,0.6,2.8,10.7,3.80,0.3,-0.4
183,Domingo German\germado01,NYY,27,0,0,,3.38,7,0,3,0,0,0,0,0,10.2,12,5,4,0,2,0,9,1,0,1,46,1.313,10.1,0.0,1.7,7.6,4.50,0.3,0.0
184,Kyle Gibson\gibsoky01,TEX,32,5,18,.217,5.40,31,31,0,1,0,11,0,0,166.2,193,110,100,26,66,1,128,13,0,2,745,1.554,10.4,1.4,3.6,6.9,1.94,0.5,-2.4
185,Ken Giles\gileske01,TOR,29,1,3,.250,6.47,38,0,23,0,0,0,19,3,32.0,28,23,23,6,18,0,44,0,0,1,140,1.438,7.9,1.7,5.1,12.4,2.44,-0.1,-1.0
186,Ken Giles\gileske01,MIL,29,2,5,.286,6.12,34,0,7,0,0,0,1,7,25.0,28,19,17,6,10,2,31,1,0,0,118,1.520,10.1,2.2,3.6,11.2,3.10,-0.2,-2.5
187,Kevin Ginkel\ginkeke01,ARI,26,2,2,.500,3.67,49,0,12,0,0,0,2,9,54.0,37,22,22,6,40,8,66,3,0,3,234,1.426,6.2,1.0,6.7,11.0,1.65,0.3,1.0
188,Lucas Giolito\giolilu01,CHW,25,13,9,.591,3.40,34,34,0,0,0,14,0,0,187.2,154,74,71,32,45,0,277,4,1,13,753,1.060,7.4,1.5,2.2,13.3,6.16,4.6,1.6
189,Mychal Givens\givenmy01,LAD,30,2,0,1.000,2.61,26,0,11,0,0,0,1,3,38.0,31,14,11,3,9,0,46,0,0,1,154,1.053,7.3,0.7,2.1,10.9,5.11,0.9,0.5
190,Mychal Givens\givenmy01,BAL,30,1,5,.167,5.12,21,0,16,0,0,0,11,2,19.1,15,11,11,4,10,0,21,0,0,1,82,1.293,7.0,1.9,4.7,9.8,2.10,-0.2,-0.7
191,Tyler Glasnow\glasnty01,TBR,26,9,12,.429,3.91,34,34,0,1,1,13,0,0,188.2,148,87,82,26,78,0,242,3,0,8,786,1.198,7.1,1.2,3.7,11.5,3.10,3.4,0.1
192,Austin Gomber\gombeau01,STL,26,0,0,,10.80,3,0,1,0,0,0,0,0,1.2,4,2,2,1,0,0,0,0,0,1,9,2.400,21.6,5.4,0.0,0.0,,-0.1,-0.2
193,Marco Gonzales\gonzama02,SEA,28,12,12,.500,3.59,34,34,0,2,0,21,0,0,213.0,201,101,85,24,67,0,155,12,0,11,900,1.258,8.5,1.0,2.8,6.5,2.31,2.2,-0.4
194,Erik Gonzalez\gonzaer01,PIT,28,0,0,,5.40,1,0,0,0,0,0,0,0,1.2,1,1,1,0,2,0,1,0,0,0,8,1.800,5.4,0.0,10.8,5.4,0.50,-0.0,0.0
195,Gio Gonzalez\gonzagi01,CHW,34,3,2,.600,4.50,8,8,0,0,0,0,0,0,40.0,48,22,20,6,16,0,37,0,0,2,179,1.600,10.8,1.4,3.6,8.3,2.31,0.4,-0.6
196,Nick Goody\goodyni01,TEX,28,4,10,.286,5.10,65,0,32,0,0,0,13,7,60.0,56,34,34,6,35,5,67,1,0,3,266,1.517,8.4,0.9,5.3,10.1,1.91,0.6,-1.8
197,MacKenzie Gore\player.fcgi?id=gore--000mac,SDP,21,5,5,.500,3.50,29,22,0,0,0,8,0,1,139.0,100,58,54,13,57,0,142,6,1,9,569,1.129,6.5,0.8,3.7,9.2,2.49,2.3,1.2
198,Daniel Gossett\gosseda01,OAK,27,0,0,,162.00,2,0,0,0,0,0,0,0,0.1,4,6,6,1,2,0,0,1,0,0,8,18.000,108.0,27.0,54.0,0.0,0.00,-0.2,-0.2
199,Trevor Gott\gotttr01,SFG,27,3,7,.300,3.36,55,0,44,0,0,0,30,0,56.1,62,23,21,3,21,1,57,2,0,0,250,1.473,9.9,0.5,3.4,9.1,2.71,1.5,0.1
200,Brusdar Graterol\gratebr01,LAD,21,8,4,.667,3.22,42,20,4,0,0,3,0,4,131.1,98,53,47,7,53,0,136,8,3,5,538,1.150,6.7,0.5,3.6,9.3,2.57,2.9,1.0
201,Kendall Graveman\graveke01,SEA,29,13,11,.542,5.28,30,30,0,2,0,14,0,0,175.2,208,107,103,24,54,0,131,8,0,10,780,1.491,10.7,1.2,2.8,6.7,2.43,1.4,-2.2
202,Jon Gray\grayjo02,COL,28,5,12,.294,6.46,33,33,0,0,0,9,0,0,175.2,241,128,126,33,72,6,189,2,0,15,825,1.782,12.3,1.7,3.7,9.7,2.63,2.1,-5.6
203,Sonny Gray\grayso01,CIN,30,12,12,.500,4.37,34,34,0,1,1,19,0,0,216.1,220,106,105,28,86,0,195,7,2,15,935,1.414,9.2,1.2,3.6,8.1,2.27,2.5,-0.4
204,Chad Green\greench03,NYY,29,8,5,.615,5.40,57,1,20,0,0,0,3,20,53.1,51,32,32,7,18,0,57,5,1,1,232,1.294,8.6,1.2,3.0,9.6,3.17,0.3,-1.9
205,Josh Green\player.fcgi?id=green-003jos,ARI,24,0,0,,5.50,21,0,2,0,0,0,0,0,34.1,40,21,21,4,10,1,31,2,0,0,152,1.456,10.5,1.0,2.6,8.1,3.10,0.3,0.0
206,Shane Greene\greensh02,ATL,31,1,1,.500,3.86,56,0,16,0,0,0,2,6,65.1,65,28,28,11,21,5,70,4,0,3,277,1.316,9.0,1.5,2.9,9.6,3.33,0.2,0.4
207,Zack Greinke\greinza01,HOU,36,18,7,.720,4.52,33,33,0,6,2,16,0,0,229.0,229,116,115,40,27,0,216,2,1,7,925,1.118,9.0,1.6,1.1,8.5,8.00,3.6,0.0
208,Zac Grotz\grotzza01,TEX,27,2,1,.667,4.59,40,1,19,0,0,0,1,3,49.0,61,26,25,6,20,2,35,3,0,3,220,1.653,11.2,1.1,3.7,6.4,1.75,-0.1,0.2
209,Zac Grotz\grotzza01,SEA,27,0,0,,5.68,15,0,5,0,0,0,0,0,19.0,22,14,12,2,6,0,15,0,0,0,86,1.474,10.4,0.9,2.8,7.1,2.50,0.1,0.4
210,Robert Gsellman\gsellro01,NYM,26,1,2,.333,3.30,59,0,18,0,0,0,3,5,60.0,49,23,22,12,22,2,58,5,1,2,247,1.183,7.4,1.8,3.3,8.7,2.64,-0.6,0.4
211,Deolis Guerra\guerrde01,TOR,31,6,6,.500,5.25,58,0,17,0,0,0,0,15,58.1,63,34,34,8,21,2,53,5,0,8,259,1.440,9.7,1.2,3.2,8.2,2.52,0.1,-1.7
212,Deolis Guerra\guerrde01,PHI,31,0,1,.000,4.70,6,0,1,0,0,0,0,1,7.2,3,5,4,1,5,0,7,0,0,2,31,1.043,3.5,1.2,5.9,8.2,1.40,-0.0,-0.1
213,Junior Guerra\guerrju02,ARI,35,2,2,.500,6.75,45,0,16,0,0,0,1,1,74.2,84,56,56,11,41,3,84,7,2,4,348,1.674,10.1,1.3,4.9,10.1,2.05,-0.1,-0.9
214,Taylor Guilbeau\guilbta01,SEA,27,3,2,.600,4.23,69,0,25,0,0,0,14,17,61.2,45,30,29,5,36,1,66,2,0,1,262,1.314,6.6,0.7,5.3,9.6,1.83,0.4,1.5
215,Jandel Gustave\gustaja01,BOS,27,0,0,,0.00,1,0,0,0,0,0,0,0,1.2,1,0,0,0,3,0,0,0,0,0,9,2.400,5.4,0.0,16.2,0.0,0.00,-0.1,0.0
216,Josh Hader\haderjo01,MIL,26,4,3,.571,1.38,58,0,42,0,0,0,25,11,52.0,27,9,8,4,21,0,105,1,0,0,205,0.923,4.7,0.7,3.6,18.2,5.00,2.8,1.5
217,Jesse Hahn\hahnje01,KCR,30,0,1,.000,4.29,14,0,2,0,0,0,0,1,21.0,17,12,10,3,7,0,17,0,1,0,86,1.143,7.3,1.3,3.0,7.3,2.43,0.0,-0.2
218,Matt Hall\hallma02,BOS,26,2,3,.400,8.89,6,6,0,0,0,2,0,0,27.1,34,27,27,6,22,0,13,0,0,1,135,2.049,11.2,2.0,7.2,4.3,0.59,-0.6,-0.7
219,Cole Hamels\hamelco01,ATL,36,6,5,.545,4.83,17,17,0,0,0,6,0,0,85.2,96,53,46,7,26,0,68,5,1,2,378,1.424,10.1,0.7,2.7,7.1,2.62,1.6,-1.1
220,Ian Hamilton\hamilia01,CHW,25,4,2,.667,4.12,63,0,14,0,0,0,3,10,78.2,85,42,36,13,21,1,89,9,1,1,348,1.347,9.7,1.5,2.4,10.2,4.24,0.2,1.2
221,Brad Hand\handbr01,CLE,30,2,3,.400,2.82,59,0,44,0,0,0,30,4,54.1,37,19,17,9,18,3,72,0,0,1,216,1.012,6.1,1.5,3.0,11.9,4.00,0.8,1.9
222,J.A. Happ\happja01,NYY,37,13,5,.722,4.35,32,32,0,0,0,19,0,0,198.2,200,100,96,28,67,1,153,9,7,6,844,1.344,9.1,1.3,3.0,6.9,2.28,1.6,-0.3
223,Blaine Hardy\hardybl01,MIN,33,0,0,,14.21,5,0,1,0,0,0,0,0,6.1,14,10,10,4,4,1,6,0,0,0,36,2.842,19.9,5.7,5.7,8.5,1.50,-0.4,-0.1
224,Will Harris\harriwi10,WSN,35,6,4,.600,3.25,74,0,17,0,0,0,5,27,61.0,57,23,22,5,13,0,69,3,1,0,250,1.148,8.4,0.7,1.9,10.2,5.31,1.7,0.0
225,Hunter Harvey\harvehu01,BAL,25,3,9,.250,6.08,81,0,10,0,0,0,2,13,87.1,69,63,59,15,55,2,124,8,0,7,384,1.420,7.1,1.5,5.7,12.8,2.25,-0.2,-1.9
226,Andrew Heaney\heanean01,LAA,29,16,10,.615,4.05,33,33,0,1,0,19,0,0,206.2,164,93,93,26,63,0,223,14,0,14,841,1.098,7.1,1.1,2.7,9.7,3.54,3.6,1.3
227,Scott Heineman\heinesc01,TEX,27,0,0,,6.75,1,0,0,0,0,0,0,0,1.1,2,1,1,0,3,0,0,0,0,1,9,3.750,13.5,0.0,20.3,0.0,0.00,-0.1,-0.0
228,Ben Heller\hellebe01,NYY,28,2,0,1.000,3.86,35,0,10,0,0,0,1,2,42.0,42,20,18,5,19,0,59,2,0,3,188,1.452,9.0,1.1,4.1,12.6,3.11,0.5,0.5
229,Ryan Helsley\helslry01,STL,25,4,1,.800,2.53,59,1,14,0,0,0,2,6,74.2,50,21,21,8,31,0,88,5,0,5,304,1.085,6.0,1.0,3.7,10.6,2.84,0.7,1.5
230,Heath Hembree\hembrhe01,BOS,31,1,0,1.000,7.25,12,0,1,0,0,0,0,1,22.1,27,18,18,12,3,0,24,0,0,0,95,1.343,10.9,4.8,1.2,9.7,8.00,-0.9,-0.6
231,Kyle Hendricks\hendrky01,CHC,30,13,8,.619,3.72,33,33,0,1,1,18,0,0,191.1,177,85,79,23,53,4,141,5,0,6,790,1.202,8.3,1.1,2.5,6.6,2.66,2.7,-0.0
232,Liam Hendriks\hendrli01,OAK,31,4,6,.400,3.57,63,0,49,0,0,0,33,0,63.0,51,26,25,9,14,4,67,1,0,0,254,1.032,7.3,1.3,2.0,9.6,4.79,1.1,-0.6
233,Guillermo Heredia\heredgu01,PIT,29,0,0,,40.50,1,0,1,0,0,0,0,0,0.2,2,3,3,0,2,0,1,0,0,0,6,6.000,27.0,0.0,27.0,13.5,0.50,-0.0,0.0
234,Darwinzon Hernandez\hernada02,BOS,23,1,1,.500,1.60,37,3,17,0,0,0,6,6,39.1,21,9,7,1,34,4,68,0,0,1,173,1.398,4.8,0.2,7.8,15.6,2.00,1.3,1.6
235,Elieser Hernandez\hernael01,MIA,25,1,1,.500,6.19,3,3,0,0,0,1,0,0,16.0,17,12,11,3,3,0,19,0,0,0,68,1.250,9.6,1.7,1.7,10.7,6.33,0.3,-0.5
236,Kelvin Herrera\herreke01,CHW,30,4,4,.500,5.63,61,0,9,0,0,0,0,9,72.0,72,47,45,20,27,0,69,4,1,0,312,1.375,9.0,2.5,3.4,8.6,2.56,-1.5,-0.1
237,Codi Heuer\heuerco01,CHW,23,1,0,1.000,9.51,15,0,3,0,0,0,0,1,23.2,32,26,25,6,1,0,27,0,0,2,102,1.394,12.2,2.3,0.4,10.3,27.00,0.0,-0.5
238,Rich Hill\hillri01,MIN,40,0,0,,3.38,19,0,9,0,0,0,0,0,29.1,28,13,11,6,7,0,27,5,0,0,128,1.193,8.6,1.8,2.1,8.3,3.86,-0.2,0.2
239,Tim Hill\hillti01,KCR,30,1,1,.500,4.74,20,0,3,0,0,0,0,0,19.0,23,14,10,4,9,1,20,1,0,1,91,1.684,10.9,1.9,4.3,9.5,2.22,-0.2,-0.5
240,Yoshihisa Hirano\hiranyo01,SEA,36,0,0,,0.00,9,0,3,0,0,0,0,4,9.0,7,0,0,0,2,0,16,0,0,0,35,1.000,7.0,0.0,2.0,16.0,8.00,0.6,0.3
241,Sean Hjelle\player.fcgi?id=hjelle000sea,SFG,23,0,0,,0.00,1,0,1,0,0,0,0,0,0.2,0,0,0,0,0,0,0,0,0,0,2,0.000,0.0,0.0,0.0,0.0,,0.0,0.0
242,Jeff Hoffman\hoffmje02,COL,27,4,0,1.000,1.32,9,0,3,0,0,0,0,0,13.2,8,3,2,1,5,0,12,0,0,1,50,0.951,5.3,0.7,3.3,7.9,2.40,0.2,0.5
243,Jonathan Holder\holdejo02,NYY,27,1,0,1.000,3.38,2,0,0,0,0,0,0,0,2.2,2,1,1,0,0,0,3,1,0,0,11,0.750,6.8,0.0,0.0,10.1,,0.1,-0.1
244,Derek Holland\hollade01,PIT,33,3,4,.429,3.57,9,8,1,0,0,2,0,0,45.1,49,20,18,9,14,1,38,1,0,2,192,1.390,9.7,1.8,2.8,7.5,2.71,0.1,-0.1
245,Greg Holland\hollagr01,KCR,34,1,2,.333,4.26,56,5,12,0,0,0,0,5,50.2,49,25,24,4,15,1,58,7,0,0,217,1.263,8.7,0.7,2.7,10.3,3.87,0.9,-1.6
246,Clay Holmes\holmecl01,PIT,27,1,1,.500,2.55,3,3,0,0,0,1,0,0,17.2,11,5,5,0,9,1,14,1,0,2,72,1.132,5.6,0.0,4.6,7.1,1.56,0.5,0.4
247,Tanner Houck\houckta01,BOS,24,1,4,.200,6.16,6,6,0,0,0,3,0,0,30.2,34,22,21,3,15,1,22,1,1,2,140,1.598,10.0,0.9,4.4,6.5,1.47,0.3,-0.3
248,Adrian Houser\housead01,MIL,27,9,7,.563,5.30,58,16,8,0,0,5,0,4,122.1,139,80,72,18,43,5,126,11,0,2,544,1.488,10.2,1.3,3.2,9.3,2.93,0.9,-3.3
249,James Hoyt\hoytja01,CLE,33,1,3,.250,5.22,25,0,7,0,0,0,0,3,29.1,27,17,17,2,16,1,40,0,0,0,124,1.466,8.3,0.6,4.9,12.3,2.50,0.5,-1.1
250,Dakota Hudson\hudsoda02,STL,25,7,6,.538,3.94,20,19,1,0,0,7,0,0,107.1,102,51,47,6,48,0,86,11,0,4,469,1.398,8.6,0.5,4.0,7.2,1.79,1.6,-0.2
251,Daniel Hudson\hudsoda01,WSN,33,4,2,.667,5.59,71,0,14,0,0,0,2,15,56.1,55,35,35,10,23,2,67,6,0,4,251,1.385,8.8,1.6,3.7,10.7,2.91,0.0,-1.5
252,Tommy Hunter\hunteto02,WSN,33,0,1,.000,6.23,6,0,2,0,0,0,0,1,4.1,6,3,3,1,1,0,1,0,0,0,20,1.615,12.5,2.1,2.1,2.1,1.00,-0.1,-0.2
253,Tommy Hunter\hunteto02,PHI,33,1,0,1.000,0.00,2,0,0,0,0,0,0,0,1.1,2,0,0,0,1,0,1,0,0,1,6,2.250,13.5,0.0,6.8,6.8,1.00,0.0,-0.2
254,Raisel Iglesias\iglesra01,CIN,30,6,5,.545,3.90,60,0,45,0,0,0,30,1,60.0,45,26,26,13,20,1,90,3,0,3,246,1.083,6.8,2.0,3.0,13.5,4.50,0.4,0.3
255,Tyler Ivey\player.fcgi?id=ivey--000tyl,HOU,24,0,0,,5.19,5,0,3,0,0,0,0,0,8.2,8,5,5,1,6,0,14,0,0,0,40,1.615,8.3,1.0,6.2,14.5,2.33,0.1,-0.0
256,Luke Jackson\jackslu01,ATL,28,6,4,.600,3.88,56,0,14,0,0,0,1,15,65.0,53,28,28,11,18,0,84,3,0,2,264,1.092,7.3,1.5,2.5,11.6,4.67,0.6,-0.6
257,Josh James\jamesjo02,HOU,27,6,6,.500,6.07,35,15,5,0,0,5,0,0,115.2,121,84,78,25,54,1,143,5,1,6,517,1.513,9.4,1.9,4.2,11.1,2.65,0.0,-2.3
258,Kenley Jansen\janseke01,LAD,32,9,2,.818,2.26,68,0,58,0,0,0,42,6,63.2,40,18,16,9,14,0,84,1,0,1,246,0.848,5.7,1.3,2.0,11.9,6.00,1.5,4.0
259,Daulton Jefferies\jeffeda01,OAK,24,1,0,1.000,4.18,28,0,11,0,0,0,0,0,51.2,48,24,24,8,13,0,50,4,2,0,209,1.181,8.4,1.4,2.3,8.7,3.85,0.1,0.3
260,Jeremy Jeffress\jeffrje01,CHC,32,3,4,.429,5.25,74,0,14,0,0,0,3,15,61.2,71,42,36,5,37,12,41,1,0,0,289,1.751,10.4,0.7,5.4,6.0,1.11,0.2,-0.0
261,Dan Jennings\jennida01,STL,33,3,0,1.000,3.49,33,0,6,0,0,0,2,7,28.1,21,11,11,0,16,0,33,0,0,1,118,1.306,6.7,0.0,5.1,10.5,2.06,0.8,1.5
262,Dany Jimenez\jimenda01,SFG,26,2,7,.222,4.95,42,0,19,0,0,0,1,10,43.2,44,24,24,6,18,1,47,3,0,0,190,1.420,9.1,1.2,3.7,9.7,2.61,0.1,-1.5
263,Joe Jimenez\jimenjo02,DET,25,1,6,.143,4.10,58,0,42,0,0,0,31,5,52.2,43,25,24,7,25,2,65,2,0,3,228,1.291,7.3,1.2,4.3,11.1,2.60,0.7,-0.1
264,Jim Johnson\johnsji04,CLE,37,1,2,.333,2.95,42,0,13,0,0,0,0,4,55.0,57,19,18,4,19,0,40,0,0,2,233,1.382,9.3,0.7,3.1,6.5,2.11,0.5,-1.1
265,Pierce Johnson\johnspi01,SDP,29,3,3,.500,3.80,75,0,13,0,0,0,2,18,68.2,58,29,29,4,24,1,83,3,0,1,288,1.194,7.6,0.5,3.1,10.9,3.46,1.6,0.7
266,Damon Jones\player.fcgi?id=jones-002dam,PHI,25,0,0,,2.66,17,0,6,0,0,0,0,2,20.1,11,6,6,2,10,0,33,2,0,0,80,1.033,4.9,0.9,4.4,14.6,3.30,0.4,0.3
267,Nate Jones\jonesna01,CIN,34,2,2,.500,3.88,47,0,10,0,0,0,0,2,48.2,50,22,21,8,16,0,55,2,0,1,211,1.356,9.2,1.5,3.0,10.2,3.44,0.2,-0.6
268,Jakob Junis\junisja01,KCR,27,4,14,.222,5.53,34,26,3,0,0,7,0,0,151.1,183,105,93,28,45,0,127,13,0,1,685,1.507,10.9,1.7,2.7,7.6,2.82,0.3,-3.3
269,Tommy Kahnle\kahnlto01,NYY,30,3,1,.750,3.61,51,0,15,0,0,0,2,4,57.1,44,25,23,6,35,1,76,1,0,4,243,1.378,6.9,0.9,5.5,11.9,2.17,0.5,1.0
270,James Karinchak\karinja01,CLE,24,3,3,.500,4.62,40,0,10,0,0,0,2,11,39.0,21,20,20,5,31,1,80,2,0,1,169,1.333,4.8,1.2,7.2,18.5,2.58,0.7,1.3
271,Keone Kela\kelake01,PIT,27,2,1,.667,3.82,75,0,25,0,0,0,4,19,70.2,55,30,30,8,27,6,98,2,0,2,293,1.160,7.0,1.0,3.4,12.5,3.63,1.5,-0.3
272,Brad Keller\kellebr01,KCR,24,4,17,.190,5.31,34,34,0,0,0,13,0,0,169.1,208,117,100,23,69,0,128,11,0,8,778,1.636,11.1,1.2,3.7,6.8,1.86,0.9,-4.1
273,Kyle Keller\kelleky01,LAA,27,3,1,.750,7.24,28,1,5,0,0,0,0,7,27.1,36,22,22,10,13,0,39,3,0,1,130,1.793,11.9,3.3,4.3,12.8,3.00,-0.9,-1.1
274,Mitch Keller\kellemi03,PIT,24,6,14,.300,5.78,33,33,0,0,0,11,0,0,157.1,148,105,101,27,81,6,170,7,1,14,703,1.456,8.5,1.5,4.6,9.7,2.10,0.9,-3.2
275,Joe Kelly\kellyjo05,LAD,32,2,0,1.000,2.92,55,0,6,0,0,0,0,18,71.0,59,23,23,2,29,0,71,12,0,4,303,1.239,7.5,0.3,3.7,9.0,2.45,1.1,1.2
276,Ian Kennedy\kenneia01,KCR,35,4,5,.444,5.48,71,7,27,0,0,0,11,8,65.2,68,43,40,9,25,2,68,1,1,4,288,1.416,9.3,1.2,3.4,9.3,2.72,0.5,0.4
277,Clayton Kershaw\kershcl01,LAD,32,17,0,1.000,2.36,32,32,0,2,2,25,0,0,217.0,174,63,57,19,24,0,227,4,4,4,828,0.912,7.2,0.8,1.0,9.4,9.46,7.2,3.2
278,Dallas Keuchel\keuchda01,CHW,32,13,7,.650,3.87,33,33,0,1,1,16,0,0,179.0,186,90,77,27,62,0,158,4,0,6,774,1.385,9.4,1.4,3.1,7.9,2.55,1.6,-0.3
279,Yusei Kikuchi\kikucyu01,SEA,29,13,12,.520,4.09,33,33,0,2,1,20,0,0,211.1,207,105,96,29,65,0,172,12,4,7,895,1.287,8.8,1.2,2.8,7.3,2.65,1.9,-0.2
280,Franklyn Kilome\kilomfr01,NYM,25,0,0,,4.00,5,0,0,0,0,0,0,0,9.0,8,4,4,2,4,0,12,0,0,0,37,1.333,8.0,2.0,4.0,12.0,3.00,-0.1,-0.1
281,Kwang Hyun Kim\kimkw01,STL,31,9,1,.900,2.76,59,7,14,0,0,4,2,10,104.1,76,32,32,7,22,0,123,9,1,4,415,0.939,6.6,0.6,1.9,10.6,5.59,2.6,1.7
282,Craig Kimbrel\kimbrcr01,CHC,32,3,7,.300,3.42,56,0,38,0,0,0,25,9,50.0,35,19,19,5,36,1,71,4,0,4,217,1.420,6.3,0.9,6.5,12.8,1.97,0.5,0.6
283,Isiah Kiner-Falefa\kineris01,TEX,25,0,0,,0.00,1,0,1,0,0,0,0,0,1.0,0,0,0,0,3,0,2,0,0,0,6,3.000,0.0,0.0,27.0,18.0,0.67,-0.0,0.0
284,Brandon Kintzler\kintzbr01,NYM,35,4,0,1.000,4.50,14,0,3,0,0,0,0,0,18.0,16,9,9,2,4,0,11,1,0,1,74,1.111,8.0,1.0,2.0,5.5,2.75,0.0,0.3
285,Brandon Kintzler\kintzbr01,MIA,35,1,7,.125,4.74,38,0,20,0,0,0,5,7,43.2,50,24,23,2,9,1,26,4,0,1,190,1.351,10.3,0.4,1.9,5.4,2.89,0.6,-0.8
286,Andrew Kittredge\kittran01,BAL,30,3,1,.750,2.56,35,0,12,0,0,0,2,2,31.2,31,9,9,4,15,0,28,1,0,3,137,1.453,8.8,1.1,4.3,8.0,1.87,-0.0,0.4
287,Andrew Kittredge\kittran01,TBR,30,0,1,.000,3.71,15,0,4,0,0,0,0,3,17.0,21,7,7,1,0,0,18,1,0,3,72,1.235,11.1,0.5,0.0,9.5,,0.5,0.5
288,Corey Kluber\klubeco01,TEX,34,7,18,.280,5.37,34,34,0,1,0,15,0,0,197.2,233,129,118,35,60,1,170,11,0,7,875,1.482,10.6,1.6,2.7,7.7,2.83,1.1,-4.3
289,Corey Knebel\knebeco01,MIL,28,4,1,.800,3.18,64,0,18,0,0,0,4,17,51.0,31,18,18,5,29,5,68,4,0,3,210,1.176,5.5,0.9,5.1,12.0,2.34,0.6,1.3
290,Adam Kolarek\kolarad01,LAD,31,4,1,.800,3.49,41,0,6,0,0,0,1,11,28.1,27,11,11,1,6,0,18,5,0,0,120,1.165,8.6,0.3,1.9,5.7,3.00,0.4,-0.2
291,Michael Kopech\kopecmi01,CHW,24,2,7,.222,7.40,40,15,6,0,0,3,0,3,93.2,86,79,77,19,65,1,105,9,0,11,435,1.612,8.3,1.8,6.2,10.1,1.62,-1.0,-2.3
292,Chad Kuhl\kuhlch01,PIT,27,0,0,,0.00,3,0,1,0,0,0,0,0,4.0,2,0,0,0,3,0,7,0,0,0,17,1.250,4.5,0.0,6.8,15.8,2.33,0.1,0.0
293,Joel Kuhnel\kuhnejo01,CIN,25,3,3,.500,3.95,59,1,18,0,0,0,1,6,68.1,57,32,30,5,24,0,59,5,0,3,281,1.185,7.5,0.7,3.2,7.8,2.46,0.7,0.6
294,Travis Lakins\lakintr01,BAL,26,0,0,,5.68,4,0,1,0,0,0,0,0,6.1,5,4,4,2,5,0,5,1,0,0,30,1.579,7.1,2.8,7.1,7.1,1.00,-0.3,0.1
295,Peter Lambert\lambepe01,COL,23,0,0,,4.50,1,0,1,0,0,0,0,0,2.0,3,1,1,0,0,0,1,0,0,0,9,1.500,13.5,0.0,0.0,4.5,,0.1,0.0
296,Dinelson Lamet\lametdi01,SDP,27,7,13,.350,4.76,31,31,0,0,0,9,0,0,155.0,142,86,82,17,77,0,167,14,1,2,682,1.413,8.2,1.0,4.5,9.7,2.17,1.8,-1.8
297,Mike Leake\leakemi01,ARI,32,9,15,.375,5.49,30,30,0,0,0,14,0,0,169.0,205,108,103,27,38,11,87,9,0,6,744,1.438,10.9,1.4,2.0,4.6,2.29,1.0,-2.3
298,Jose Leclerc\leclejo01,TEX,26,1,2,.333,4.86,21,0,7,0,0,0,1,8,16.2,11,9,9,1,21,0,23,0,0,3,80,1.920,5.9,0.5,11.3,12.4,1.10,-0.2,-0.8
299,Jose Leclerc\leclejo01,STL,26,5,1,.833,4.21,45,0,3,0,0,0,1,10,36.1,29,17,17,1,21,0,45,1,1,3,155,1.376,7.2,0.2,5.2,11.1,2.14,0.8,-0.1
300,Dylan Lee\player.fcgi?id=lee---001dyl,MIA,25,0,0,,5.40,3,0,0,0,0,0,0,1,6.2,6,4,4,2,1,0,4,1,0,0,28,1.050,8.1,2.7,1.4,5.4,4.00,-0.2,0.2
301,Jon Lester\lestejo01,CHC,36,7,9,.438,4.64,26,26,0,0,0,14,0,0,145.1,160,81,75,25,50,8,70,4,2,5,620,1.445,9.9,1.5,3.1,4.3,1.40,-0.0,-2.0
302,Josh Lindblom\lindbjo01,MIL,33,7,6,.538,4.66,37,21,4,1,1,7,0,0,156.1,149,87,81,17,60,8,141,6,0,16,665,1.337,8.6,1.0,3.5,8.1,2.35,2.2,-0.6
303,Zack Littell\litteza01,MIN,24,5,2,.714,3.53,58,0,12,0,0,0,2,14,89.1,76,36,35,7,35,0,96,2,1,2,378,1.243,7.7,0.7,3.5,9.7,2.74,1.3,1.6
304,Kyle Lloyd\lloydky01,BAL,29,9,10,.474,4.71,43,22,2,0,0,7,0,1,145.1,137,79,76,24,56,2,120,9,1,8,619,1.328,8.5,1.5,3.5,7.4,2.14,0.3,-1.4
305,Jonathan Loaisiga\loaisjo01,NYY,25,14,11,.560,3.95,33,33,0,1,1,11,0,0,177.2,159,86,78,24,54,0,216,11,1,11,743,1.199,8.1,1.2,2.7,10.9,4.00,3.6,-0.1
306,Jorge Lopez\lopezjo02,KCR,27,8,6,.571,3.43,35,2,1,0,0,0,0,0,152.1,144,60,58,12,50,1,143,7,0,4,635,1.274,8.5,0.7,3.0,8.4,2.86,2.1,1.0
307,Pablo Lopez\lopezpa01,MIA,24,14,8,.636,3.50,34,34,0,0,0,17,0,0,203.0,201,81,79,14,45,1,162,14,1,5,850,1.212,8.9,0.6,2.0,7.2,3.60,4.5,2.0
308,Reynaldo Lopez\lopezre01,CHW,26,6,12,.333,5.82,32,32,0,0,0,9,0,0,157.2,189,122,102,33,44,0,151,5,0,12,709,1.478,10.8,1.9,2.5,8.6,3.43,0.7,-5.5
309,Yoan López\lopezyo01,ARI,27,3,2,.600,6.38,21,0,7,0,0,0,1,0,24.0,20,17,17,6,12,3,25,4,0,2,105,1.333,7.5,2.3,4.5,9.4,2.08,-0.4,-1.0
310,Michael Lorenzen\lorenmi01,CIN,28,4,5,.444,5.35,68,0,22,0,0,0,4,15,67.1,82,41,40,7,29,1,79,4,0,2,309,1.649,11.0,0.9,3.9,10.6,2.72,0.8,-1.0
311,Richard Lovelady\lovelri01,KCR,24,2,5,.286,4.34,68,0,26,0,0,0,6,12,58.0,68,29,28,7,24,1,47,2,0,5,254,1.586,10.6,1.1,3.7,7.3,1.96,0.0,0.1
312,Mark Lowe\lowema01,CLE,37,2,0,1.000,3.52,32,0,10,0,0,0,0,0,46.0,42,19,18,10,22,1,47,1,0,0,197,1.391,8.2,2.0,4.3,9.2,2.14,-0.5,-0.4
313,Joey Lucchesi\lucchjo01,SDP,27,3,2,.600,3.67,31,9,8,0,0,4,1,0,83.1,70,38,34,11,26,1,86,3,0,3,346,1.152,7.6,1.2,2.8,9.3,3.31,1.0,0.4
314,Seth Lugo\lugose01,NYM,30,7,6,.538,3.07,71,0,25,0,0,0,3,15,73.1,63,26,25,8,21,0,85,2,0,5,300,1.145,7.7,1.0,2.6,10.4,4.05,1.1,1.4
315,Jesus Luzardo\luzarje01,OAK,22,13,7,.650,3.04,33,33,0,0,0,25,0,0,210.1,182,74,71,21,51,0,234,9,0,11,858,1.108,7.8,0.9,2.2,10.0,4.59,5.5,2.2
316,Jordan Lyles\lylesjo01,TEX,29,3,2,.600,4.74,48,6,14,0,0,2,0,0,98.2,94,54,52,15,32,0,113,5,0,3,418,1.277,8.6,1.4,2.9,10.3,3.53,0.8,-0.4
317,Lance Lynn\lynnla01,TEX,33,8,12,.400,4.49,34,34,0,0,0,13,0,0,188.1,197,106,94,30,66,0,178,11,2,7,828,1.396,9.4,1.4,3.2,8.5,2.70,1.6,-1.5
318,Kenta Maeda\maedake01,MIN,32,11,11,.500,4.81,33,33,0,0,0,15,0,0,179.2,188,106,96,26,56,0,197,9,0,10,786,1.358,9.4,1.3,2.8,9.9,3.52,2.9,-2.6
319,Matt Magill\magilma01,SEA,30,2,2,.500,5.19,61,0,15,0,0,0,3,2,67.2,76,43,39,13,23,0,82,4,0,4,297,1.463,10.1,1.7,3.1,10.9,3.57,-0.1,-0.4
320,Tyler Mahle\mahlety01,CIN,25,14,9,.609,3.74,32,32,0,1,1,20,0,0,212.0,178,90,88,28,63,0,223,9,1,5,862,1.137,7.6,1.2,2.7,9.5,3.54,3.8,0.6
321,Sean Manaea\manaese01,OAK,28,16,7,.696,3.32,33,33,0,2,1,19,0,0,219.2,193,92,81,21,66,0,192,8,0,3,891,1.179,7.9,0.9,2.7,7.9,2.91,4.1,2.0
322,Matt Manning\player.fcgi?id=mannin002mat,DET,22,9,13,.409,4.76,33,32,0,0,0,13,0,0,181.1,179,102,96,25,82,4,171,9,4,6,796,1.439,8.9,1.2,4.1,8.5,2.09,1.8,-1.6
323,Parker Markel\markepa01,LAA,29,0,0,,27.00,1,0,0,0,0,0,0,0,0.2,3,2,2,0,3,0,0,0,0,0,8,9.000,40.5,0.0,40.5,0.0,0.00,-0.1,-0.3
324,German Marquez\marquge01,COL,25,17,8,.680,4.30,34,34,0,0,0,17,0,0,207.1,214,109,99,32,45,3,209,10,1,6,877,1.249,9.3,1.4,2.0,9.1,4.64,4.1,-0.3
325,Evan Marshall\marshev01,CHW,30,6,4,.600,4.56,72,0,16,0,0,0,3,19,75.0,75,41,38,4,24,3,66,4,1,4,320,1.320,9.0,0.5,2.9,7.9,2.75,1.2,1.1
326,Brett Martin\martibr01,TEX,25,2,6,.250,5.21,63,0,20,0,0,0,4,5,65.2,95,47,38,7,29,5,51,1,1,3,312,1.888,13.0,1.0,4.0,7.0,1.76,0.2,-2.4
327,Chris Martin\martich02,ATL,34,6,6,.500,4.93,70,0,20,0,0,0,1,18,65.2,81,40,36,6,12,5,68,8,1,3,297,1.416,11.1,0.8,1.6,9.3,5.67,1.5,-1.9
328,Richie Martin\martiri01,BAL,25,0,0,,108.00,1,0,0,0,0,0,0,0,0.1,2,4,4,1,2,0,0,0,0,1,5,12.000,54.0,27.0,54.0,0.0,0.00,-0.2,0.0
329,Carlos Martinez\martica04,STL,28,11,7,.611,3.93,32,32,0,0,0,9,0,0,165.0,127,74,72,18,57,0,166,10,1,3,672,1.115,6.9,1.0,3.1,9.1,2.91,2.8,0.2
330,James Marvel\marveja01,PIT,26,1,4,.200,3.26,8,5,0,0,0,2,0,0,38.2,34,15,14,3,14,2,30,1,0,1,161,1.241,7.9,0.7,3.3,7.0,2.14,0.7,0.8
331,Bryan Mata\player.fcgi?id=mata--000bry,BOS,21,2,0,1.000,4.76,3,3,0,0,0,1,0,0,17.0,20,9,9,1,7,0,16,1,0,0,76,1.588,10.6,0.5,3.7,8.5,2.29,0.4,-0.3
332,Bryan Mata\player.fcgi?id=mata--000bry,CIN,21,1,0,1.000,6.92,7,1,3,0,0,1,0,0,13.0,19,10,10,2,11,0,5,0,0,1,66,2.308,13.2,1.4,7.6,3.5,0.45,-0.3,-0.2
333,Phil Maton\matonph01,CLE,27,6,1,.857,4.09,51,0,24,0,0,0,5,8,55.0,46,25,25,6,18,2,66,3,2,2,224,1.164,7.5,1.0,2.9,10.8,3.67,0.9,0.5
334,Isaac Mattson\player.fcgi?id=mattso000isa,BAL,24,0,1,.000,4.15,11,0,2,0,0,0,0,0,13.0,19,6,6,0,12,1,7,1,1,0,69,2.385,13.2,0.0,8.3,4.8,0.58,-0.1,-0.8
335,Steven Matz\matzst01,NYM,29,11,12,.478,4.28,32,32,0,1,0,17,0,0,193.1,177,93,92,23,57,1,162,9,0,7,802,1.210,8.2,1.1,2.7,7.5,2.84,2.4,0.3
336,Dustin May\maydu01,LAD,22,1,0,1.000,3.00,9,0,4,0,0,0,0,0,18.0,20,6,6,1,4,0,19,2,0,0,77,1.333,10.0,0.5,2.0,9.5,4.75,0.4,0.1
337,Trevor May\maytr01,MIN,30,5,3,.625,3.46,43,0,14,0,0,0,4,11,52.0,43,20,20,10,17,0,60,4,0,0,214,1.154,7.4,1.7,2.9,10.4,3.53,-0.1,0.7
338,Zach McAllister\mcallza01,LAD,32,0,2,.000,4.30,19,0,5,0,0,0,1,1,23.0,26,13,11,0,7,0,25,0,0,2,104,1.435,10.2,0.0,2.7,9.8,3.57,0.8,-0.7
339,Ryan McBroom\mcbrory01,KCR,28,0,0,,13.50,1,0,0,0,0,0,0,0,0.2,2,1,1,1,0,0,1,1,0,0,5,3.000,27.0,13.5,0.0,13.5,,-0.1,0.0
340,Kevin McCanna\player.fcgi?id=mccann000kev,ARI,26,4,7,.364,4.03,31,0,8,0,0,0,0,5,38.0,24,18,17,2,27,7,55,2,0,0,165,1.342,5.7,0.5,6.4,13.0,2.04,0.9,-1.1
341,Kevin McCarthy\mccarke01,KCR,28,1,4,.200,3.48,48,3,5,0,0,0,0,4,54.1,61,23,21,4,12,1,36,1,1,1,227,1.344,10.1,0.7,2.0,6.0,3.00,0.7,-0.4
342,Reggie McClain\mcclare01,PHI,27,3,2,.600,3.36,50,3,16,0,0,1,0,0,88.1,79,34,33,11,29,0,86,8,0,2,373,1.223,8.0,1.1,3.0,8.8,2.97,0.5,0.1
343,Lance McCullers Jr.\mcculla02,HOU,26,13,8,.619,3.93,34,34,0,0,0,20,0,0,215.0,185,101,94,28,85,1,251,13,0,20,907,1.256,7.7,1.2,3.6,10.5,2.95,3.5,-0.7
344,T.J. McFarland\mcfartj01,OAK,31,5,3,.625,4.72,46,0,12,0,0,0,0,3,68.2,75,40,36,4,15,1,39,0,0,1,286,1.311,9.8,0.5,2.0,5.1,2.60,0.8,0.6
345,Jake McGee\mcgeeja01,COL,33,2,6,.250,6.32,55,0,15,0,0,0,0,4,57.0,55,43,40,16,32,5,50,4,0,0,253,1.526,8.7,2.5,5.1,7.9,1.56,-1.2,-1.0
346,Reese McGuire\mcguire01,TOR,25,0,0,,0.00,1,0,1,0,0,0,0,0,0.1,0,0,0,0,0,0,0,0,0,0,1,0.000,0.0,0.0,0.0,0.0,,0.0,0.0
347,Collin McHugh\mchugco01,BOS,33,14,13,.519,4.70,29,29,0,1,0,16,0,0,176.1,156,94,92,23,81,5,175,7,2,10,760,1.344,8.0,1.2,4.1,8.9,2.16,2.2,-0.7
348,Brendan McKay\mckaybr01,TBR,24,16,12,.571,3.87,32,32,0,0,0,15,0,0,186.0,169,85,80,20,56,0,207,2,1,2,778,1.210,8.2,1.0,2.7,10.0,3.70,4.3,-0.0
349,David McKay\mckayda02,DET,25,2,0,1.000,4.44,20,0,5,0,0,0,0,1,24.1,18,12,12,4,19,0,33,3,0,1,107,1.521,6.7,1.5,7.0,12.2,1.74,-0.2,-0.2
350,John Means\meansjo01,BAL,27,5,12,.294,6.45,33,33,0,0,0,6,0,0,155.0,191,116,111,27,54,0,102,7,0,4,696,1.581,11.1,1.6,3.1,5.9,1.89,0.2,-3.5
351,Trevor Megill\player.fcgi?id=megill000tre,CHC,26,4,4,.500,5.66,85,0,16,0,0,0,3,7,82.2,86,62,52,7,49,16,80,1,0,15,376,1.633,9.4,0.8,5.3,8.7,1.63,0.9,-0.3
352,Mark Melancon\melanma01,ATL,35,9,1,.900,3.14,66,0,15,0,0,0,1,8,80.1,70,30,28,6,22,6,71,3,2,11,330,1.145,7.8,0.7,2.5,8.0,3.23,1.3,1.4
353,Yohander Mendez\mendeyo01,TEX,25,0,0,,9.00,2,0,0,0,0,0,0,0,4.0,5,4,4,2,1,0,3,0,0,0,17,1.500,11.3,4.5,2.3,6.8,3.00,-0.2,-0.1
354,Daniel Mengden\mengdda01,OAK,27,0,0,,10.80,5,0,2,0,0,0,0,0,8.1,14,10,10,2,3,0,6,0,0,0,41,2.040,15.1,2.2,3.2,6.5,2.00,-0.2,-0.1
355,Keynan Middleton\middlke01,LAA,26,0,1,.000,6.23,7,0,0,0,0,0,0,1,4.1,7,5,3,1,6,0,3,0,0,1,26,3.000,14.5,2.1,12.5,6.2,0.50,-0.2,-0.5
356,Miles Mikolas\mikolmi01,STL,31,10,9,.526,4.07,28,28,0,0,0,15,0,0,168.0,162,84,76,25,23,0,112,10,0,8,691,1.101,8.7,1.3,1.2,6.0,4.87,1.7,-1.0
357,Wade Miley\mileywa01,CIN,33,4,6,.400,6.15,15,15,0,0,0,6,0,0,82.0,105,58,56,12,16,0,74,2,0,5,366,1.476,11.5,1.3,1.8,8.1,4.63,1.3,-1.5
358,Andrew Miller\millean01,STL,35,6,4,.600,3.24,66,0,13,0,0,0,1,21,50.0,43,18,18,5,23,0,60,4,2,4,215,1.320,7.7,0.9,4.1,10.8,2.61,0.5,0.1
359,Justin Miller\milleju02,TOR,33,1,1,.500,4.76,36,0,9,0,0,0,0,7,45.1,40,25,24,5,18,0,56,1,0,3,191,1.279,7.9,1.0,3.6,11.1,3.11,0.6,0.3
360,Alec Mills\millsal02,CHC,28,1,2,.333,6.05,50,0,11,0,0,0,0,2,64.0,77,44,43,11,33,10,62,1,0,4,289,1.719,10.8,1.5,4.6,8.7,1.88,-0.1,-1.2
361,Jordan Mills\player.fcgi?id=mills-000jor,KCR,28,3,2,.600,5.52,50,0,13,0,0,0,0,1,44.0,57,27,27,5,23,1,47,0,0,5,207,1.818,11.7,1.0,4.7,9.6,2.04,0.2,-0.8
362,Wyatt Mills\player.fcgi?id=mills-000wya,SEA,25,2,5,.286,5.24,44,0,18,0,0,0,2,6,44.2,53,28,26,4,11,0,52,3,0,6,199,1.433,10.7,0.8,2.2,10.5,4.73,0.8,-1.1
363,Hoby Milner\milneho01,LAA,29,4,4,.500,5.43,66,0,7,0,0,0,0,9,71.1,74,44,43,9,24,1,78,7,0,4,312,1.374,9.3,1.1,3.0,9.8,3.25,0.4,-1.3
364,Tommy Milone\milonto01,BAL,33,1,1,.500,8.10,2,2,0,0,0,1,0,0,10.0,15,9,9,4,0,0,7,2,0,2,43,1.500,13.5,3.6,0.0,6.3,,-0.2,-0.4
365,Mike Minor\minormi01,TEX,32,9,15,.375,6.25,33,33,0,0,0,7,0,0,177.0,219,126,123,32,53,0,145,7,2,9,787,1.537,11.1,1.6,2.7,7.4,2.74,0.9,-4.7
366,A.J. Minter\minteaj01,ATL,26,4,6,.400,3.88,57,0,16,0,0,0,1,9,62.2,46,29,27,8,26,2,80,6,1,4,262,1.149,6.6,1.1,3.7,11.5,3.08,0.5,1.0
367,Casey Mize\mizeca01,DET,23,9,18,.333,5.10,32,32,0,1,0,12,0,0,189.0,219,112,107,38,54,1,148,8,0,2,825,1.444,10.4,1.8,2.6,7.0,2.74,0.5,-1.8
368,Sam Moll\mollsa01,BOS,28,0,0,,0.00,2,0,2,0,0,0,0,0,2.0,1,0,0,0,1,0,2,0,0,0,8,1.000,4.5,0.0,4.5,9.0,2.00,0.0,-0.0
369,Dustin Molleken\molledu01,MIN,35,0,0,,4.24,16,0,6,0,0,0,0,0,23.1,18,12,11,2,8,0,27,4,1,0,98,1.114,6.9,0.8,3.1,10.4,3.38,0.3,-0.1
370,Frankie Montas\montafr02,OAK,27,12,6,.667,4.21,32,32,0,0,0,12,0,0,179.2,174,93,84,21,51,0,176,13,0,4,748,1.252,8.7,1.1,2.6,8.8,3.45,3.0,-0.7
371,Rafael Montero\montera01,TEX,29,3,5,.375,4.86,64,0,26,0,0,0,7,12,66.2,79,37,36,7,18,3,58,2,2,5,283,1.455,10.7,0.9,2.4,7.8,3.22,0.9,-1.0
372,Jordan Montgomery\montgjo01,NYY,27,1,3,.250,12.03,13,5,2,0,0,1,0,0,30.2,49,44,41,10,21,0,26,1,1,1,158,2.283,14.4,2.9,6.2,7.6,1.24,-0.9,-1.4
373,Mike Montgomery\montgmi01,KCR,30,6,10,.375,4.56,51,20,8,0,0,7,1,1,136.1,140,78,69,16,54,1,99,12,0,10,601,1.423,9.2,1.1,3.6,6.5,1.83,0.5,-1.4
374,Brian Moran\moranbr01,TOR,31,1,1,.500,5.12,23,0,4,0,0,0,0,8,19.1,16,11,11,5,6,0,25,0,0,0,78,1.138,7.4,2.3,2.8,11.6,4.17,-0.1,-0.1
375,Adrián Morejón\morejad01,SDP,21,0,0,,0.00,1,0,0,0,0,0,0,1,1.0,0,0,0,0,0,0,2,0,0,0,3,0.000,0.0,0.0,0.0,18.0,,0.1,0.1
376,Adam Morgan\morgaad01,PHI,30,0,1,.000,5.31,23,0,6,0,0,0,1,4,20.1,25,13,12,7,15,1,17,2,0,0,101,1.967,11.1,3.1,6.6,7.5,1.13,-0.9,0.2
377,Reyes Moronta\moronre01,SFG,27,1,3,.250,5.74,15,0,8,0,0,0,4,1,15.2,16,10,10,2,15,0,16,2,0,3,74,1.979,9.2,1.1,8.6,9.2,1.07,-0.6,-0.2
378,Brandon Morrow\morrobr01,CHC,35,2,4,.333,5.68,74,0,22,0,0,0,4,10,58.2,70,41,37,8,34,9,53,1,2,4,277,1.773,10.7,1.2,5.2,8.1,1.56,0.0,-0.9
379,Charlie Morton\mortoch02,TBR,36,7,10,.412,4.63,21,21,0,0,0,10,0,0,122.1,112,64,63,15,46,0,119,8,2,4,520,1.292,8.2,1.1,3.4,8.8,2.59,1.5,-0.6
380,Charlie Morton\mortoch02,WSN,36,4,2,.667,4.68,12,12,0,0,0,6,0,0,67.1,79,35,35,10,27,1,69,4,2,3,305,1.574,10.6,1.3,3.6,9.2,2.56,0.8,-1.1
381,Scott Moss\player.fcgi?id=moss--000sco,CLE,25,9,1,.900,4.72,23,12,2,0,0,5,0,0,89.2,73,47,47,12,62,0,101,2,0,5,391,1.506,7.3,1.2,6.2,10.1,1.63,0.3,-0.4
382,Andres Munoz\munozan01,SDP,21,4,8,.333,3.54,68,0,41,0,0,0,23,9,56.0,43,22,22,9,35,2,84,3,2,5,245,1.393,6.9,1.4,5.6,13.5,2.40,0.1,-2.4
383,Penn Murfee\player.fcgi?id=murfee000pen,SEA,26,0,3,.000,6.75,19,4,3,0,0,0,0,0,36.0,39,28,27,9,19,0,37,4,0,4,167,1.611,9.8,2.3,4.8,9.3,1.95,-0.6,-0.9
384,Daniel Murphy\murphda08,COL,35,0,0,,33.75,1,0,0,0,0,0,0,0,1.1,3,5,5,1,4,0,1,0,0,1,11,5.250,20.3,6.8,27.0,6.8,0.25,-0.2,-0.0
385,Tom Murphy\murphto04,SEA,29,0,0,,0.00,1,0,1,0,0,0,0,0,0.2,0,0,0,0,1,0,0,0,0,0,3,1.500,0.0,0.0,13.5,0.0,0.00,-0.0,0.0
386,Joe Musgrove\musgrjo01,PIT,27,10,10,.500,3.04,33,33,0,1,0,22,0,0,207.1,165,79,70,19,53,11,184,12,0,3,830,1.051,7.2,0.8,2.3,8.0,3.47,4.7,2.2
387,DJ Myers\player.fcgi?id=myers-000dj-,SFG,25,2,1,.667,4.41,14,0,5,0,0,0,0,0,34.2,27,17,17,4,19,0,39,1,0,2,148,1.327,7.0,1.0,4.9,10.1,2.05,0.1,0.1
388,Jimmy Nelson\nelsoji02,LAD,31,0,0,,7.36,1,1,0,0,0,0,0,0,3.2,5,3,3,2,3,0,3,0,0,0,18,2.182,12.3,4.9,7.4,7.4,1.00,-0.2,-0.1
389,Hector Neris\nerishe01,PHI,31,3,10,.231,8.57,54,0,32,0,0,0,20,4,49.1,66,47,47,15,18,2,74,5,0,2,233,1.703,12.0,2.7,3.3,13.5,4.11,-0.8,-3.1
390,Dovydas Neverauskas\neverdo01,PIT,27,1,8,.111,6.82,64,0,16,0,0,0,3,5,62.0,78,50,47,11,38,8,65,1,1,2,299,1.871,11.3,1.6,5.5,9.4,1.71,-0.4,-2.3
391,Jake Newberry\newbeja01,KCR,25,2,2,.500,6.15,30,8,8,0,0,0,1,1,33.2,34,26,23,10,16,0,37,2,0,0,149,1.485,9.1,2.7,4.3,9.9,2.31,-0.6,0.2
392,Sean Newcomb\newcose01,ATL,27,1,1,.500,5.16,22,0,4,0,0,0,0,1,29.2,37,21,17,5,10,0,33,0,0,5,137,1.584,11.2,1.5,3.0,10.0,3.30,0.1,-0.7
393,Juan Nicasio\nicasju01,TEX,33,1,1,.500,6.48,52,0,9,0,0,0,0,2,58.1,77,47,42,10,29,3,57,2,1,5,278,1.817,11.9,1.5,4.5,8.8,1.97,-0.3,-1.2
394,Jacob Nix\nixja02,SDP,24,8,7,.533,3.87,23,23,0,0,0,10,0,0,121.0,108,59,52,20,25,0,127,5,0,7,496,1.099,8.0,1.5,1.9,9.4,5.08,1.7,0.2
395,Aaron Nola\nolaaa01,PHI,27,11,9,.550,3.46,33,33,0,0,0,20,0,0,202.2,163,85,78,23,64,3,226,9,0,10,830,1.120,7.2,1.0,2.8,10.0,3.53,4.6,0.9
396,Daniel Norris\norrida01,DET,27,7,15,.318,5.27,32,32,0,1,1,12,0,0,172.1,195,108,101,29,69,2,139,7,0,13,770,1.532,10.2,1.5,3.6,7.3,2.01,0.7,-2.0
397,James Norwood\norwoja01,CHC,26,0,3,.000,8.53,20,0,3,0,0,0,0,3,19.0,21,19,18,2,15,2,22,1,0,3,90,1.895,9.9,0.9,7.1,10.4,1.47,0.0,-0.8
398,Ivan Nova\novaiv01,ARI,33,2,0,1.000,4.11,25,0,6,0,0,0,0,1,46.0,42,22,21,7,14,2,41,0,0,1,192,1.217,8.2,1.4,2.7,8.0,2.93,0.2,0.6
399,Ivan Nova\novaiv01,DET,33,0,1,.000,4.30,20,1,6,0,0,0,0,1,44.0,39,22,21,9,11,0,45,2,0,0,178,1.136,8.0,1.8,2.3,9.2,4.09,-0.0,0.1
400,Darren O'Day\odayda01,ATL,37,0,1,.000,4.88,20,0,8,0,0,0,0,1,24.0,24,13,13,4,10,1,22,1,2,1,104,1.417,9.0,1.5,3.8,8.3,2.20,-0.1,-0.2
401,Trevor Oaks\oakstr01,SFG,27,0,0,,2.65,21,0,10,0,0,0,0,0,37.1,34,11,11,1,12,0,30,1,0,4,156,1.232,8.2,0.2,2.9,7.2,2.50,0.6,0.4
402,Scott Oberg\obergsc01,COL,30,0,6,.000,3.56,64,0,23,0,0,0,5,14,60.2,60,25,24,4,34,5,56,1,1,3,272,1.549,8.9,0.6,5.0,8.3,1.65,1.0,-0.9
403,Jake Odorizzi\odorija01,MIN,30,16,7,.696,4.47,33,33,0,0,0,15,0,0,183.1,185,109,91,29,65,0,194,2,0,7,796,1.364,9.1,1.4,3.2,9.5,2.98,2.4,-1.6
404,Shohei Ohtani\ohtansh01,LAA,25,10,14,.417,3.68,33,33,0,2,0,20,0,0,203.0,147,90,83,31,73,0,246,6,0,8,824,1.084,6.5,1.4,3.2,10.9,3.37,3.2,0.8
405,Steven Okert\okertst01,MIL,28,7,4,.636,5.43,78,0,10,0,0,0,2,8,66.1,75,42,40,12,27,7,64,1,0,3,297,1.538,10.2,1.6,3.7,8.7,2.37,-0.1,-0.6
406,Roberto Osuna\osunaro01,HOU,25,1,10,.091,3.45,59,0,46,0,0,0,29,0,62.2,55,26,24,10,12,3,69,6,0,4,259,1.069,7.9,1.4,1.7,9.9,5.75,0.8,-0.9
407,Dan Otero\oteroda01,NYY,35,0,0,,5.21,27,0,10,0,0,0,0,0,38.0,47,22,22,3,3,0,18,1,0,2,157,1.316,11.1,0.7,0.7,4.3,6.00,0.4,-0.2
408,Adam Ottavino\ottavad01,NYY,34,5,2,.714,3.04,51,0,13,0,0,0,1,5,56.1,43,20,19,7,30,2,73,4,0,3,242,1.296,6.9,1.1,4.8,11.7,2.43,0.4,-0.2
409,Chris Paddack\paddach01,SDP,24,6,14,.300,4.72,33,33,0,0,0,8,0,0,166.0,184,95,87,30,40,1,167,10,0,5,723,1.349,10.0,1.6,2.2,9.1,4.18,1.5,-2.8
410,Emilio Pagan\paganem01,SDP,29,9,2,.818,2.31,80,0,24,0,0,0,6,7,78.0,66,20,20,12,24,0,89,1,1,2,317,1.154,7.6,1.4,2.8,10.3,3.71,0.4,0.8
411,Joe Palumbo\palumjo01,TEX,25,2,0,1.000,5.32,21,0,6,0,0,0,0,3,23.2,30,14,14,5,7,0,38,4,0,2,108,1.563,11.4,1.9,2.7,14.5,5.43,0.1,-0.5
412,Eduardo Paredes\pareded01,BAL,25,9,1,.900,4.00,58,0,11,0,0,0,0,6,72.0,64,33,32,11,23,1,80,4,0,0,305,1.208,8.0,1.4,2.9,10.0,3.48,0.4,1.0
413,Wes Parsons\parsowe01,COL,27,2,1,.667,3.88,44,0,13,0,0,0,0,0,62.2,62,32,27,5,32,4,68,3,0,5,276,1.500,8.9,0.7,4.6,9.8,2.13,0.9,-0.9
414,Luis Patino\patinlu01,SDP,20,3,6,.333,5.46,47,11,10,0,0,1,3,5,84.0,82,55,51,7,46,0,109,6,0,1,378,1.524,8.8,0.8,4.9,11.7,2.37,1.2,0.8
415,James Paxton\paxtoja01,NYY,31,10,9,.526,4.84,24,24,0,0,0,10,0,0,141.1,142,77,76,32,48,0,153,3,1,14,605,1.344,9.0,2.0,3.1,9.7,3.19,0.5,-1.0
416,Brad Peacock\peacobr01,HOU,32,2,2,.500,4.31,35,4,14,0,0,0,0,1,77.1,76,37,37,16,36,1,93,3,0,4,340,1.448,8.8,1.9,4.2,10.8,2.58,-0.2,-0.7
417,Nate Pearson\pearsna01,TOR,23,8,8,.500,3.85,34,34,0,0,0,7,0,0,170.2,144,79,73,24,57,0,204,6,1,10,702,1.178,7.6,1.3,3.0,10.8,3.58,3.2,0.3
418,Felix Pena\penafe01,LAA,30,6,6,.500,4.74,18,18,0,1,1,8,0,0,95.0,96,52,50,18,33,0,89,7,0,3,412,1.358,9.1,1.7,3.1,8.4,2.70,0.3,-0.8
419,Freddy Peralta\peralfr01,MIL,24,9,6,.600,3.01,32,32,0,1,1,10,0,0,167.1,125,62,56,20,75,5,198,1,1,3,693,1.195,6.7,1.1,4.0,10.6,2.64,3.2,1.5
420,Hernan Perez\perezhe01,CHC,29,0,0,,0.00,1,0,1,0,0,0,0,0,0.1,0,0,0,0,0,0,0,0,0,0,1,0.000,0.0,0.0,0.0,0.0,,0.0,0.0
421,Martin Perez\perezma02,BOS,29,2,3,.400,6.24,43,2,13,0,0,0,0,0,106.2,141,76,74,18,60,7,78,6,0,4,506,1.884,11.9,1.5,5.1,6.6,1.30,-1.1,-1.9
422,Oliver Perez\perezol01,CLE,38,0,1,.000,11.85,16,0,4,0,0,0,0,1,13.2,29,18,18,1,4,0,16,0,0,1,74,2.415,19.1,0.7,2.6,10.5,4.00,0.3,-0.2
423,Williams Perez\perezwi01,STL,29,1,0,1.000,2.53,12,2,3,0,0,0,0,0,21.1,20,8,6,2,5,0,27,3,0,0,91,1.172,8.4,0.8,2.1,11.4,5.40,0.4,0.2
424,Yusmeiro Petit\petityu01,OAK,35,6,5,.545,2.79,54,0,22,0,0,0,2,16,71.0,64,22,22,7,5,1,60,2,0,2,277,0.972,8.1,0.9,0.6,7.6,12.00,1.5,1.2
425,David Phelps\phelpda01,MIL,33,4,0,1.000,4.00,59,0,11,0,0,0,0,4,54.0,65,24,24,6,26,3,56,1,0,0,249,1.685,10.8,1.0,4.3,9.3,2.15,0.3,-0.5
426,David Phelps\phelpda01,BAL,33,0,0,,3.43,20,0,7,0,0,0,0,2,21.0,15,8,8,4,5,1,20,0,0,1,80,0.952,6.4,1.7,2.1,8.6,4.00,0.0,0.5
427,Michael Pineda\pinedmi01,MIN,31,9,6,.600,3.79,22,22,0,1,0,13,0,0,142.2,140,66,60,24,25,0,115,2,0,2,584,1.157,8.8,1.5,1.6,7.3,4.60,1.7,1.0
428,Nick Pivetta\pivetni01,PHI,27,1,4,.200,5.73,45,5,16,0,0,1,2,0,88.0,80,61,56,16,36,0,96,9,1,2,383,1.318,8.2,1.6,3.7,9.8,2.67,-0.2,-2.1
429,Zach Plesac\plesaza01,CLE,25,7,6,.538,5.42,21,21,0,0,0,7,0,0,114.2,140,73,69,21,33,0,106,4,1,4,514,1.509,11.0,1.6,2.6,8.3,3.21,0.8,-2.5
430,Adam Plutko\plutkad01,CLE,28,0,1,.000,9.28,2,2,0,0,0,0,0,0,10.2,16,11,11,2,2,0,9,0,0,2,50,1.688,13.5,1.7,1.7,7.6,4.50,0.1,-0.9
431,Colin Poche\pocheco01,TBR,26,2,2,.500,2.57,57,0,13,0,0,0,1,6,63.0,42,18,18,10,19,1,87,4,0,0,249,0.968,6.0,1.4,2.7,12.4,4.58,0.6,0.9
432,Drew Pomeranz\pomerdr01,SDP,31,3,7,.300,5.32,78,0,14,0,0,0,2,14,69.1,74,46,41,9,35,0,70,0,0,4,309,1.572,9.6,1.2,4.5,9.1,2.00,-0.0,-2.2
433,Sean Poppen\poppese01,MIN,26,2,1,.667,0.79,9,0,4,0,0,0,1,3,11.1,7,1,1,1,6,0,14,2,0,0,49,1.147,5.6,0.8,4.8,11.1,2.33,0.1,0.6
434,Rick Porcello\porceri01,NYM,31,11,12,.478,4.36,32,32,0,1,1,18,0,0,198.0,192,96,96,32,49,1,158,10,0,4,822,1.217,8.7,1.5,2.2,7.2,3.22,1.3,0.3
435,Ryan Pressly\pressry01,LAD,31,4,1,.800,2.51,30,0,11,0,0,0,1,8,28.2,26,8,8,2,6,0,28,0,0,2,118,1.116,8.2,0.6,1.9,8.8,4.67,0.7,0.8
436,Ryan Pressly\pressry01,HOU,31,1,2,.333,2.19,23,0,9,0,0,0,3,5,24.2,18,8,6,3,10,1,25,0,0,1,100,1.135,6.6,1.1,3.6,9.1,2.50,0.2,0.3
437,David Price\priceda01,LAD,34,15,6,.714,3.14,32,32,0,0,0,21,0,0,195.0,174,71,68,24,40,0,169,6,1,2,788,1.097,8.0,1.1,1.8,7.8,4.23,3.5,2.2
438,A.J. Puk\pukaj01,OAK,25,10,8,.556,3.88,28,28,0,0,0,10,0,0,143.2,127,66,62,18,59,0,155,8,1,1,612,1.295,8.0,1.1,3.7,9.7,2.63,2.0,0.1
439,Jose Quintana\quintjo01,TBR,31,9,8,.529,4.74,20,20,0,0,0,11,0,0,125.1,130,67,66,23,36,1,100,2,1,1,527,1.324,9.3,1.7,2.6,7.2,2.78,0.6,-0.8
440,Jose Quintana\quintjo01,CHC,31,2,7,.222,6.60,12,12,0,0,0,2,0,0,58.2,61,45,43,7,31,5,39,0,0,4,266,1.568,9.4,1.1,4.8,6.0,1.26,0.4,-1.5
441,Tanner Rainey\raineta01,WSN,27,0,1,.000,3.18,14,0,4,0,0,0,2,1,11.1,8,4,4,3,7,0,21,0,0,3,48,1.324,6.4,2.4,5.6,16.7,3.00,-0.0,0.1
442,Carlos Ramirez\ramirca01,CHW,29,1,0,1.000,6.15,20,0,4,0,0,0,0,0,26.1,27,18,18,7,9,1,32,0,0,2,111,1.367,9.2,2.4,3.1,10.9,3.56,-0.2,0.4
443,Noe Ramirez\ramirno01,LAA,30,6,0,1.000,4.70,43,1,11,0,0,0,1,3,46.0,38,24,24,9,20,1,48,5,1,3,196,1.261,7.4,1.8,3.9,9.4,2.40,-0.4,0.8
444,Yohan Ramirez\ramiryo01,HOU,25,3,2,.600,2.93,14,0,1,0,0,0,0,4,27.2,14,9,9,3,22,1,50,1,0,1,115,1.301,4.6,1.0,7.2,16.3,2.27,0.5,1.4
445,Yohan Ramirez\ramiryo01,SEA,25,0,1,.000,6.00,2,1,0,0,0,0,0,0,6.0,7,4,4,0,3,0,9,1,0,1,29,1.667,10.5,0.0,4.5,13.5,3.00,0.2,-0.0
446,Edubray Ramos\ramosed02,LAD,27,0,0,,1.23,6,0,4,0,0,0,1,0,7.1,4,1,1,1,0,0,4,0,0,0,26,0.545,4.9,1.2,0.0,4.9,,0.0,0.1
447,Drew Rasmussen\rasmudr01,TOR,24,0,0,,2.53,8,0,4,0,0,0,1,1,10.2,8,3,3,2,4,0,20,0,0,1,42,1.125,6.8,1.7,3.4,16.9,5.00,0.2,-0.0
448,Robbie Ray\rayro02,ARI,28,18,7,.720,3.01,34,34,0,0,0,20,0,0,203.0,154,78,68,18,81,7,245,7,1,3,823,1.158,6.8,0.8,3.6,10.9,3.02,5.5,1.1
449,Addison Reed\reedad01,BAL,31,1,0,1.000,3.64,33,0,12,0,0,0,2,6,29.2,32,12,12,4,10,0,25,0,0,3,125,1.416,9.7,1.2,3.0,7.6,2.50,0.1,1.0
450,Addison Reed\reedad01,LAA,31,2,0,1.000,0.76,29,0,9,0,0,0,0,6,35.1,26,5,3,1,6,0,26,0,1,0,135,0.906,6.6,0.3,1.5,6.6,4.33,0.8,1.6
451,Cody Reed\reedco01,CIN,27,3,2,.600,4.01,61,1,15,0,0,0,0,6,60.2,46,30,27,8,23,1,81,9,1,2,261,1.137,6.8,1.2,3.4,12.0,3.52,0.5,0.3
452,Sean Reid-Foley\reidfse01,TOR,24,0,1,.000,108.00,1,1,0,0,0,0,0,0,0.2,4,8,8,1,4,0,1,0,0,1,10,12.000,54.0,13.5,54.0,13.5,0.25,-0.2,-0.4
453,Alex Reyes\reyesal02,STL,25,0,0,,7.90,11,1,0,0,0,0,0,0,13.2,16,13,12,5,11,0,22,1,0,2,69,1.976,10.5,3.3,7.2,14.5,2.00,-0.4,0.1
454,Garrett Richards\richaga01,STL,32,8,9,.471,3.15,27,27,0,2,2,17,0,0,168.1,144,66,59,22,51,0,156,3,0,4,695,1.158,7.7,1.2,2.7,8.3,3.06,2.5,1.8
455,Garrett Richards\richaga01,SDP,32,0,5,.000,5.19,6,6,0,0,0,1,0,0,34.2,38,21,20,5,7,0,38,1,0,0,151,1.298,9.9,1.3,1.8,9.9,5.43,0.7,-0.6
456,Tanner Roark\roarkta01,TOR,33,8,11,.421,4.84,31,31,0,0,0,12,0,0,182.1,175,101,98,35,55,0,155,9,1,7,763,1.261,8.6,1.7,2.7,7.7,2.82,0.7,-1.4
457,Hansel Robles\robleha01,LAA,29,3,6,.333,2.43,63,0,46,0,0,0,31,5,59.1,51,16,16,7,21,1,82,1,0,0,246,1.213,7.7,1.1,3.2,12.4,3.90,1.5,1.9
458,Carlos Rodon\rodonca01,CHW,27,2,5,.286,6.14,8,8,0,0,0,1,0,0,36.2,35,26,25,5,19,0,42,2,0,2,162,1.473,8.6,1.2,4.7,10.3,2.21,0.4,-0.5
459,Eduardo Rodriguez\rodried05,BOS,27,18,11,.621,3.79,33,33,0,3,1,20,0,0,216.1,185,101,91,29,97,7,218,4,0,12,917,1.304,7.7,1.2,4.0,9.1,2.25,2.9,1.4
460,Joely Rodriguez\rodrijo06,TEX,28,0,6,.000,6.11,44,0,13,0,0,0,0,3,45.2,52,33,31,4,21,1,27,5,0,7,206,1.599,10.2,0.8,4.1,5.3,1.29,-0.2,-1.8
461,Richard Rodriguez\rodriri05,LAA,30,1,1,.500,1.98,21,0,5,0,0,0,1,1,27.1,15,6,6,2,7,0,27,4,0,0,106,0.805,4.9,0.7,2.3,8.9,3.86,0.3,0.7
462,Richard Rodriguez\rodriri05,PIT,30,2,1,.667,1.69,30,0,14,0,0,0,2,2,32.0,25,14,6,5,13,2,30,4,0,1,132,1.188,7.0,1.4,3.7,8.4,2.31,-0.1,-0.3
463,Chaz Roe\roech01,TBR,33,2,1,.667,3.25,51,0,18,0,0,0,1,2,44.1,31,17,16,5,15,0,61,3,1,0,180,1.038,6.3,1.0,3.0,12.4,4.07,0.7,0.1
464,Taylor Rogers\rogerta01,MIN,29,1,5,.167,3.36,58,0,39,0,0,0,31,8,56.1,61,24,21,4,19,2,58,6,1,0,243,1.420,9.7,0.6,3.0,9.3,3.05,1.3,0.8
465,Trevor Rogers\rogertr01,MIA,22,10,11,.476,3.24,33,27,2,1,1,15,0,0,164.0,130,60,59,7,70,0,140,8,2,5,672,1.220,7.1,0.4,3.8,7.7,2.00,3.3,1.1
466,Tyler Rogers\rogerty01,SFG,29,1,1,.500,5.14,14,0,5,0,0,0,0,2,14.0,18,9,8,3,5,0,8,1,0,0,62,1.643,11.6,1.9,3.2,5.1,1.60,-0.3,-0.1
467,Jordan Romano\romanjo03,TOR,27,4,5,.444,4.88,57,0,11,0,0,0,0,3,94.0,89,54,51,21,50,0,141,3,1,5,415,1.479,8.5,2.0,4.8,13.5,2.82,-0.3,-2.2
468,Miguel Romero\player.fcgi?id=romero003lui,OAK,26,1,0,1.000,4.26,4,0,1,0,0,0,0,2,6.1,4,3,3,0,2,0,6,0,0,0,22,0.947,5.7,0.0,2.8,8.5,3.00,0.2,0.0
469,Sergio Romo\romose01,MIN,37,1,6,.143,6.50,37,0,14,0,0,0,1,4,45.2,50,33,33,9,14,2,33,0,0,1,197,1.401,9.9,1.8,2.8,6.5,2.36,-0.3,-1.7
470,Hector Rondon\rondohe01,ARI,32,5,1,.833,2.45,51,0,26,0,0,0,3,5,58.2,54,20,16,6,20,6,50,0,0,1,249,1.261,8.3,0.9,3.1,7.7,2.50,0.7,1.5
471,Jose Rondon\rondojo02,BAL,26,0,0,,0.00,2,0,2,0,0,0,0,0,1.1,3,0,0,0,0,0,1,0,0,0,7,2.250,20.3,0.0,0.0,6.8,,0.0,-0.0
472,Trevor Rosenthal\rosentr01,LAD,30,2,0,1.000,4.98,32,0,11,0,0,0,1,2,43.1,36,25,24,3,19,0,55,3,0,2,185,1.269,7.5,0.6,3.9,11.4,2.89,0.7,-0.6
473,Trevor Rosenthal\rosentr01,KCR,30,1,1,.500,4.60,20,0,3,0,0,0,0,4,15.2,11,8,8,3,11,0,26,2,0,0,69,1.404,6.3,1.7,6.3,14.9,2.36,-0.1,0.2
474,Joe Ross\rossjo01,WSN,27,2,3,.400,4.10,65,7,13,0,0,1,0,2,96.2,108,52,44,18,35,0,90,4,1,2,427,1.479,10.1,1.7,3.3,8.4,2.57,-0.1,-0.9
475,Adley Rutschman\player.fcgi?id=rutsch000adl,BAL,22,0,0,,54.00,1,0,0,0,0,0,0,0,0.2,2,4,4,0,2,0,0,1,0,0,6,6.000,27.0,0.0,27.0,0.0,0.00,-0.1,0.0
476,Kyle Ryan\ryanky01,CHC,28,0,0,,0.00,2,0,0,0,0,0,0,0,2.2,2,0,0,0,1,0,1,0,0,0,10,1.125,6.8,0.0,3.4,3.4,1.00,0.0,0.1
477,Hyun Jin Ryu\ryuhy01,TOR,33,15,11,.577,5.06,34,34,0,0,0,13,0,0,183.1,200,110,103,32,35,0,155,3,0,10,766,1.282,9.8,1.6,1.7,7.6,4.43,2.0,-1.1
478,Casey Sadler\sadleca02,CHC,29,2,4,.333,5.40,63,7,15,0,0,0,1,2,96.2,114,63,58,10,27,7,84,11,1,8,432,1.459,10.6,0.9,2.5,7.8,3.11,1.1,-1.1
479,Danny Salazar\salazda01,COL,30,15,11,.577,4.75,32,32,0,1,1,16,0,0,189.1,174,108,100,26,97,5,205,3,2,10,835,1.431,8.3,1.2,4.6,9.7,2.11,2.9,-1.3
480,Jeff Samardzija\samarje01,SFG,35,9,14,.391,4.65,33,33,0,0,0,21,0,0,205.1,218,107,106,35,50,1,156,5,3,5,865,1.305,9.6,1.5,2.2,6.8,3.12,1.2,-1.1
481,Keyvius Sampson\sampske01,BAL,29,8,9,.471,5.30,32,32,0,0,0,4,0,0,144.1,134,95,85,24,74,0,133,9,1,6,637,1.441,8.4,1.5,4.6,8.3,1.80,0.3,-2.4
482,Aaron Sanchez\sanchaa01,CIN,27,1,7,.125,5.46,11,11,0,0,0,5,0,0,61.0,61,42,37,8,44,0,53,5,0,1,288,1.721,9.0,1.2,6.5,7.8,1.20,-0.1,-1.6
483,Aaron Sanchez\sanchaa01,BAL,27,5,7,.417,3.82,22,22,0,0,0,8,0,0,125.0,101,55,53,18,51,0,103,8,0,2,522,1.216,7.3,1.3,3.7,7.4,2.02,0.8,0.8
484,Anibal Sanchez\sanchan01,WSN,36,7,2,.778,4.14,22,3,3,0,0,1,0,0,91.1,101,47,42,14,22,0,75,4,2,4,396,1.347,10.0,1.4,2.2,7.4,3.41,0.5,-0.6
485,Sixto Sanchez\sanchsi01,MIA,21,1,3,.250,4.91,21,0,9,0,0,0,2,5,22.0,23,14,12,2,9,3,25,3,0,0,100,1.455,9.4,0.8,3.7,10.2,2.78,0.4,-0.7
486,Nick Sandlin\player.fcgi?id=sandli000nic,CLE,23,1,1,.500,4.63,8,0,3,0,0,0,0,0,11.2,11,6,6,3,1,0,16,0,0,0,45,1.029,8.5,2.3,0.8,12.3,16.00,0.1,0.2
487,Patrick Sandoval\sandopa02,LAA,23,5,3,.625,3.80,25,3,5,0,0,2,0,0,83.0,59,38,35,13,35,1,86,3,1,10,338,1.133,6.4,1.4,3.8,9.3,2.46,0.2,-0.1
488,Edgar Santana\santaed01,PIT,28,5,0,1.000,3.27,46,0,13,0,0,0,1,3,41.1,34,17,15,1,20,7,29,1,0,0,177,1.306,7.4,0.2,4.4,6.3,1.45,0.6,0.3
489,Max Scherzer\scherma01,WSN,35,16,8,.667,2.63,33,33,0,1,0,25,0,0,226.0,165,71,66,29,36,0,318,12,0,10,884,0.889,6.6,1.2,1.4,12.7,8.83,7.7,3.6
490,Brian Schlitter\schlibr01,OAK,34,2,0,1.000,3.18,30,0,9,0,0,0,0,1,39.2,36,16,14,2,11,0,25,3,0,0,169,1.185,8.2,0.5,2.5,5.7,2.27,0.4,0.1
491,John Schreiber\schrejo01,DET,26,2,2,.500,4.21,36,1,10,0,0,0,0,3,47.0,60,22,22,6,18,1,51,2,0,2,218,1.660,11.5,1.1,3.4,9.8,2.83,0.4,-0.2
492,Tanner Scott\scottta01,BAL,25,1,5,.167,5.01,66,0,32,0,0,0,14,9,59.1,53,33,33,4,44,2,84,0,0,5,267,1.635,8.0,0.6,6.7,12.7,1.91,1.1,0.3
493,Sam Selman\selmasa01,SFG,29,2,1,.667,3.60,29,0,8,0,0,0,2,7,35.0,22,14,14,0,19,0,54,0,0,2,142,1.171,5.7,0.0,4.9,13.9,2.84,1.2,0.7
494,Antonio Senzatela\senzaan01,COL,25,7,7,.500,4.30,31,31,0,1,0,17,0,0,182.0,187,95,87,16,73,6,151,13,0,11,807,1.429,9.2,0.8,3.6,7.5,2.07,3.5,-1.1
495,Kevin Shackelford\shackke01,LAA,31,1,0,1.000,3.20,20,0,6,0,0,0,1,2,25.1,20,9,9,1,8,0,31,1,1,0,95,1.105,7.1,0.4,2.8,11.0,3.88,0.6,0.5
496,Bryan Shaw\shawbr01,COL,32,2,5,.286,4.74,46,0,16,0,0,0,3,6,49.1,57,27,26,5,23,4,48,1,0,1,223,1.622,10.4,0.9,4.2,8.8,2.09,0.6,-1.0
497,Justus Sheffield\sheffju01,SEA,24,11,12,.478,4.66,30,30,0,1,1,17,0,0,175.2,174,95,91,22,68,0,164,12,1,5,757,1.378,8.9,1.1,3.5,8.4,2.41,1.8,-1.6
498,James Sherfy\sherfji01,ARI,28,1,0,1.000,2.70,56,0,18,0,0,0,1,8,66.2,57,21,20,3,33,4,88,4,0,3,283,1.350,7.7,0.4,4.5,11.9,2.67,1.5,0.6
499,Matt Shoemaker\shoemma01,TOR,33,1,4,.200,6.91,12,12,0,0,0,2,0,0,54.2,66,44,42,13,25,0,56,2,0,3,252,1.665,10.9,2.1,4.1,9.2,2.24,-0.2,-1.4
500,Brady Singer\singebr01,KCR,23,1,7,.125,6.71,44,13,8,0,0,3,0,1,103.1,141,78,77,22,27,0,71,5,1,1,470,1.626,12.3,1.9,2.4,6.2,2.63,-0.7,-2.4
501,Tarik Skubal\skubata01,DET,23,2,0,1.000,5.31,28,0,12,0,0,0,2,2,39.0,41,26,23,9,12,1,51,3,0,2,174,1.359,9.5,2.1,2.8,11.8,4.25,-0.1,0.2
502,Caleb Smith\smithca03,MIA,28,11,10,.524,3.44,33,33,0,1,1,18,0,0,196.0,156,82,75,17,59,0,203,4,0,11,798,1.097,7.2,0.8,2.7,9.3,3.44,4.7,1.7
503,Carson Smith\smithca02,WSN,30,2,6,.250,6.86,56,0,14,0,0,0,3,11,40.2,46,35,31,7,18,0,56,5,0,0,188,1.574,10.2,1.5,4.0,12.4,3.11,0.1,-0.8
504,Joe Smith\smithjo05,HOU,36,4,0,1.000,3.48,34,0,14,0,0,0,2,3,54.1,45,22,21,7,17,5,66,3,0,3,232,1.141,7.5,1.2,2.8,10.9,3.88,0.8,1.4
505,Josh A. Smith\smithjo07,MIA,32,0,0,,4.43,13,0,3,0,0,0,1,0,22.1,22,11,11,3,8,0,22,1,0,1,98,1.343,8.9,1.2,3.2,8.9,2.75,0.0,0.1
506,Will Smith\smithwi04,ATL,30,6,4,.600,3.95,59,0,45,0,0,0,34,1,57.0,45,25,25,6,24,4,83,8,1,1,243,1.211,7.1,0.9,3.8,13.1,3.46,1.5,1.1
507,Drew Smyly\smylydr01,SFG,31,9,8,.529,4.41,31,26,3,1,1,13,0,0,163.1,161,88,80,22,57,1,147,3,0,14,705,1.335,8.9,1.2,3.1,8.1,2.58,1.7,-0.6
508,Cy Sneed\sneedcy01,HOU,27,0,0,,9.72,5,0,5,0,0,0,0,0,8.1,16,9,9,5,0,0,12,1,0,0,40,1.920,17.3,5.4,0.0,13.0,,-0.4,-0.0
509,Blake Snell\snellbl01,TBR,27,11,7,.611,3.71,30,30,0,0,0,15,0,0,182.0,148,83,75,25,57,0,232,4,0,6,745,1.126,7.3,1.2,2.8,11.5,4.07,3.9,-0.3
510,Chad Sobotka\sobotch01,ATL,26,3,0,1.000,2.39,23,0,7,0,0,0,1,2,26.1,15,7,7,1,18,1,37,0,0,4,110,1.253,5.1,0.3,6.2,12.6,2.06,0.5,0.7
511,Joakim Soria\soriajo01,OAK,36,2,2,.500,7.07,44,4,8,0,0,0,1,4,56.0,64,45,44,14,25,2,48,2,1,3,254,1.589,10.3,2.3,4.0,7.7,1.92,-1.0,-0.7
512,Mike Soroka\sorokmi01,ATL,22,12,7,.632,3.99,34,34,0,1,1,17,0,0,191.2,188,90,85,16,49,4,176,9,3,7,804,1.237,8.8,0.8,2.3,8.3,3.59,4.7,-0.2
513,Glenn Sparkman\sparkgl01,KCR,28,1,1,.500,6.75,19,4,3,0,0,0,0,1,32.0,42,24,24,7,9,0,35,2,0,0,147,1.594,11.8,2.0,2.5,9.8,3.89,-0.0,-0.2
514,Craig Stammen\stammcr01,SDP,36,5,1,.833,3.13,76,0,14,0,0,0,1,7,74.2,75,27,26,6,15,1,59,0,0,3,309,1.205,9.0,0.7,1.8,7.1,3.93,1.0,0.3
515,Ryne Stanek\stanery01,MIA,28,1,4,.200,4.12,46,0,5,0,0,0,1,21,54.2,39,25,25,6,21,0,56,0,1,1,220,1.098,6.4,1.0,3.5,9.2,2.67,0.5,1.6
516,Cole Stapler\player.fcgi?id=staple000col,ARI,25,1,0,1.000,6.75,1,0,0,0,0,0,0,0,1.1,2,1,1,0,0,0,1,0,0,0,6,1.500,13.5,0.0,0.0,6.8,,0.1,0.0
517,Cody Stashak\stashco01,MIN,26,0,1,.000,0.00,2,0,1,0,0,0,0,0,2.2,1,1,0,0,0,0,2,0,0,0,10,0.375,3.4,0.0,0.0,6.8,,0.1,0.2
518,Josh Staumont\staumjo01,KCR,26,0,2,.000,5.25,24,0,4,0,0,0,0,1,24.0,20,16,14,3,22,1,28,1,0,6,113,1.750,7.5,1.1,8.3,10.5,1.27,-0.2,-0.5
519,Drew Steckenrider\steckdr01,MIA,29,2,10,.167,7.69,59,0,44,0,0,0,28,6,52.2,72,50,45,11,30,2,60,2,2,2,263,1.937,12.3,1.9,5.1,10.3,2.00,-1.0,-3.9
520,Justin Steele\player.fcgi?id=steele000jus,CHC,24,0,1,.000,3.12,12,0,1,0,0,0,0,1,17.1,11,6,6,3,5,0,17,1,0,2,65,0.923,5.7,1.6,2.6,8.8,3.40,-0.0,0.3
521,Robert Stephenson\stephro01,CIN,27,4,6,.400,4.15,65,0,15,0,0,0,1,11,60.2,46,30,28,8,36,0,92,1,1,2,261,1.352,6.8,1.2,5.3,13.6,2.56,0.6,-0.4
522,DJ Stewart\stewadj01,BAL,26,0,0,,15.00,2,0,0,0,0,0,0,0,3.0,4,5,5,1,4,0,0,0,0,0,15,2.667,12.0,3.0,12.0,0.0,0.00,-0.2,-0.0
523,Kohl Stewart\stewako01,BAL,25,1,0,1.000,0.00,2,0,0,0,0,0,0,0,4.0,0,0,0,0,4,0,2,0,0,0,15,1.000,0.0,0.0,9.0,4.5,0.50,-0.0,0.1
524,Robert Stock\stockro01,PHI,30,0,0,,6.75,2,0,0,0,0,0,0,0,2.2,4,2,2,0,1,0,2,0,0,0,11,1.875,13.5,0.0,3.4,6.8,2.00,0.1,-0.0
525,Matt Strahm\strahma01,SDP,28,5,0,1.000,2.84,42,0,12,0,0,0,0,3,50.2,49,18,16,5,14,1,52,1,0,1,212,1.243,8.7,0.9,2.5,9.2,3.71,0.7,1.0
526,Stephen Strasburg\strasst01,WSN,31,19,5,.792,3.67,33,33,0,2,1,22,0,0,211.0,195,88,86,21,36,1,242,10,2,3,856,1.095,8.3,0.9,1.5,10.3,6.72,6.7,1.3
527,Chris Stratton\stratch01,PIT,29,9,13,.409,4.45,33,29,0,0,0,12,0,0,165.2,172,95,82,17,71,8,125,6,0,8,724,1.467,9.3,0.9,3.9,6.8,1.76,1.9,-1.5
528,Hunter Strickland\strichu01,NYY,31,0,0,,4.78,38,0,13,0,0,0,0,3,43.1,38,24,23,5,24,0,39,5,0,0,191,1.431,7.9,1.0,5.0,8.1,1.63,-0.2,0.7
529,Ross Stripling\stripro01,LAD,30,1,0,1.000,0.00,4,0,0,0,0,0,0,1,3.1,1,0,0,0,1,0,4,0,0,0,11,0.600,2.7,0.0,2.7,10.8,4.00,0.2,0.4
530,Marcus Stroman\stromma01,NYM,29,10,10,.500,4.15,33,33,0,0,0,18,0,0,206.0,213,100,95,21,84,0,149,3,0,8,895,1.442,9.3,0.9,3.7,6.5,1.77,1.9,-1.3
531,Pedro Strop\stroppe01,CIN,35,7,0,1.000,2.66,58,0,20,0,0,0,0,4,61.0,45,22,18,4,15,1,74,5,0,0,242,0.984,6.6,0.6,2.2,10.9,4.93,1.4,0.8
532,Daniel Stumpf\stumpda01,CLE,29,1,2,.333,4.12,15,0,4,0,0,0,1,0,19.2,16,9,9,1,8,0,23,1,0,0,81,1.220,7.3,0.5,3.7,10.5,2.88,0.4,0.1
533,Ranger Suarez\suarera01,PHI,24,11,8,.579,2.95,40,25,5,0,0,16,0,0,171.0,147,65,56,25,30,0,152,7,2,6,686,1.035,7.7,1.3,1.6,8.0,5.07,2.5,0.6
534,Wander Suero\suerowa01,WSN,28,5,2,.714,3.64,63,0,13,0,0,0,2,11,54.1,48,22,22,7,23,1,48,1,1,2,233,1.307,8.0,1.2,3.8,8.0,2.09,0.2,-0.4
535,Brent Suter\suterbr01,MIL,30,7,7,.500,4.43,32,32,0,0,0,13,0,0,168.2,174,84,83,30,38,8,154,4,0,7,702,1.257,9.3,1.6,2.0,8.2,4.05,2.0,-0.9
536,Erik Swanson\swanser01,SEA,26,1,0,1.000,4.28,33,1,11,0,0,1,0,0,48.1,43,26,23,11,13,0,79,5,2,5,204,1.159,8.0,2.0,2.4,14.7,6.08,0.2,0.0
537,Anthony Swarzak\swarzan01,PHI,34,4,1,.800,5.51,49,0,17,0,0,0,1,4,47.1,46,29,29,5,24,1,42,0,0,2,204,1.479,8.7,1.0,4.6,8.0,1.75,0.1,-0.4
538,Masahiro Tanaka\tanakma01,NYY,31,13,11,.542,4.75,32,32,0,1,0,17,0,0,201.0,224,119,106,36,50,3,167,9,3,7,874,1.363,10.0,1.6,2.2,7.5,3.34,1.5,-2.6
539,Raimel Tapia\tapiara01,COL,26,0,0,,0.00,1,0,1,0,0,0,0,0,1.0,1,0,0,0,2,0,0,0,0,0,6,3.000,9.0,0.0,18.0,0.0,0.00,-0.0,0.0
540,Josh Taylor\taylojo02,BOS,27,0,3,.000,5.08,34,1,9,0,0,0,1,1,51.1,51,30,29,5,33,4,41,2,0,2,229,1.636,8.9,0.9,5.8,7.2,1.24,-0.0,0.1
541,Julio Teheran\teherju01,LAA,29,8,9,.471,4.70,32,32,0,0,0,11,0,0,176.1,173,103,92,39,88,1,151,15,0,6,792,1.480,8.8,2.0,4.5,7.7,1.72,-1.4,-2.3
542,Trent Thornton\thorntr01,TOR,26,0,2,.000,16.00,4,0,0,0,0,0,0,0,9.0,15,16,16,5,6,0,10,1,0,0,50,2.333,15.0,5.0,6.0,10.0,1.67,-0.6,-0.9
543,Quintin Torres-Costa\player.fcgi?id=torres000qui,BAL,25,2,6,.250,5.86,71,1,16,0,0,0,2,4,66.0,45,44,43,13,67,2,86,4,0,3,313,1.697,6.1,1.8,9.1,11.7,1.28,-1.3,-0.1
544,Touki Toussaint\toussto01,ATL,24,0,0,,1.84,7,0,3,0,0,0,1,0,14.2,8,3,3,0,7,0,19,2,0,1,59,1.023,4.9,0.0,4.3,11.7,2.71,0.4,-0.0
545,Blake Treinen\treinbl01,LAD,32,7,7,.500,3.22,51,0,15,0,0,0,1,7,64.1,58,27,23,3,19,0,65,2,0,2,266,1.197,8.1,0.4,2.7,9.1,3.42,1.4,-1.3
546,Andrew Triggs\triggan01,SFG,31,7,11,.389,3.40,32,32,0,0,0,19,0,0,188.0,188,77,71,16,55,1,135,6,0,10,786,1.293,9.0,0.8,2.6,6.5,2.45,3.0,0.1
547,Lou Trivino\trivilo01,OAK,28,8,0,1.000,5.10,47,0,16,0,0,0,2,4,60.0,68,36,34,8,26,1,62,1,0,1,271,1.567,10.2,1.2,3.9,9.3,2.38,0.2,-1.3
548,Sam Tuivailala\tuivasa01,SEA,27,5,2,.714,3.51,60,0,19,0,0,0,5,8,59.0,57,24,23,7,19,0,61,0,0,0,245,1.288,8.7,1.1,2.9,9.3,3.21,0.6,1.7
549,Jose Urena\urenajo01,MIA,28,5,17,.227,4.35,32,32,0,0,0,13,0,0,171.2,176,89,83,13,47,0,114,9,0,8,737,1.299,9.2,0.7,2.5,6.0,2.43,2.7,-0.6
550,Julio Urias\uriasju01,LAD,23,3,1,.750,3.56,6,6,0,0,0,1,0,0,30.1,28,12,12,4,8,0,39,0,0,2,124,1.187,8.3,1.2,2.4,11.6,4.88,0.8,0.1
551,Jose Urquidy\urquijo01,HOU,25,14,8,.636,4.77,30,30,0,2,0,16,0,0,185.0,198,103,98,33,29,0,168,7,0,10,776,1.227,9.6,1.6,1.4,8.2,5.79,2.2,-0.7
552,Framber Valdez\valdefr01,HOU,26,3,5,.375,4.00,45,1,22,0,0,0,7,7,54.0,39,24,24,3,37,1,89,3,0,3,236,1.407,6.5,0.5,6.2,14.8,2.41,1.4,0.5
553,Phillips Valdez\valdeph01,BOS,28,1,0,1.000,1.13,1,1,0,0,0,1,0,0,8.0,3,1,1,0,1,0,5,0,0,0,27,0.500,3.4,0.0,1.1,5.6,5.00,0.3,0.5
554,Vince Velasquez\velasvi01,PHI,28,10,14,.417,5.68,32,32,0,1,0,8,0,0,171.0,177,111,108,42,69,1,192,4,0,8,756,1.439,9.3,2.2,3.6,10.1,2.78,0.0,-3.4
555,Pat Venditte\vendipa01,MIA,35,1,2,.333,4.01,35,0,17,0,0,0,2,1,49.1,49,22,22,6,18,0,50,1,0,0,210,1.358,8.9,1.1,3.3,9.1,2.78,0.3,-0.5
556,Justin Verlander\verlaju01,HOU,37,12,12,.500,4.63,33,33,0,1,0,19,0,0,214.0,217,116,110,41,50,1,231,9,0,8,907,1.248,9.1,1.7,2.1,9.7,4.62,2.4,-1.8
557,Alex Vesia\vesiaal01,MIA,24,1,0,1.000,3.86,17,0,2,0,0,0,1,3,25.2,18,12,11,0,12,0,28,3,0,0,110,1.169,6.3,0.0,4.2,9.8,2.33,0.5,0.2
558,Will Vest\player.fcgi?id=vest--000wil,DET,25,3,4,.429,4.43,43,0,12,0,0,0,4,11,42.2,46,22,21,4,14,2,39,4,1,3,189,1.406,9.7,0.8,3.0,8.2,2.79,0.6,-1.1
559,Nick Vincent\vinceni01,SFG,33,1,2,.333,3.83,38,0,8,0,0,0,1,3,54.0,53,23,23,5,10,0,45,2,0,3,223,1.167,8.8,0.8,1.7,7.5,4.50,0.6,-0.7
560,Arodys Vizcaino\vizcaar01,LAA,29,0,1,.000,6.55,21,0,6,0,0,0,1,1,22.0,21,18,16,8,12,0,26,0,0,2,100,1.500,8.6,3.3,4.9,10.6,2.17,-0.7,-0.8
561,Austin Voth\vothau01,WSN,28,1,0,1.000,10.24,7,1,3,0,0,0,2,0,9.2,14,11,11,5,2,0,17,2,0,0,44,1.655,13.0,4.7,1.9,15.8,8.50,-0.3,-0.4
562,Michael Wacha\wachami01,NYM,28,6,12,.333,4.53,31,31,0,0,0,16,0,0,172.2,190,97,87,26,70,1,134,3,1,12,750,1.506,9.9,1.4,3.6,7.0,1.91,0.6,-1.6
563,Adam Wainwright\wainwad01,STL,38,5,4,.556,5.13,11,11,0,0,0,5,0,0,59.2,64,34,34,10,20,0,41,4,2,0,258,1.408,9.7,1.5,3.0,6.2,2.05,0.1,-0.4
564,Marcus Walden\waldema01,BOS,31,0,0,,4.70,16,1,8,0,0,0,0,1,23.0,36,12,12,5,6,2,18,0,0,0,110,1.826,14.1,2.0,2.3,7.0,3.00,-0.1,-0.3
565,Taijuan Walker\walketa01,SEA,27,2,1,.667,4.13,5,5,0,0,0,2,0,0,32.2,29,15,15,5,13,0,22,1,0,1,139,1.286,8.0,1.4,3.6,6.1,1.69,0.0,0.1
566,Tony Watson\watsoto01,TOR,35,0,0,,4.08,14,0,6,0,0,0,1,1,17.2,20,8,8,2,2,0,21,2,0,0,76,1.245,10.2,1.0,1.0,10.7,10.50,0.3,0.2
567,Tony Watson\watsoto01,SFG,35,4,2,.667,3.81,36,0,14,0,0,0,2,4,49.2,45,21,21,3,17,5,37,1,0,2,204,1.248,8.2,0.5,3.1,6.7,2.18,0.7,1.8
568,Luke Weaver\weavelu01,ARI,26,9,12,.429,5.89,32,32,0,0,0,14,0,0,172.2,192,115,113,31,58,7,154,8,0,14,762,1.448,10.0,1.6,3.0,8.0,2.66,1.2,-2.6
569,Logan Webb\webblo01,SFG,23,7,7,.500,2.54,47,2,22,0,0,2,3,6,67.1,52,21,19,2,22,0,89,3,0,3,272,1.099,7.0,0.3,2.9,11.9,4.05,2.3,0.9
570,Tyler Webb\webbty01,STL,29,0,0,,2.84,7,0,0,0,0,0,0,2,6.1,4,2,2,0,1,0,7,0,0,0,24,0.789,5.7,0.0,1.4,9.9,7.00,0.3,0.4
571,Tyler Webb\webbty01,DET,29,2,3,.400,5.61,41,0,15,0,0,0,0,1,43.1,47,31,27,10,20,1,42,1,0,1,196,1.546,9.8,2.1,4.2,8.7,2.10,-0.6,-0.7
572,Ryan Weber\weberry01,BOS,29,2,7,.222,8.70,13,12,0,1,1,2,0,0,60.0,88,60,58,11,15,1,35,5,0,4,282,1.717,13.2,1.7,2.3,5.3,2.33,0.0,-2.3
573,Blake Weiman\player.fcgi?id=weiman000bla,PIT,24,5,1,.833,3.39,73,2,19,0,0,0,2,7,71.2,78,30,27,9,24,6,80,3,0,2,315,1.423,9.8,1.1,3.0,10.0,3.33,0.9,1.0
574,J.B. Wendelken\wendejb01,OAK,27,2,0,1.000,2.50,37,1,15,0,0,0,0,1,54.0,40,17,15,5,23,2,46,2,1,1,223,1.167,6.7,0.8,3.8,7.7,2.00,0.3,0.6
575,Zack Wheeler\wheelza01,PHI,30,12,14,.462,4.22,33,33,0,0,0,18,0,0,209.0,195,101,98,38,49,5,181,7,1,5,853,1.167,8.4,1.6,2.1,7.8,3.69,2.0,-0.2
576,Kodi Whitley\whitlko01,STL,25,8,2,.800,2.78,66,1,11,0,0,0,3,20,64.2,54,20,20,4,20,0,78,2,1,6,264,1.144,7.5,0.6,2.8,10.9,3.90,1.7,1.7
577,Rowan Wick\wickro01,CHC,27,1,1,.500,5.57,38,0,5,0,0,0,1,8,32.1,38,22,20,1,24,1,28,0,1,3,158,1.918,10.6,0.3,6.7,7.8,1.17,0.2,0.0
578,Brad Wieck\wieckbr01,CHC,28,7,5,.583,6.34,76,0,16,0,0,0,3,14,61.0,72,45,43,13,43,8,84,4,3,4,291,1.885,10.6,1.9,6.3,12.4,1.95,-0.5,-2.7
579,Devin Williams\willide03,MIL,25,1,2,.333,6.29,61,3,6,0,0,0,2,5,48.2,51,36,34,8,44,4,69,3,0,2,237,1.952,9.4,1.5,8.1,12.8,1.57,-0.3,-0.5
580,Trevor Williams\willitr01,PIT,28,9,10,.474,3.72,32,32,0,0,0,14,0,0,176.2,172,89,73,21,59,4,128,10,2,4,757,1.308,8.8,1.1,3.0,6.5,2.17,1.8,-0.9
581,Bryse Wilson\wilsobr02,ATL,22,12,9,.571,3.59,32,29,2,0,0,10,0,0,173.0,141,79,69,23,44,1,165,3,0,5,696,1.069,7.3,1.2,2.3,8.6,3.75,3.0,1.0
582,Justin Wilson\wilsoju10,NYM,32,3,1,.750,2.58,65,0,13,0,0,0,2,7,59.1,39,18,17,2,36,1,75,0,1,1,248,1.264,5.9,0.3,5.5,11.4,2.08,1.0,1.5
583,Matt Wisler\wislema01,MIN,27,3,0,1.000,2.77,42,0,10,0,0,0,0,1,78.0,64,26,24,9,24,0,93,1,1,4,318,1.128,7.4,1.0,2.8,10.7,3.88,1.1,0.5
584,Nick Wittgren\wittgni01,CLE,29,5,1,.833,3.51,50,0,9,0,0,0,0,8,66.2,72,26,26,7,15,0,64,0,0,1,276,1.305,9.7,0.9,2.0,8.6,4.27,0.9,0.9
585,Alex Wood\woodal02,LAD,29,20,6,.769,3.66,33,33,0,0,0,15,0,0,204.0,180,87,83,30,38,0,157,10,1,4,820,1.069,7.9,1.3,1.7,6.9,4.13,2.4,1.0
586,Blake Wood\woodbl01,BOS,34,1,2,.333,3.56,39,0,16,0,0,0,1,3,60.2,65,24,24,6,25,4,59,3,1,0,270,1.484,9.6,0.9,3.7,8.8,2.36,0.6,-0.2
587,Hunter Wood\woodhu01,CLE,26,0,0,,0.00,3,0,1,0,0,0,0,1,4.2,1,0,0,0,2,0,4,0,0,0,16,0.643,1.9,0.0,3.9,7.7,2.00,0.1,0.5
588,Brandon Woodruff\woodrbr01,MIL,27,12,16,.429,4.37,34,34,0,0,0,10,0,0,177.0,178,101,86,20,65,4,193,13,0,21,777,1.373,9.1,1.0,3.3,9.8,2.97,3.3,-1.8
589,Stephen Woods\player.fcgi?id=woods-003ste,KCR,25,0,0,,0.00,2,0,0,0,0,0,0,0,1.2,3,0,0,0,1,0,1,0,0,0,9,2.400,16.2,0.0,5.4,5.4,1.00,0.0,0.0
590,Brandon Workman\workmbr01,BOS,31,6,1,.857,4.97,42,0,14,0,0,0,3,9,50.2,50,28,28,5,32,2,55,3,1,2,230,1.618,8.9,0.9,5.7,9.8,1.72,0.2,-0.0
591,Kyle Wright\wrighky01,ATL,24,5,7,.417,3.51,33,18,1,0,0,10,0,1,128.1,101,59,50,13,56,2,125,3,1,3,535,1.223,7.1,0.9,3.9,8.8,2.23,1.9,-0.4
592,Steven Wright\wrighst01,SEA,35,0,1,.000,4.58,3,3,0,0,0,2,0,0,19.2,21,10,10,2,10,0,14,1,0,1,88,1.576,9.6,0.9,4.6,6.4,1.40,0.1,-0.1
593,Shun Yamaguchi\yamagsh01,TOR,32,3,10,.231,5.78,33,19,6,0,0,3,0,0,113.2,119,77,73,32,38,0,140,7,3,9,501,1.381,9.4,2.5,3.0,11.1,3.68,-0.5,-2.1
594,Ryan Yarbrough\yarbrry01,TBR,28,4,2,.667,3.68,7,7,0,1,0,5,0,0,44.0,34,18,18,6,5,0,36,5,0,3,173,0.886,7.0,1.2,1.0,7.4,7.20,0.6,0.1
595,Kirby Yates\yateski01,SDP,33,2,1,.667,3.15,24,0,5,0,0,0,1,4,20.0,11,7,7,2,6,0,26,5,1,0,82,0.850,5.0,0.9,2.7,11.7,4.33,0.2,-0.2
596,Kirby Yates\yateski01,WSN,33,1,1,.500,4.91,47,0,8,0,0,0,1,10,36.2,48,20,20,5,17,1,39,5,0,3,177,1.773,11.8,1.2,4.2,9.6,2.29,0.0,-1.4
597,Daniel Zamora\zamorda01,NYM,27,2,1,.667,4.87,49,0,16,0,0,0,2,2,40.2,36,27,22,6,24,1,45,4,0,1,178,1.475,8.0,1.3,5.3,10.0,1.88,-0.3,0.4
598,Bruce Zimmermann\zimmebr02,BAL,25,0,1,.000,10.90,14,0,2,0,0,0,0,0,17.1,23,21,21,7,14,0,19,3,0,1,89,2.135,11.9,3.6,7.3,9.9,1.36,-0.9,-0.7
599,Jordan Zimmermann\zimmejo02,DET,34,8,14,.364,4.39,32,28,1,1,0,16,0,0,184.2,191,94,90,28,47,4,132,6,0,1,782,1.289,9.3,1.4,2.3,6.4,2.81,1.8,-0.8
600,Tyler Zombro\player.fcgi?id=zombro000tyl,TBR,25,1,1,.500,1.59,24,0,11,0,0,0,2,4,28.1,21,5,5,2,1,0,30,2,0,0,106,0.776,6.7,0.6,0.3,9.5,30.00,0.7,-0.3
601,Tyler Zuber\zuberty01,KCR,25,3,7,.300,4.73,65,6,13,0,0,0,0,10,64.2,64,35,34,8,35,1,58,3,1,9,284,1.531,8.9,1.1,4.9,8.1,1.66,-0.1,-0.3