Name,Team,G,PA,AB,H,1B,2B,3B,HR,R,RBI,BB,IBB,SO,HBP,SF,SH,GDP,SB,CS,AVG,BB%,K%,BB/K,OBP,SLG,wOBA,OPS,ISO,Spd,BABIP,UBR,wSB,wRC,wRAA,wRC+,BsR,Fld,Off,Def,WAR,ADP,InterSD,InterSK,IntraSD,PlayerId
"Ronald Acuña Jr.","ATL",157,679,579,180,105,34,2,40,135,106,82,4,109,11,4,3,,53,12,0.311256,0.120854,0.16052,0.752887,0.403731,0.583767,0.416153,0.987498,0.272511,6.75837,0.323214,1.62908,3.92078,137.871,55.1384,162.704,5.54986,0.710667,58.294912338256836,-6.764332950115204,7.44457,1,,,,"18401"
"Mookie Betts","LAD",157,679,577,161,92,35,2,32,115,96,85,3,107,9,5,3,,13,3,0.278738,0.125156,0.157605,0.794109,0.376666,0.513645,0.379975,0.890311,0.234908,5.03116,0.290403,0.940845,-0.207506,117.47,34.7375,142.241,0.733339,-2.86977,36.265954434871674,0.10523176193237305,5.93291,5.03000020980835,,,,"13611"
"Fernando Tatis Jr.","SDP",156,672,596,163,89,34,2,37,107,103,64,1,148,5,5,3,,27,6,0.272975,0.0954769,0.220537,0.43293,0.345729,0.525238,0.368664,0.870966,0.252262,5.81623,0.301812,1.13625,1.65746,109.946,28.0665,137.498,2.7937,7.751,34.010990142822266,0.5510044097900391,5.72873,7.869999885559082,,,,"19709"
"Corbin Carroll","ARI",157,679,594,162,99,30,9,24,104,88,64,2,142,13,4,5,,42,8,0.272209,0.0945198,0.20968,0.45078,0.353636,0.472721,0.355101,0.826357,0.200512,7.985,0.319819,1.53475,3.43913,103.443,20.7104,122.961,4.97389,7.95641,24.28821086883545,1.5814085006713867,4.88572,5.949999809265137,,,,"25878"
"Francisco Lindor","NYM",156,672,592,150,93,28,3,26,92,91,64,2,129,9,6,1,,21,5,0.253286,0.0946636,0.191664,0.493903,0.332418,0.444281,0.334809,0.776698,0.190995,5.56654,0.279076,0.242611,0.611213,91.0511,9.17177,114.141,0.853824,4.4712,12.626631915569305,11.671199798583984,4.70521,23.170000076293945,,,,"12916"
"Trea Turner","PHI",157,679,621,176,114,35,4,24,98,86,46,1,134,5,4,2,,27,4,0.284099,0.0684512,0.196776,0.347864,0.336983,0.467273,0.344505,0.804257,0.183174,6.42772,0.326511,1.20796,2.43428,97.4676,14.7354,115.557,3.64225,-1.53459,16.728163480758667,5.740407705307007,4.54658,12.369999885559082,,,,"16252"
"Freddie Freeman","LAD",157,679,588,177,110,39,2,26,107,97,76,11,111,9,5,1,,14,3,0.300373,0.11152,0.163799,0.680834,0.38616,0.506002,0.378588,0.892162,0.205629,4.95888,0.330682,0.316204,0.199719,116.687,33.955,141.311,0.515923,-0.828659,35.26604866981506,-12.953658640384674,4.531,8.8100004196167,,,,"5361"
"Austin Riley","ATL",157,679,604,168,98,32,2,36,99,109,58,3,163,11,6,0,,2,1,0.278457,0.0849347,0.240192,0.353612,0.349074,0.517498,0.366918,0.866573,0.239041,3.25047,0.321845,-0.108971,-1.26486,110.106,27.374,129.697,-1.37383,-4.5662,23.60679590702057,-2.341203451156616,4.42662,19.239999771118164,,,,"18360"
"Michael Harris II","ATL",149,644,596,169,105,37,3,24,90,90,35,1,128,7,4,2,,24,6,0.284558,0.0549015,0.199439,0.27528,0.329885,0.477726,0.344492,0.807611,0.193168,5.91022,0.325603,0.747442,1.13162,92.4364,13.9687,114.663,1.87907,5.84588,13.577780842781067,8.145875692367554,4.35342,28.6299991607666,,,,"25931"
"Matt Olson","ATL",157,679,578,153,81,30,1,40,102,118,90,7,152,6,5,1,,1,1,0.264398,0.131953,0.223754,0.589724,0.365759,0.529426,0.377326,0.895185,0.265027,2.48443,0.288285,0.133274,-1.41235,115.976,33.2434,136.675,-1.27907,2.00913,29.570937275886536,-10.11586856842041,4.24608,17.1299991607666,,,,"14344"
"Bryce Harper","PHI",146,630,529,149,83,35,1,30,95,94,90,11,136,5,5,0,,13,4,0.2823,0.143056,0.215381,0.664202,0.388559,0.52223,0.384212,0.91079,0.23993,4.21018,0.324383,-1.24342,-0.419944,111.209,34.4472,142.175,-1.66336,0.0111333,31.253350377082825,-11.538866855204105,4.10553,17.68000030517578,,,,"11579"
"Will Smith","LAD",130,514,440,114,69,22,2,21,69,74,56,2,88,12,6,0,,2,1,0.257914,0.108955,0.171874,0.633924,0.352989,0.457058,0.348897,0.810046,0.199144,3.23754,0.275702,-0.798431,-1.02261,75.716,13.0393,121.407,-1.82104,1.95231,11.820668816566467,10.752314805984497,4.08697,84.5999984741211,,,,"19197"
"Manny Machado","SDP",156,672,601,162,100,30,1,31,89,102,61,5,126,3,6,1,,6,2,0.268914,0.0914553,0.187677,0.487302,0.336596,0.476314,0.345609,0.81291,0.207399,3.54245,0.290901,-0.307962,-0.933664,97.0786,15.1993,122.042,-1.24163,1.98495,17.108477473258972,0.7849541902542114,4.06658,64.4000015258789,,,,"11493"
"Shohei Ohtani","LAD",151,651,554,147,75,28,5,39,103,116,87,18,160,5,4,2,,18,7,0.26593,0.133491,0.246319,0.541943,0.367918,0.547584,0.37865,0.915502,0.281654,5.85231,0.301689,0.19447,-0.518644,111.909,32.5885,141.353,-0.324174,0,33.02672493457794,-16.274999618530273,3.88141,12.729999542236328,,,,"19755"
"William Contreras","MIL",149,603,532,144,91,29,1,22,80,76,60,2,135,5,3,2,,4,1,0.269977,0.0997824,0.223502,0.446449,0.347615,0.453621,0.345735,0.801236,0.183644,3.30822,0.321143,-0.691595,-1.0358,87.1159,13.6926,116.681,-1.7274,-2.00159,10.72545075416565,2.598414659500122,3.87566,78.08000183105469,,,,"20503"
"Nico Hoerner","CHC",152,658,594,165,121,28,4,12,85,66,45,2,79,11,4,3,,31,7,0.27839,0.0686989,0.120723,0.569064,0.338737,0.397934,0.322034,0.736671,0.119544,6.13305,0.302916,0.90733,1.85103,82.1731,1.99967,101.984,2.75836,8.56644,4.375625252723694,11.016435861587524,3.7696,65.37000274658203,,,,"21479"
"Dansby Swanson","CHC",154,665,594,150,96,29,2,23,87,79,59,1,162,5,5,2,,10,3,0.252225,0.0889636,0.243063,0.36601,0.323195,0.423584,0.32367,0.746779,0.171359,4.48018,0.306902,1.28804,-0.672449,83.9511,2.92473,103.081,0.615589,4.52388,3.1538435220718384,11.64887523651123,3.73461,120.5199966430664,,,,"18314"
"Xander Bogaerts","SDP",147,637,565,156,106,31,1,18,82,71,58,1,116,7,5,2,,12,2,0.275696,0.091,0.18136,0.501765,0.347029,0.430945,0.338083,0.777974,0.155249,4.46813,0.315082,0.496222,0.102516,88.0412,10.4264,116.997,0.598738,1.16534,14.011833369731903,1.6403374671936035,3.72422,107.3499984741211,,,,"12161"
"Nolan Arenado","STL",156,672,610,162,99,35,2,27,79,101,51,5,101,6,5,0,,4,2,0.265728,0.0757858,0.150725,0.50281,0.325449,0.460044,0.334437,0.785493,0.194316,2.95247,0.277699,0.035436,-1.3042,90.8434,8.96414,111.671,-1.26876,3.93593,8.447466731071472,5.935926795005798,3.71657,103.9800033569336,,,,"9777"
"Ketel Marte","ARI",151,651,575,159,96,37,5,21,89,80,64,2,111,6,5,2,,7,2,0.277157,0.0980427,0.170555,0.574847,0.352684,0.468351,0.352342,0.821034,0.191193,4.91197,0.309341,-0.191168,-0.663066,97.6853,18.3647,121.111,-0.854234,-3.04096,16.171919524669647,-1.3159586191177368,3.69237,119.68000030517578,,,,"13613"
"Willy Adames","MIL",149,644,569,139,78,32,1,28,82,88,66,2,166,3,4,1,,6,3,0.243605,0.102293,0.258347,0.395952,0.323671,0.450355,0.332257,0.774026,0.20675,3.49553,0.292657,0.746317,-1.23385,85.8924,7.42478,107.646,-0.487529,2.22318,5.612359315156937,9.12318468093872,3.65659,183.8300018310547,,,,"15986"
"Ozzie Albies","ATL",151,651,592,163,98,33,4,27,96,95,46,2,109,5,6,2,,12,4,0.274824,0.0708274,0.16755,0.422723,0.329968,0.483541,0.345807,0.813509,0.208717,5.44875,0.293359,1.2636,-0.403572,94.152,14.8314,115.545,0.860031,-1.11616,13.39676547050476,1.0088444948196411,3.64746,22.809999465942383,,,,"16556"
"Brandon Nimmo","NYM",146,630,541,144,94,27,5,18,87,65,71,0,126,11,3,4,,4,3,0.267204,0.113298,0.200671,0.564594,0.362352,0.435599,0.349108,0.79795,0.168394,4.38276,0.316618,-0.21439,-1.60022,92.842,16.0801,123.727,-1.81461,1.27729,16.704002857208252,-2.7727084159851074,3.52884,199.35000610351562,,,,"12927"
"Sean Murphy","ATL",105,420,362,91,51,21,1,18,55,60,43,1,95,11,3,1,,0,1,0.251063,0.10152,0.227271,0.44669,0.345409,0.463844,0.349212,0.809253,0.212781,2.36703,0.289469,-0.226537,-0.978344,61.8722,10.7463,117.828,-1.20488,2.37437,8.062446355819702,8.699372291564941,3.50886,141.6699981689453,,,,"19352"
"Ha-Seong Kim","SDP",141,609,533,132,89,26,2,15,70,64,62,1,118,6,5,4,,25,7,0.246731,0.101632,0.193799,0.524421,0.328777,0.387204,0.314659,0.71598,0.140473,5.32038,0.287624,0.254736,1.01595,72.3238,-1.87933,101.294,1.27069,4.10875,2.246763050556183,10.533750057220459,3.34277,88.77999877929688,,,,"27506"
"Matt Chapman","SFG",144,623,540,127,72,29,3,23,75,72,69,1,176,8,5,1,,4,2,0.234886,0.111181,0.283026,0.392831,0.327486,0.426303,0.327146,0.753789,0.191417,3.83005,0.300303,0.384756,-1.25591,80.4474,4.53848,108.198,-0.871159,4.51507,5.455914378166199,6.740074157714844,3.33203,277.9200134277344,,,,"16505"
"Gabriel Moreno","ARI",130,515,465,130,92,25,1,11,57,61,39,0,94,6,5,1,,6,2,0.280806,0.0762381,0.182132,0.418588,0.340971,0.414517,0.32933,0.755488,0.13371,3.88733,0.327097,-0.866718,-0.73085,67.4353,4.68555,105.684,-1.59757,7.98486,2.0290626287460327,16.484859466552734,3.31714,153.86000061035156,,,,"22664"
"Pete Alonso","NYM",156,672,584,144,77,25,1,41,92,115,68,8,145,15,5,0,,4,1,0.247364,0.10126,0.215421,0.470053,0.338683,0.503916,0.355071,0.842599,0.256552,3.24609,0.257453,-1.32133,-0.932281,102.36,20.4804,127.725,-2.25361,-0.152884,20.827833652496338,-12.352883473038673,3.12739,26.700000762939453,,,,"19251"
"Patrick Bailey","SFG",104,410,369,84,55,18,1,10,42,44,32,0,108,3,3,2,,2,1,0.227998,0.0790262,0.264851,0.29838,0.294103,0.362785,0.288396,0.656888,0.134786,3.29529,0.293467,-0.13604,-0.691689,39.7092,-10.1981,82.2199,-0.82773,5.64595,-9.84993600845337,13.645946979522705,3.10742,359.760009765625,,,,"27478"
"Francisco Alvarez","NYM",134,544,476,108,62,19,0,27,68,79,55,1,141,7,4,1,,2,1,0.227456,0.101795,0.259285,0.3926,0.31528,0.436547,0.324368,0.751827,0.209091,2.76748,0.261756,-0.30858,-0.944038,68.9655,2.70662,107.142,-1.25262,-2.36021,3.558825731277466,1.7147855758666992,3.09818,150.11000061035156,,,,"26121"
"Matt McLain","CIN",134,581,510,129,75,28,4,22,77,82,59,1,155,9,3,1,,18,7,0.252654,0.100945,0.266319,0.379038,0.338146,0.450069,0.340319,0.788215,0.197415,5.78611,0.317915,-0.00912698,-0.322089,81.3803,10.5889,108.168,-0.331216,2.4436,5.548035502433777,5.668596506118774,3.09173,70.51000213623047,,,,"29695"
"Paul Goldschmidt","STL",156,672,582,156,97,32,0,26,93,90,79,4,154,4,5,2,,8,2,0.268056,0.118162,0.229271,0.51538,0.357662,0.459746,0.352234,0.817409,0.19169,3.49749,0.319193,0.138107,-0.475464,100.776,18.8971,123.602,-0.337356,0.974059,19.31184810400009,-11.27594131231308,3.08361,85.3499984741211,,,,"9218"
"Jung Hoo Lee","SFG",134,581,523,151,105,32,4,10,70,61,45,5,48,5,2,5,,5,5,0.289284,0.0782638,0.0819392,0.955144,0.350171,0.423065,0.334076,0.773236,0.133781,3.93872,0.302147,-0.0812793,-2.39502,78.3678,7.57631,112.843,-2.4763,0.512771,6.768030643463135,2.587771236896515,2.90617,249.57000732421875,,,,"sa3012640"
"Ian Happ","CHC",152,658,568,142,85,32,3,22,81,83,79,3,156,6,5,1,,11,4,0.249904,0.119421,0.236782,0.504349,0.34458,0.433118,0.337294,0.777698,0.183214,4.45779,0.303843,0.245389,-0.708937,90.5121,10.3386,112.214,-0.463548,4.07079,9.492656648159027,-2.8792080879211426,2.89422,163.58999633789062,,,,"17919"
"J.T. Realmuto","PHI",130,513,462,117,72,24,3,18,64,68,38,2,124,9,4,1,,13,4,0.252823,0.0732904,0.241249,0.303796,0.319267,0.437552,0.325074,0.75682,0.184729,5.57184,0.304021,0.485005,0.191781,65.3859,2.85547,102.53,0.676786,2.91379,2.2855430841445923,12.313794612884521,2.79071,73.30000305175781,,,,"11739"
"Nolan Jones","COL",139,602,522,142,85,30,4,24,81,86,70,2,170,5,3,1,,15,4,0.271057,0.116677,0.2832,0.411994,0.361266,0.476835,0.360166,0.838101,0.205778,5.53811,0.355945,-0.270266,0.158956,94.2444,20.8942,111.633,-0.11131,4.26545,8.564654313027859,-1.7845458984375,2.72065,57.16999816894531,,,,"20529"
"Bryan Reynolds","PIT",149,644,567,151,94,29,5,23,86,83,61,4,137,9,4,2,,9,3,0.266334,0.0950733,0.213315,0.445694,0.344943,0.455182,0.343744,0.800125,0.188848,5.05422,0.311701,0.162014,-0.707639,92.0361,13.5685,114.179,-0.545625,0.999251,10.766746520996094,-5.500749230384827,2.71231,93.19000244140625,,,,"19326"
"Ke'Bryan Hayes","PIT",141,609,556,145,94,32,5,15,73,70,46,1,123,3,3,1,,15,5,0.260335,0.0749432,0.202268,0.370514,0.318039,0.413734,0.31663,0.731773,0.153399,5.57879,0.308565,-0.0237437,-0.369122,73.3206,-0.882516,96.0024,-0.392866,7.5746,-3.40886914730072,9.549600839614868,2.68066,159.64999389648438,,,,"18577"
"Jazz Chisholm Jr.","MIA",138,595,538,133,80,23,4,26,80,83,47,0,166,5,4,2,,28,9,0.247457,0.0790133,0.279381,0.282815,0.311358,0.452215,0.327211,0.763574,0.204758,6.48762,0.30565,0.524117,0.694127,76.8635,4.36624,104.04,1.21824,0.60338,4.196252107620239,2.1283795833587646,2.65146,72.79000091552734,,,,"20454"
"James Outman","LAD",122,525,455,108,65,19,3,20,70,69,56,1,166,9,4,1,,10,3,0.237019,0.106768,0.316428,0.337417,0.330402,0.427557,0.329392,0.757959,0.190538,5.52327,0.321586,0.512907,-0.298922,68.7718,4.80363,108.331,0.213985,1.264,5.632413551211357,2.939000129699707,2.63776,194.94000244140625,,,,"24770"
"Jeff McNeil","NYM",141,609,550,156,112,31,2,10,71,63,40,1,67,14,4,2,,6,2,0.284366,0.0653739,0.110603,0.591071,0.345439,0.406686,0.329354,0.752125,0.12232,4.02834,0.306615,-0.622496,-0.778247,79.7561,5.55299,110.485,-1.40074,-0.915021,6.509432435035706,-0.9900206625461578,2.61871,308.1400146484375,,,,"15362"
"Oneil Cruz","PIT",128,553,493,122,73,22,5,23,80,71,52,1,149,3,3,2,,18,6,0.248125,0.0934632,0.270091,0.346043,0.322011,0.450643,0.331835,0.772654,0.202518,6.49915,0.30765,0.135122,0.0731605,73.5619,6.18208,106.196,0.208283,-2.89565,4.453062921762466,2.5293471813201904,2.5744,77.91999816894531,,,,"21711"
"Christian Walker","ARI",154,665,586,149,87,33,2,27,84,95,66,2,138,8,5,0,,7,2,0.254372,0.0990201,0.207152,0.478007,0.334854,0.456835,0.339844,0.791689,0.202463,3.98269,0.285846,0.271008,-0.593381,92.8834,11.8571,112.733,-0.322373,4.75349,10.167353481054306,-7.171512126922607,2.55726,97.6500015258789,,,,"13419"
"CJ Abrams","WSN",141,609,558,143,93,29,4,16,81,65,31,1,110,12,4,4,,37,8,0.256158,0.0502328,0.180082,0.278944,0.307494,0.412427,0.310864,0.719921,0.156269,7.21499,0.290425,0.642647,3.14007,70.4043,-3.79885,93.1456,3.78272,-0.552993,-1.3886771202087402,5.972007095813751,2.52536,40.560001373291016,,,,"25768"
"Bryson Stott","PHI",134,581,527,138,95,28,2,13,69,66,44,1,104,4,5,2,,20,5,0.262378,0.0751052,0.178255,0.421335,0.320652,0.397584,0.312534,0.718236,0.135206,5.31456,0.301525,0.573988,0.880663,67.973,-2.81844,94.1233,1.45465,6.22435,-2.7752034664154053,8.29935097694397,2.52409,108.86000061035156,,,,"26294"
"Cody Bellinger","CHC",144,623,560,147,94,28,2,23,85,85,51,3,118,4,7,1,,17,5,0.263318,0.0811411,0.189199,0.428867,0.325358,0.446656,0.329836,0.772014,0.183338,5.12064,0.291276,0.473292,0.0297991,81.8389,5.92996,107.214,0.503091,1.38401,6.070986330509186,-2.1909924745559692,2.50278,62.47999954223633,,,,"15998"
"Luis Arraez","MIA",143,616,559,177,136,30,4,8,78,59,47,6,42,4,4,3,,4,2,0.316688,0.0755754,0.0675605,1.11863,0.370572,0.425454,0.344331,0.796026,0.108766,3.75681,0.329204,0.404681,-1.43916,88.3348,13.2788,115.517,-1.03448,-2.58248,10.807060241699219,-7.5324811935424805,2.41863,163.05999755859375,,,,"18568"
"Willson Contreras","STL",123,493,426,105,62,23,0,20,62,66,47,0,114,15,3,1,,5,3,0.246523,0.096167,0.230648,0.416942,0.340878,0.440199,0.33999,0.781077,0.193676,3.23493,0.288491,-0.611893,-1.21153,68.9192,8.85,115.394,-1.82343,-1.21457,7.578323245048523,4.985430717468262,2.40473,136.10000610351562,,,,"11609"
"Christian Yelich","MIL",151,651,556,143,92,29,2,20,92,75,86,6,151,5,3,1,,21,4,0.256674,0.131402,0.231856,0.566737,0.358715,0.423048,0.339888,0.781762,0.166374,5.31944,0.316077,1.07795,0.966854,90.9522,11.6316,112.762,2.04481,-1.44465,12.3371422290802,-10.419650673866272,2.40218,81.41000366210938,,,,"11477"
"Nolan Gorman","STL",123,532,473,115,66,20,0,29,74,82,52,1,162,4,3,1,,6,2,0.242815,0.0979611,0.304059,0.322178,0.320954,0.468111,0.337526,0.789065,0.225296,3.58959,0.301797,0.0237252,-0.553973,73.2825,8.4614,113.742,-0.530248,-2.92287,8.526555836200714,-2.8228749781847,2.37557,191.72999572753906,,,,"22263"
"Seiya Suzuki","CHC",136,588,515,138,84,27,4,23,76,77,63,3,133,4,5,1,,8,5,0.268305,0.10687,0.225476,0.473977,0.349029,0.468675,0.349761,0.817703,0.200369,4.4442,0.315991,-0.342067,-1.94023,86.9717,15.3273,120.572,-2.28229,-0.613602,12.703308820724487,-8.913602471351624,2.3749,111.9000015258789,,,,"30116"
"Jake Burger","MIA",141,609,555,139,78,29,2,29,74,85,38,0,163,10,5,1,,2,1,0.250976,0.0625006,0.26689,0.234181,0.308656,0.470946,0.3321,0.779602,0.21997,3.19505,0.299042,-0.0731772,-1.09208,81.1452,6.94213,107.318,-1.16526,-2.40686,4.355981945991516,-2.2318551540374756,2.28014,150.64999389648438,,,,"22275"
"TJ Friedl","CIN",134,581,508,131,86,22,7,16,77,67,52,1,100,11,4,5,,20,6,0.257637,0.089777,0.172844,0.51941,0.3373,0.423706,0.330685,0.761006,0.166069,6.70163,0.289418,0.795671,0.28943,76.7316,5.94008,101.71,1.0851,-1.4359,2.3155609369277954,0.6391000747680664,2.26786,157.97999572753906,,,,"19522"
"Kyle Schwarber","PHI",154,665,552,122,60,21,1,40,99,94,101,4,193,6,3,3,,4,1,0.221233,0.151863,0.290337,0.523059,0.346525,0.480848,0.354051,0.827373,0.259615,3.53483,0.25556,-0.858949,-1.12418,100.73,19.7034,121.956,-1.98313,-1.32634,16.104799032211304,-16.15134561061859,2.25388,94.13999938964844,,,,"16478"
"Lars Nootbaar","STL",117,504,426,106,64,23,2,18,73,59,68,2,102,3,5,2,,8,2,0.249369,0.13411,0.203078,0.660387,0.351635,0.439263,0.342526,0.790898,0.189894,4.87572,0.283143,0.280517,-0.241728,71.5185,10.109,117.094,0.0387895,-0.151147,10.71184804290533,-5.35114686191082,2.24627,214.8699951171875,,,,"21454"
"Max Muncy","LAD",125,539,449,99,53,18,1,27,76,77,78,3,137,7,4,1,,2,1,0.220195,0.14523,0.254634,0.570349,0.341605,0.442912,0.339471,0.784516,0.222717,2.84312,0.25004,0.141472,-1.13458,75.1176,9.44362,115.088,-0.993109,-6.42116,9.08170622587204,-5.19616162776947,2.21804,186.2899932861328,,,,"13301"
"Thairo Estrada","SFG",139,602,552,144,99,27,2,16,74,67,33,1,120,11,3,2,,20,7,0.260346,0.0548949,0.199072,0.275755,0.313666,0.403224,0.311341,0.716889,0.142878,5.41888,0.304973,0.693052,0.0662897,69.8337,-3.51646,97.6023,0.759342,-0.258,-1.0288134217262268,2.192000091075897,2.16054,134.7899932861328,,,,"16426"
"Harrison Bader","NYM",104,448,408,102,68,19,2,12,54,51,29,1,91,6,4,2,,18,5,0.249501,0.0657707,0.202577,0.32467,0.306522,0.400096,0.306073,0.706618,0.150595,5.94781,0.289777,0.406512,0.85168,50.0093,-4.57687,94.8778,1.25819,6.0425,-1.5846502780914307,7.642500042915344,2.1256,359.3299865722656,,,,"18030"
"Alek Thomas","ARI",126,546,498,129,84,26,6,13,67,64,35,1,108,5,4,3,,9,4,0.25938,0.0645573,0.197524,0.326833,0.312641,0.414855,0.313581,0.727496,0.155475,5.88954,0.304395,0.775979,-0.593009,64.3532,-2.17376,95.1266,0.18297,3.44429,-3.1134512424468994,5.394294261932373,2.0818,353.6700134277344,,,,"23792"
"Jack Suwinski","PIT",112,483,409,94,51,19,2,23,62,65,64,2,147,5,4,1,,9,3,0.230357,0.132732,0.303419,0.437456,0.338543,0.453801,0.341292,0.792344,0.223444,4.74038,0.292636,0.287643,-0.486188,68.0436,9.19285,112.535,-0.198545,-4.22465,7.302230030298233,-3.1996493339538574,2.0495,240.3699951171875,,,,"22244"
"Elly De La Cruz","CIN",136,588,533,130,76,25,6,22,84,78,47,3,180,3,3,2,,35,11,0.243545,0.0805728,0.306154,0.263178,0.307548,0.439209,0.319181,0.746756,0.195664,7.87387,0.322698,0.446209,1.43966,72.038,0.39362,93.9971,1.88586,-2.34297,-2.4868799448013306,2.957031726837158,2.04389,25.8700008392334,,,,"26668"
"Tommy Edman","STL",115,497,452,119,80,25,3,11,67,52,33,1,81,5,3,3,,23,4,0.262637,0.066918,0.16218,0.412616,0.318788,0.404676,0.313938,0.723464,0.142039,6.66764,0.296189,0.635401,1.76056,58.7253,-1.83122,97.9292,2.39596,0.3855,1.1209709644317627,2.160500019788742,2.01516,184.3000030517578,,,,"19470"
"Jake Cronenworth","SDP",143,616,542,135,84,30,5,15,74,70,56,3,111,12,5,1,,5,2,0.249473,0.0906762,0.180346,0.502789,0.329745,0.408914,0.320796,0.738659,0.15944,4.7285,0.285203,0.753217,-0.75469,76.295,1.23897,105.408,-0.00147269,3.87541,4.125728395069018,-5.024587869644165,2.00247,350.2200012207031,,,,"18036"
"Teoscar Hernández","LAD",139,602,553,144,88,26,1,29,76,98,37,1,171,6,4,1,,7,3,0.260549,0.0615303,0.284841,0.216017,0.312258,0.471226,0.333586,0.783484,0.210677,3.85409,0.321772,-0.455063,-0.704317,80.9551,7.6049,111.142,-1.15938,-1.5515,7.150495886802673,-8.101502180099487,1.94972,124.2699966430664,,,,"13066"
"Jeimer Candelario","CIN",136,588,522,133,76,32,2,23,75,84,54,1,136,8,4,1,,4,1,0.254708,0.0912285,0.231284,0.394444,0.331748,0.455385,0.338597,0.787133,0.200677,3.73414,0.299902,-0.160889,-0.83071,81.5194,9.87506,107.013,-0.991599,-1.33729,4.1170973777771,-5.387292146682739,1.87034,215.47999572753906,,,,"13621"
"Alec Bohm","PHI",143,616,560,153,106,30,1,17,72,77,44,1,106,5,6,1,,4,2,0.274072,0.0711134,0.1727,0.411773,0.329536,0.423053,0.325484,0.752589,0.148981,3.13892,0.308221,-0.428812,-1.27549,78.6929,3.63688,102.805,-1.7043,-3.02136,0.43614470958709717,-2.9213637113571167,1.84428,170.3800048828125,,,,"21618"
"Sal Frelick","MIL",133,574,514,139,99,26,4,9,67,63,48,1,82,7,3,2,,13,5,0.269377,0.0843798,0.142838,0.590736,0.338147,0.389539,0.319305,0.727686,0.120162,5.10754,0.303527,0.474616,-0.729245,70.3821,0.443507,98.9631,-0.254629,3.65568,-0.9919984638690948,-0.09432291984558105,1.84113,278.7099914550781,,,,"29622"
"Spencer Steer","CIN",131,567,498,128,78,29,2,20,69,76,55,0,120,9,4,1,,9,3,0.257949,0.0970616,0.211718,0.458447,0.340196,0.443394,0.339499,0.78359,0.185445,4.42535,0.300178,0.0448448,-0.696473,79.0329,9.94722,107.618,-0.651628,0.536373,4.699457466602325,-5.738626778125763,1.82206,116.4000015258789,,,,"26323"
"Ryan McMahon","COL",136,588,518,126,76,26,2,22,72,74,61,1,167,4,4,1,,6,3,0.242315,0.104271,0.284646,0.366317,0.324462,0.427288,0.325499,0.75175,0.184973,4.00457,0.311705,-0.0125728,-1.16019,75.1233,3.4789,88.3927,-1.17276,5.49316,-9.628000617027283,7.5931620597839355,1.7941,228.2100067138672,,,,"15112"
"Rhys Hoskins","MIL",146,630,543,129,68,31,1,29,82,87,75,1,163,7,4,1,,3,1,0.238212,0.11887,0.258494,0.459858,0.335601,0.45859,0.342335,0.794191,0.220378,3.22465,0.283393,-1.00108,-1.15894,89.2984,12.5366,114.402,-2.16002,-0.577682,9.080480098724365,-12.677682399749756,1.78094,189.39999389648438,,,,"16472"
"Jordan Walker","STL",133,574,513,138,88,25,2,22,65,76,47,0,128,8,4,2,,9,4,0.267826,0.08145,0.223628,0.364221,0.336414,0.45484,0.341316,0.791253,0.187014,3.96215,0.314187,0,-0.845318,80.875,10.9364,116.283,-0.845318,-5.27584,10.733494102954865,-12.42583703994751,1.7807,124.77999877929688,,,,"27475"
"Masyn Winn","STL",117,504,456,112,77,20,4,11,64,56,37,0,98,4,4,3,,12,3,0.244897,0.0734425,0.193832,0.378897,0.304801,0.378047,0.298262,0.682848,0.13315,6.10767,0.286848,0.0480356,0.313634,52.9907,-8.41876,87.42,0.361669,2.57856,-7.4930311143398285,7.978564977645874,1.76013,363.5199890136719,,,,"27479"
"Gavin Lux","LAD",110,476,422,109,75,19,4,10,63,52,47,1,98,2,3,2,,8,3,0.25836,0.0976981,0.205163,0.476197,0.332985,0.397476,0.319432,0.730461,0.139116,5.59478,0.31129,0.426489,-0.5532,58.4158,0.41801,101.654,-0.126711,-1.42613,0.8487201631069183,0.5738714933395386,1.75848,265.239990234375,,,,"19955"
"Brendan Donovan","STL",123,532,459,126,92,22,1,11,71,54,55,2,81,12,3,3,,6,2,0.274026,0.104305,0.15192,0.686581,0.365266,0.397285,0.336977,0.762551,0.123259,3.83604,0.311047,0.363359,-1.10191,73.0402,8.2191,113.374,-0.738551,-0.886836,8.07594782114029,-8.686835706233978,1.7459,293.1300048828125,,,,"24679"
"Eugenio Suárez","ARI",141,609,528,121,73,25,1,22,67,74,64,0,180,10,6,1,,1,1,0.229225,0.105195,0.295187,0.356369,0.320389,0.40623,0.317546,0.726619,0.177005,2.43207,0.297995,-1.28238,-1.22614,73.784,-0.419091,97.7848,-2.50853,-0.88904,-4.179812550544739,0.4859601855278015,1.69998,276.8299865722656,,,,"12552"
"Orlando Arcia","ATL",130,560,506,127,84,25,0,18,68,69,45,0,108,3,4,2,,3,1,0.251374,0.0795766,0.192668,0.413024,0.314003,0.406029,0.313075,0.720031,0.154654,2.6449,0.285026,0.115077,-0.969791,65.7678,-2.46494,93.6017,-0.854714,-2.76683,-5.293560326099396,3.2331655025482178,1.69645,332.70001220703125,,,,"13185"
"Henry Davis","PIT",128,521,449,108,68,22,2,17,59,64,55,3,123,13,3,2,,9,6,0.240708,0.104571,0.235573,0.443902,0.338447,0.409247,0.326279,0.747693,0.168538,4.30606,0.292643,-0.116239,-1.50824,66.9265,3.42134,102.471,-1.62448,-3.41731,-0.0290372371673584,-1.0423133373260498,1.6633,246,,,,"29617"
"Brendan Rodgers","COL",134,581,531,147,98,30,3,17,68,73,39,0,111,7,3,1,,0,1,0.277507,0.0671241,0.190449,0.352451,0.332727,0.438127,0.333315,0.770853,0.16062,2.69227,0.321178,0.235462,-1.40098,78.0008,7.20929,93.633,-1.16552,0.540794,-5.74829363822937,2.6157941818237305,1.66087,337.760009765625,,,,"17907"
"Brandon Marsh","PHI",126,546,481,119,77,25,5,12,63,62,55,1,165,4,4,3,,12,3,0.24747,0.100313,0.30131,0.332923,0.327326,0.397575,0.316379,0.724901,0.150106,5.94687,0.346282,0.566819,-0.00126274,65.6219,-0.905027,96.7011,0.565556,1.2839,-1.66586035490036,-0.3661000728607178,1.65174,376.5199890136719,,,,"20202"
"Jackson Chourio","MIL",131,567,524,135,91,25,2,17,66,69,34,0,126,4,4,2,,25,8,0.258007,0.0591778,0.222522,0.265941,0.305041,0.411422,0.309283,0.716463,0.153415,5.79029,0.307409,-0.0979336,0.779776,64.8045,-4.28116,92.2446,0.681842,0.330045,-4.765793263912201,1.755044847726822,1.62546,136,,,,"sa3015704"
"Christopher Morel","CHC",123,532,477,116,64,22,4,26,71,76,45,0,160,4,3,2,,10,4,0.24268,0.0848588,0.300666,0.282236,0.311533,0.46633,0.332146,0.777862,0.22365,5.6233,0.305993,0.542874,-0.583032,70.9059,6.08478,108.763,-0.0401576,-0.841187,5.735442325472832,-7.591186821460724,1.62176,191.42999267578125,,,,"21897"
"Luis Campusano","SDP",122,493,450,117,79,21,1,16,56,63,33,0,89,6,3,1,,1,1,0.260963,0.0677484,0.17986,0.376672,0.317881,0.420651,0.319931,0.738532,0.159688,2.59766,0.290887,-0.5045,-1.19983,60.731,0.637439,104.828,-1.70433,-3.21718,1.2455668449401855,-0.44217514991760254,1.61158,190.05999755859375,,,,"22217"
"Ezequiel Tovar","COL",146,630,587,152,97,34,4,18,76,77,31,0,150,6,4,3,,12,5,0.259166,0.0492596,0.237934,0.20703,0.300884,0.421271,0.310601,0.722155,0.162106,5.29896,0.31758,-0.0353557,-0.579698,72.6943,-4.06755,78.4053,-0.615053,5.35288,-17.46918135881424,12.10288143157959,1.60453,188.55999755859375,,,,"24064"
"Brett Baty","NYM",104,448,400,98,66,17,0,16,55,55,39,0,118,5,2,2,,3,2,0.246026,0.0866397,0.263639,0.32863,0.318331,0.407373,0.316692,0.725704,0.161347,2.77286,0.307982,-0.133108,-0.957374,53.96,-0.626235,101.996,-1.09048,-0.802387,0.017307400703430176,0.7976129651069641,1.60279,368.29998779296875,,,,"26123"
"Jorge Soler","SFG",143,616,536,127,71,26,0,30,77,88,68,3,157,7,4,1,,1,0,0.236994,0.11071,0.255316,0.433621,0.328022,0.455758,0.336226,0.78378,0.218764,2.30234,0.274329,-0.814912,-0.980479,84.1887,9.13267,114.285,-1.79539,-0.914422,9.105780005455017,-14.114421725273132,1.59265,170.24000549316406,,,,"14221"
"Lourdes Gurriel Jr.","ARI",126,546,502,140,89,32,2,17,62,69,34,1,97,5,4,1,,4,2,0.278698,0.0618991,0.177337,0.349047,0.327719,0.449254,0.333397,0.776973,0.170556,3.46002,0.314169,-0.607754,-0.991214,73.3388,6.81189,108.411,-1.59897,0.818436,4.090260863304138,-6.931564092636108,1.57103,236.97999572753906,,,,"19238"
"Dylan Carlson","STL",87,378,330,84,53,19,2,10,47,44,37,1,74,6,3,1,,3,1,0.255801,0.0978706,0.196229,0.498757,0.338723,0.417525,0.329461,0.756248,0.161724,4.44709,0.298956,0.198909,-0.536108,49.5374,3.48028,108.335,-0.337199,0.440857,3.566124528646469,-0.9091429114341736,1.54874,564.4299926757812,,,,"20126"
"Mike Yastrzemski","SFG",118,511,445,103,56,27,2,18,65,60,55,2,133,6,4,2,,4,1,0.232211,0.108116,0.260657,0.414782,0.322437,0.423936,0.322679,0.746373,0.191725,4.09219,0.286741,0.200115,-0.73684,64.0891,1.82668,105.203,-0.536726,0.414133,2.7570087909698486,-4.760867059230804,1.53567,518.3200073242188,,,,"14854"
"Christian Encarnacion-Strand","CIN",125,539,489,130,76,24,2,28,71,88,37,1,145,8,3,2,,3,1,0.265427,0.0684504,0.2684,0.255032,0.324715,0.49329,0.347709,0.818005,0.227863,3.84451,0.319343,-0.324315,-0.71026,78.8054,13.1314,113.122,-1.03457,0.110749,7.727633237838745,-10.814251154661179,1.5228,162.32000732421875,,,,"30011"
"Starling Marte","NYM",134,581,529,139,99,23,3,14,73,63,34,1,119,13,3,2,,31,8,0.26327,0.058636,0.204034,0.287383,0.321943,0.397503,0.313804,0.719446,0.134233,6.34431,0.313986,0.680589,1.86366,68.5858,-2.20567,100.06,2.54425,-1.40806,2.5873947590589523,-7.333062529563904,1.5,220.86000061035156,,,,"9241"
"LaMonte Wade Jr.","SFG",112,483,408,100,65,17,2,16,62,54,62,2,96,7,3,3,,3,1,0.245974,0.128696,0.198386,0.648712,0.35256,0.418102,0.337023,0.770661,0.172128,3.71283,0.281035,-0.4827,-0.873634,66.331,7.48028,114.819,-1.35633,-0.494441,7.510608911514282,-9.169440984725952,1.47498,390.0199890136719,,,,"18126"
"Geraldo Perdomo","ARI",100,434,368,89,64,15,3,6,53,39,50,1,81,5,3,7,,11,4,0.240938,0.1158,0.186353,0.6214,0.338239,0.346999,0.307061,0.685239,0.106062,5.69153,0.291505,0.559552,-0.437766,48.8026,-4.0778,90.7559,0.121787,0.343285,-4.84838255494833,4.793284475803375,1.46849,423.760009765625,,,,"22799"
"Travis d'Arnaud","ATL",86,348,317,78,48,17,1,13,40,47,23,0,81,5,2,1,,0,1,0.24787,0.0667121,0.234214,0.284834,0.308139,0.427263,0.317554,0.735403,0.179393,2.56695,0.293156,-0.6128,-0.820532,42.1162,-0.236872,96.6047,-1.43333,1.00397,-2.8954356908798218,3.5289664268493652,1.4678,392.0799865722656,,,,"7739"
"Marcell Ozuna","ATL",143,616,552,140,82,26,1,31,79,95,56,1,143,3,4,1,,1,1,0.254213,0.0908808,0.232438,0.39099,0.324692,0.475163,0.341718,0.799855,0.220951,2.25271,0.285752,-0.39347,-1.19471,86.9981,11.9421,112.804,-1.58818,-0.081281,8.182598233222961,-14.481280609965324,1.46401,165.02999877929688,,,,"10324"
"Wilmer Flores","SFG",96,413,367,96,61,19,1,15,50,53,37,1,63,5,3,1,,0,1,0.262052,0.0895415,0.15241,0.587504,0.335362,0.444105,0.336378,0.779467,0.182053,2.15866,0.276886,-0.681054,-0.966335,56.4966,6.17499,114.386,-1.64739,0.841862,5.7133002281188965,-5.133137881755829,1.46051,365.3800048828125,,,,"5827"
"Keibert Ruiz","WSN",122,483,443,119,79,24,0,16,53,59,31,1,51,5,3,1,,2,1,0.269157,0.0651841,0.106422,0.612509,0.3229,0.433922,0.326516,0.756822,0.164765,2.34266,0.272421,-1.03615,-0.871897,62.1165,3.2658,103.639,-1.90804,-4.65372,0.26918351650238037,3.221278190612793,1.44684,170.0500030517578,,,,"19610"
"Lane Thomas","WSN",147,637,576,145,87,32,3,23,84,77,47,0,157,7,5,2,,15,6,0.251371,0.0745651,0.247246,0.301583,0.313362,0.437444,0.323106,0.750806,0.186073,5.23454,0.30391,0.325483,-0.473532,80.1177,2.50296,101.352,-0.148048,-2.58328,0.9192574918270111,-8.308282613754272,1.42661,122.13999938964844,,,,"16939"
"Jonathan India","CIN",123,532,459,116,74,25,1,16,71,61,53,1,111,16,4,1,,11,3,0.253736,0.0990325,0.20922,0.473342,0.348044,0.419135,0.336241,0.767179,0.165399,4.5556,0.298681,-0.00819785,-0.418219,72.7151,7.89405,105.434,-0.426417,-2.34024,3.15520516037941,-7.3902366161346436,1.38451,276.0199890136719,,,,"21523"
"Michael Conforto","SFG",121,525,455,113,74,22,0,16,61,62,56,4,119,10,4,1,,3,1,0.247958,0.106852,0.227174,0.470353,0.340276,0.407738,0.326173,0.748014,0.159781,2.92445,0.298174,0.0895043,-0.907843,67.3682,3.40002,107.545,-0.818339,-2.29673,4.088921368122101,-8.821726083755493,1.3111,419.6300048828125,,,,"16376"
"Luis García Jr.","WSN",110,476,441,120,82,23,3,12,57,55,27,1,70,2,4,2,,7,3,0.272657,0.0569453,0.147471,0.386146,0.314457,0.421674,0.316227,0.736131,0.149017,4.64592,0.298574,-0.249045,-0.956811,57.1487,-0.849169,96.7407,-1.20586,-1.76174,-3.127823233604431,-0.0617445707321167,1.29857,402.6199951171875,,,,"20391"
"Tim Anderson","MIA",126,546,513,144,109,25,2,7,65,49,25,0,115,4,3,1,,13,4,0.280519,0.0453164,0.209909,0.215885,0.316972,0.381377,0.304653,0.698349,0.100859,5.30885,0.346809,0.793784,0.0112333,60.3048,-6.22214,88.9179,0.805018,-4.66227,-6.69102281332016,1.0377321243286133,1.29063,321.29998779296875,,,,"15172"
"Nick Fortes","MIA",71,282,253,61,42,11,1,8,31,31,19,0,50,6,2,1,,4,2,0.242027,0.068888,0.17931,0.384184,0.30801,0.382365,0.302557,0.690376,0.140339,3.92487,0.272002,0.131961,-0.477989,30.6121,-3.69918,87.513,-0.346028,-0.0888473,-4.702225744724274,5.411152713000774,1.28242,482.8599853515625,,,,"21538"
"Jesús Sánchez","MIA",105,455,409,103,63,19,3,18,53,59,39,1,116,4,2,1,,3,1,0.252134,0.0867696,0.255488,0.339623,0.322643,0.44515,0.330344,0.767793,0.193015,4.17077,0.307771,-0.486252,-0.695847,59.962,4.52291,106.141,-1.1821,0.620492,2.2792224884033203,-4.954507946968079,1.27853,402.9700012207031,,,,"19913"
"Brice Turang","MIL",109,469,419,102,73,17,3,9,53,46,43,1,94,2,3,3,,18,5,0.243931,0.0916269,0.201085,0.455663,0.314545,0.360143,0.29727,0.674688,0.116212,5.87374,0.29311,0.158534,0.799324,48.9246,-8.22033,84.1913,0.957858,3.10997,-8.227336704730988,4.88496720790863,1.25956,337.239990234375,,,,"22186"
"Josh Bell","MIA",143,616,539,140,90,28,1,21,71,74,68,2,122,4,4,1,,1,1,0.259503,0.109819,0.198082,0.554415,0.343692,0.434859,0.337259,0.77855,0.175356,2.03184,0.296086,-1.35994,-1.44896,84.7171,9.66108,110.776,-2.8089,-1.34722,5.4149534702301025,-13.84722363948822,1.25126,285.510009765625,,,,"13145"
"Christian Bethancourt","MIA",84,333,311,78,50,16,0,11,40,38,16,0,82,2,2,2,,3,1,0.249835,0.048092,0.24674,0.194909,0.288164,0.40972,0.299984,0.697883,0.159885,3.53059,0.302991,-0.264199,-0.446712,35.4667,-5.08301,85.7879,-0.710911,1.82849,-6.570395052433014,8.328494191169739,1.21438,465.6700134277344,,,,"10028"
"Kyle Higashioka","SDP",76,304,279,62,37,13,0,12,31,37,19,0,83,1,3,2,,1,1,0.220389,0.0613706,0.27159,0.225968,0.268682,0.39133,0.283683,0.660012,0.170941,2.20566,0.265715,-0.362993,-0.66771,28.2633,-8.75292,80.5281,-1.0307,0.986559,-8.359204053878784,5.361559152603149,1.21017,577.1599731445312,,,,"5517"
"Will Benson","CIN",110,476,401,91,52,18,5,15,64,56,65,1,146,5,3,2,,17,4,0.225794,0.136808,0.305834,0.447327,0.339251,0.41199,0.328827,0.751241,0.186196,6.93058,0.309713,-0.230911,0.671176,62.1297,4.1319,100.464,0.440265,-0.329339,0.713681697845459,-5.029338985681534,1.18628,310.3699951171875,,,,"21853"
"Joc Pederson","ARI",107,462,400,101,61,18,3,19,60,60,50,4,104,8,4,1,,1,1,0.251847,0.107514,0.225329,0.477144,0.342923,0.45141,0.340804,0.794333,0.199562,3.79225,0.292254,-0.0731429,-1.0035,64.8978,8.6058,113.376,-1.07664,-0.597166,6.579210877418518,-10.6471666097641,1.16343,415.5899963378906,,,,"11899"
"Joey Ortiz","MIL",81,350,320,82,54,18,2,7,42,40,23,0,72,3,2,1,,5,2,0.254577,0.0654329,0.204821,0.319465,0.308302,0.394918,0.305344,0.70322,0.14034,5.05876,0.304718,0.0561641,-0.317533,38.8577,-3.78781,89.6036,-0.261369,2.90265,-4.7692261934280396,4.402648687362671,1.15214,437.9800109863281,,,,"25493"
"Jake Fraley","CIN",110,476,413,103,65,19,1,18,59,66,53,2,103,6,3,1,,18,6,0.249392,0.111396,0.217436,0.512317,0.341231,0.431547,0.335145,0.772779,0.182155,4.84123,0.288726,-0.0212747,0.35057,64.6274,6.62957,104.699,0.329295,-0.561471,3.100383162498474,-7.861470341682434,1.14186,340.0199890136719,,,,"19260"
"Omar Narváez","NYM",63,251,221,54,38,10,1,5,26,24,24,1,50,3,2,1,,1,1,0.244361,0.0964696,0.197728,0.487891,0.323377,0.366952,0.304479,0.690329,0.122591,2.53329,0.2894,-0.2764,-0.654512,27.6643,-2.89425,93.8092,-0.930912,-0.442977,-2.854417324066162,3.832023322582245,1.13664,719,,,,"13338"
"Jason Heyward","LAD",91,392,351,87,55,19,1,12,47,47,34,1,75,4,2,1,,3,1,0.248282,0.0869477,0.191545,0.453929,0.320009,0.410183,0.3172,0.730192,0.161901,3.61255,0.282352,0.0659354,-0.558727,47.3806,-0.38229,100.158,-0.492791,2.10908,-0.41602881997823715,-1.7909228801727295,1.11126,548.510009765625,,,,"4940"
"Victor Robles","WSN",107,462,407,100,67,22,2,8,53,43,33,1,103,13,3,6,,17,5,0.244878,0.0709063,0.223667,0.317018,0.318894,0.371908,0.304379,0.690802,0.12703,6.08648,0.305924,0.0758992,0.448541,50.9218,-5.37018,88.798,0.52444,-0.462518,-5.886988520622253,1.1874820291996002,1.10045,545.5900268554688,,,,"18363"
"Bryan De La Cruz","MIA",133,574,527,140,92,29,1,18,64,71,39,0,130,3,4,2,,4,2,0.265286,0.0674342,0.227156,0.296863,0.316516,0.42647,0.32067,0.742986,0.161184,3.19502,0.317867,-0.247222,-1.01964,71.0326,1.09403,99.6552,-1.26686,-1.77646,-1.512067437171936,-7.126457333564758,1.08805,276.8900146484375,,,,"19600"
"Jon Berti","MIA",96,413,368,94,68,17,2,7,49,36,37,1,85,4,3,2,,19,6,0.255283,0.0890744,0.206742,0.430847,0.326735,0.367886,0.30602,0.694621,0.112603,6.09834,0.31345,0.759964,0.685199,46.0839,-4.23771,89.8342,1.44516,-0.8645,-3.756136655807495,0.1105000376701355,1.03912,441.3999938964844,,,,"12037"
"Chris Taylor","LAD",87,378,331,76,46,17,2,11,46,44,39,2,120,4,2,1,,10,2,0.228405,0.10317,0.317725,0.324715,0.315996,0.390038,0.308302,0.706034,0.161632,5.4147,0.3186,0.0984445,0.372837,42.8949,-3.16215,94.1926,0.471281,0.555356,-2.248214542865753,-0.34464406967163086,1.02524,382.32000732421875,,,,"13757"
"Iván Herrera","STL",49,192,163,39,26,8,0,4,23,21,24,0,44,3,1,1,,2,1,0.239657,0.124621,0.230457,0.540756,0.344701,0.373043,0.320278,0.717744,0.133387,3.67518,0.300139,0.0368543,-0.285947,23.6976,0.303502,102.179,-0.249092,-0.742401,0.2692912667989731,3.0075985193252563,1.00418,428.04998779296875,,,,"20599"
"Jarred Kelenic","ATL",121,525,466,113,66,27,2,18,65,71,51,3,144,3,4,2,,14,6,0.241903,0.0967305,0.274813,0.351987,0.318372,0.422194,0.318507,0.740566,0.18029,5.08412,0.309318,0.228,-0.511367,64.026,0.0578042,97.2436,-0.283367,-0.558,-2.076099455356598,-5.783000409603119,0.99935,215.6300048828125,,,,"22558"
"Nick Madrigal","CHC",55,238,217,61,46,11,2,2,28,22,13,0,23,5,1,2,,5,2,0.282486,0.0529411,0.0979706,0.540378,0.334073,0.37575,0.312684,0.709823,0.0932642,5.45198,0.308206,-0.238576,-0.112647,27.874,-1.12488,95.7158,-0.351223,2.48513,-1.6144177317619324,3.335126519203186,0.979896,704.6799926757812,,,,"20521"
"Tyler Stephenson","CIN",96,378,335,86,58,16,1,11,45,45,35,1,91,4,3,1,,1,0,0.25529,0.0925527,0.241851,0.382685,0.330827,0.405612,0.321202,0.73644,0.150322,2.9434,0.317249,-0.25393,-0.704744,46.9695,0.888006,95.3521,-0.958674,-1.22855,-3.1363800168037415,5.896445155143738,0.979695,228.77999877929688,,,,"17988"
"Michael Busch","CHC",102,441,388,94,56,21,2,16,56,55,42,0,119,7,3,1,,3,1,0.242596,0.0959089,0.268984,0.35656,0.324976,0.42782,0.326556,0.752796,0.185224,3.86739,0.304933,-0.0528386,-0.70325,56.7299,2.9966,105.016,-0.756089,-0.0552381,1.9842196106910706,-7.180238071829081,0.97962,357.2099914550781,,,,"26319"
"Tyrone Taylor","NYM",84,364,333,78,45,17,2,14,46,48,20,0,85,7,2,1,,8,2,0.235486,0.0562163,0.234826,0.239395,0.290964,0.423067,0.306903,0.714031,0.187581,5.85401,0.273594,0.264011,0.282671,40.8834,-3.46791,95.434,0.546681,3.06858,-1.5123283863067627,-1.131422758102417,0.972613,590.4400024414062,,,,"13675"
"Yasmani Grandal","PIT",65,256,219,52,36,9,0,6,25,25,32,1,54,2,2,1,,0,0,0.23558,0.126036,0.210944,0.597485,0.337173,0.365073,0.312705,0.702247,0.129493,1.67108,0.28186,-1.09359,-0.671525,29.9866,-1.20546,93.3712,-1.76512,-1.32304,-3.8674156665802,3.6769641637802124,0.972324,495.1099853515625,,,,"11368"
"Miguel Amaya","CHC",62,243,209,47,29,10,0,7,26,28,24,0,65,7,2,1,,1,1,0.222219,0.0967269,0.269265,0.359226,0.31867,0.373739,0.306415,0.692409,0.15152,2.6919,0.284884,-0.0156386,-0.535137,27.217,-2.41555,91.5135,-0.550775,-2.46782,-3.1076642274856567,2.282184600830078,0.931842,471.7300109863281,,,,"21693"
"Garrett Mitchell","MIL",87,378,337,83,55,16,2,9,48,40,32,0,117,5,2,2,,14,3,0.245048,0.0845737,0.308953,0.273743,0.318153,0.383768,0.308374,0.701921,0.13872,6.58456,0.346772,0.0729943,1.09648,42.9176,-3.13945,91.6352,1.16947,1.792,-2.7476301193237305,-0.9580000638961792,0.914273,391.8399963378906,,,,"27555"
"Yan Gomes","CHC",96,378,348,87,59,17,1,10,40,45,18,1,75,6,4,1,,1,1,0.250838,0.0487957,0.198504,0.245817,0.297217,0.394047,0.298423,0.691264,0.143209,3.06931,0.289036,-0.512595,-0.739035,39.7516,-6.2568,86.1556,-1.25163,0.433549,-7.72787070274353,7.808548808097839,0.894067,357.9800109863281,,,,"9627"
"Tom Murphy","SFG",62,247,219,54,34,11,0,9,28,29,24,0,68,2,2,1,,1,1,0.246752,0.0959372,0.276295,0.347228,0.322308,0.42071,0.322572,0.743017,0.173958,2.10471,0.313917,-0.194361,-0.681088,31.0067,0.862467,105.131,-0.87545,-0.912389,0.6972876787185669,1.7376111149787903,0.889789,518.7000122070312,,,,"13499"
"Sean Bouchard","COL",86,371,324,82,46,20,3,14,48,49,40,0,98,4,2,1,,6,2,0.254566,0.107851,0.264098,0.408375,0.340587,0.458275,0.344461,0.798862,0.20371,5.03958,0.320464,-0.128683,-0.518742,53.242,8.03778,101.105,-0.647425,0.329561,-0.13951879739761353,-4.045438677072525,0.842701,468.75,,,,"21270"
"Joey Gallo","WSN",99,427,359,68,34,12,1,22,52,52,61,1,159,4,2,1,,3,1,0.19058,0.143748,0.372388,0.386018,0.31358,0.413237,0.316767,0.726816,0.222657,3.692,0.257559,0.222243,-0.606382,51.4572,-0.570243,97.1028,-0.384139,2.77774,-1.916745364665985,-4.447262287139893,0.815603,507.3699951171875,,,,"14128"
"Edward Olivares","PIT",94,406,369,98,64,20,3,12,51,48,26,1,74,7,3,1,,10,5,0.265682,0.0634761,0.181711,0.349324,0.323355,0.429861,0.325009,0.753216,0.164179,5.31587,0.301049,0.103542,-0.734496,51.7056,2.23688,101.619,-0.630954,-1.57197,0.1836029291152954,-5.921971082687378,0.806669,443.0299987792969,,,,"19698"
"Connor Joe","PIT",86,371,320,79,50,18,2,9,46,35,42,0,84,6,2,1,,4,2,0.245627,0.113727,0.22604,0.503128,0.341716,0.39526,0.325344,0.736976,0.149633,4.25433,0.304798,0.106644,-1.00358,47.3516,2.14738,101.844,-0.89694,0.962114,-0.04927414655685425,-4.712886333465576,0.785144,594.489990234375,,,,"16572"
"Mike Tauchman","CHC",63,273,233,55,37,12,1,5,36,27,34,1,65,3,2,1,,5,1,0.238217,0.125282,0.236817,0.529025,0.340094,0.365156,0.313737,0.70525,0.12694,4.57902,0.30397,0.0232887,-0.0416681,32.2119,-1.05158,96.4216,-0.0183793,1.2962,-1.2286175675690174,-0.2287968397140503,0.781851,660.7000122070312,,,,"15274"
"Johan Rojas","PHI",86,371,342,84,59,16,3,6,44,38,18,0,79,5,2,4,,19,5,0.246746,0.0491915,0.212192,0.231825,0.292363,0.364036,0.286468,0.656399,0.11729,7.3543,0.303143,-0.0384312,1.22072,35.3732,-9.83103,76.6493,1.18229,3.07859,-9.549999594688416,4.403592348098755,0.746828,365.3500061035156,,,,"24336"
"Mark Vientos","NYM",73,315,285,69,41,13,1,14,36,43,24,1,89,3,2,1,,1,1,0.240951,0.076837,0.283188,0.271329,0.30548,0.439887,0.319501,0.745368,0.198936,3.07805,0.297742,-0.283409,-0.588535,38.6755,0.294594,103.879,-0.871944,-0.0441598,0.641886293888092,-4.1691597774624825,0.718093,530.3300170898438,,,,"22184"
"Patrick Wisdom","CHC",73,315,278,58,29,11,0,18,40,46,31,1,114,4,2,1,,4,2,0.209604,0.0975222,0.361954,0.269432,0.295743,0.4445,0.31727,0.740242,0.234896,3.74673,0.274451,-0.108543,-0.360401,38.092,-0.288898,98.7906,-0.468943,-1.78551,-0.9409065246582031,-2.610514461994171,0.715685,583.5999755859375,,,,"13602"
"Kris Bryant","COL",130,560,495,134,83,30,1,19,75,67,52,1,116,9,3,2,,3,1,0.269498,0.0923136,0.206625,0.446769,0.346955,0.450561,0.345148,0.797517,0.181063,3.50058,0.315239,0.399657,-1.05892,80.6845,12.4517,101.565,-0.659263,-1.68684,0.426638662815094,-12.38684344291687,0.709268,274.3800048828125,,,,"15429"
"Noelvi Marte","CIN",55,238,215,57,39,10,1,7,29,29,19,0,50,2,2,1,,7,3,0.267369,0.0797615,0.210046,0.379732,0.330916,0.415898,0.324425,0.746814,0.148529,4.85244,0.318263,0.0155922,-0.195785,30.1948,1.19584,97.5126,-0.180193,-1.18505,-0.9135905504226685,-0.28504645824432373,0.688786,184.0500030517578,,,,"26517"
"Austin Slater","SFG",57,245,215,53,35,10,1,7,30,26,25,0,68,3,1,1,,6,2,0.244689,0.102205,0.277542,0.368251,0.330843,0.390794,0.317449,0.721637,0.146104,5.2237,0.325306,0.293678,0.0373792,29.6635,-0.188342,101.697,0.331058,-0.246231,0.846095621585846,-2.3712307512760162,0.680003,746.6300048828125,,,,"16153"
"Miguel Rojas","LAD",57,245,225,57,40,12,1,4,26,25,15,0,31,3,2,1,,5,2,0.252202,0.0602531,0.128334,0.469504,0.304131,0.362162,0.291931,0.666292,0.109959,4.31044,0.276072,-0.254566,-0.227559,24.4711,-5.38069,83.2175,-0.482124,1.50362,-5.575906187295914,3.9286153316497803,0.667822,735.52001953125,,,,"7802"
"Marco Luciano","SFG",81,350,312,67,42,15,0,10,36,37,33,0,110,2,2,1,,3,1,0.216249,0.0929038,0.315083,0.294855,0.293191,0.361588,0.288228,0.654779,0.145339,3.35324,0.296816,-0.0340237,-0.370352,33.8827,-8.76281,82.1079,-0.404376,-0.712386,-8.16235601902008,2.9376134872436523,0.667695,467.67999267578125,,,,"25616"
"Jared Triolo","PIT",71,308,272,67,47,15,1,4,34,29,31,0,77,2,2,1,,7,2,0.247073,0.100622,0.251042,0.400819,0.327399,0.353053,0.302899,0.680452,0.105979,4.89556,0.329616,0,-0.198449,33.5693,-3.95874,86.7972,-0.198449,1.3875,-5.2361894100904465,1.1875000596046448,0.642325,530.239990234375,,,,"25807"
"Jakob Marsee","SDP",52,224,192,43,30,7,1,5,29,23,26,0,50,3,1,1,,8,2,0.226191,0.118259,0.225246,0.525022,0.328242,0.348416,0.303406,0.676659,0.122226,5.72214,0.280474,0,0.136283,24.5085,-2.78464,93.7501,0.136283,-0.40039,-1.5980902761220932,0.39960977435112,0.641254,999,,,,"sa3019868"
"Gary Sánchez","MIL",81,334,294,63,34,12,0,16,38,45,33,0,95,5,2,1,,1,1,0.213229,0.0972183,0.285295,0.340764,0.301124,0.423288,0.313207,0.724412,0.210059,2.3449,0.251323,-0.589947,-0.629814,39.3094,-1.43529,94.8748,-1.21976,-0.70164,-3.343003749847412,-1.651639997959137,0.637236,369.9700012207031,,,,"11442"
"Luke Maile","CIN",60,237,209,50,32,12,0,6,25,25,21,0,64,4,1,1,,2,0,0.237284,0.0881113,0.269474,0.326976,0.31641,0.378172,0.306112,0.694582,0.140888,3.15832,0.311363,-0.181597,-0.273351,26.441,-2.41172,85.2357,-0.454949,-0.0989043,-4.786181628704071,4.526095747947693,0.630481,727.8699951171875,,,,"13355"
"Joey Meneses","WSN",122,525,484,129,86,26,1,17,56,69,33,1,113,4,4,0,,1,1,0.266693,0.0622004,0.214495,0.289985,0.315674,0.427855,0.32,0.743529,0.161162,2.2361,0.31312,-0.562187,-1.02971,64.6768,0.708651,99.2703,-1.5919,0.829431,-2.0664781033992767,-9.545569002628326,0.625116,363.8299865722656,,,,"14366"
"Tyler Black","MIL",45,196,168,40,25,8,2,4,26,22,23,0,44,4,1,1,,9,3,0.2391,0.117502,0.222154,0.528924,0.341299,0.389377,0.322527,0.730676,0.150277,7.10848,0.297432,0,0.0592656,24.5574,0.675929,101.123,0.0592656,-0.228913,0.3319687619805336,-0.8789130002260208,0.611128,999,,,,"sa3017623"
"Liover Peguero","PIT",109,469,433,105,71,20,2,11,53,52,28,0,108,2,3,3,,14,4,0.24181,0.0601831,0.229228,0.262546,0.290425,0.375261,0.289408,0.665686,0.13345,5.58121,0.29576,0.0328044,0.418491,45.8621,-11.2828,77.7532,0.451295,-0.0256875,-12.47452774643898,2.1493124309927225,0.563244,400.8699951171875,,,,"24273"
"Jackson Merrill","SDP",112,483,448,112,78,21,2,11,57,52,26,0,78,3,3,3,,8,3,0.251219,0.0530907,0.16166,0.32841,0.294052,0.383398,0.29385,0.677451,0.132179,4.98227,0.280197,-0.0534556,-0.409417,49.0132,-9.83752,87.344,-0.462873,0,-8.035761564970016,-2.7750000953674316,0.562375,999,,,,"sa3016829"
"Rowdy Tellez","PIT",92,399,353,87,53,16,1,17,43,52,39,4,83,3,3,1,,1,0,0.245125,0.098233,0.206903,0.474778,0.323107,0.438298,0.325093,0.761405,0.193173,2.05609,0.271094,-0.709647,-0.611296,50.842,2.22614,101.676,-1.32094,-0.182372,-0.4926060438156128,-7.507372215390205,0.557373,433.8399963378906,,,,"15679"
"Brandon Crawford","STL",44,189,168,40,27,8,1,5,21,22,16,1,44,2,2,1,,2,1,0.238339,0.0843071,0.231629,0.363975,0.310167,0.383694,0.302012,0.693861,0.145355,3.93031,0.288441,-0.0974692,-0.221649,20.4602,-2.56839,89.934,-0.319118,-0.0717941,-2.6759871542453766,1.753205955028534,0.549877,731.2999877929688,,,,"5343"
"Joshua Palacios","PIT",57,245,222,58,40,9,1,7,29,30,17,0,47,4,1,1,,5,2,0.261299,0.0700744,0.193406,0.362318,0.323163,0.410036,0.319437,0.733199,0.148737,4.95113,0.302455,-0.00134364,-0.205928,30.0679,0.21612,97.8842,-0.207272,0.53525,-0.8494515419006348,-1.9897499084472656,0.548967,635.1400146484375,,,,"19818"
"Nick Castellanos","PHI",147,637,588,152,93,34,1,24,76,88,38,1,160,5,5,1,,7,2,0.25924,0.0603521,0.251395,0.240068,0.307462,0.444484,0.321606,0.751946,0.185245,3.90329,0.314198,-0.876888,-0.420993,79.3244,1.70968,100.206,-1.29788,-7.37886,-1.1356597542762756,-15.303864002227783,0.524114,110.3499984741211,,,,"11737"
"Enrique Hernández","LAD",81,350,315,74,47,17,1,9,41,41,27,1,69,4,3,1,,2,1,0.23534,0.0768296,0.197793,0.388435,0.300033,0.384412,0.297794,0.684445,0.149072,3.38929,0.270063,0.132207,-0.568697,36.6631,-5.98233,87.1483,-0.43649,-1.3347,-6.008949428796768,-0.8347050547599792,0.506261,554.239990234375,,,,"10472"
"Ildemaro Vargas","WSN",55,238,220,56,39,12,1,4,25,24,14,0,27,1,2,1,,2,1,0.255967,0.0599885,0.112095,0.53516,0.302826,0.373821,0.294387,0.676647,0.117855,3.899,0.274985,-0.0593387,-0.396855,24.2575,-4.74142,82.0998,-0.456194,1.81453,-5.734008401632309,2.6645292043685913,0.502231,750.7899780273438,,,,"13324"
"Brenton Doyle","COL",122,525,487,113,74,19,4,15,61,62,27,0,173,5,3,3,,20,5,0.232531,0.0522765,0.330413,0.158215,0.27817,0.383878,0.286145,0.662048,0.151347,6.75897,0.324926,0.168811,0.88345,49.9157,-14.0525,62.0109,1.05226,8.92464,-23.655710458755493,10.799636840820312,0.501065,376.9200134277344,,,,"25479"
"Andruw Monasterio","MIL",44,189,166,41,29,8,1,3,22,18,19,0,44,2,2,1,,4,2,0.247086,0.101219,0.230434,0.439254,0.329363,0.356408,0.3051,0.685771,0.109322,4.54552,0.31517,-0.13663,-0.277446,20.9448,-2.08372,89.44,-0.414076,0.727421,-2.886618912220001,1.452421486377716,0.49888,640.239990234375,,,,"19455"
"Austin Barnes","LAD",37,147,130,28,20,5,0,3,16,14,14,0,32,2,1,1,,2,1,0.217915,0.0948455,0.219892,0.431327,0.301109,0.335336,0.284325,0.636445,0.117421,3.63859,0.263701,-0.163041,-0.225798,13.7728,-4.16264,78.1186,-0.388839,0.11963,-4.379099279642105,2.994629926979542,0.470547,741.1400146484375,,,,"12158"
"Edmundo Sosa","PHI",39,168,154,38,26,7,1,4,19,19,6,0,39,5,1,1,,3,1,0.246935,0.0372915,0.231915,0.160798,0.297585,0.391147,0.299372,0.688731,0.144211,5.597,0.301983,0.128164,-0.206504,17.8184,-2.65141,85.2997,-0.0783399,1.27544,-3.137871839106083,1.9754356741905212,0.454658,745.5599975585938,,,,"17022"
"Ji Hwan Bae","PIT",66,287,257,64,46,13,2,3,38,27,25,0,63,2,2,2,,14,5,0.248521,0.0863166,0.217876,0.396173,0.318247,0.352954,0.297298,0.671202,0.104433,6.71464,0.314533,0.189206,0.0796488,29.9455,-5.02382,83.0424,0.268855,-1.05534,-5.760402470827103,0.31965935230255127,0.432191,516.4600219726562,,,,"23818"
"Jacob Stallings","COL",55,218,192,47,32,10,0,4,21,22,20,0,48,2,2,2,,0,1,0.244164,0.0910243,0.219834,0.414059,0.319541,0.36181,0.301783,0.681351,0.117646,1.98511,0.302702,-0.546971,-0.556225,23.5149,-2.99839,72.4942,-1.1032,1.18167,-8.518023610115051,5.431670069694519,0.407139,707.1699829101562,,,,"13723"
"Jesse Winker","WSN",57,245,207,51,33,10,0,7,28,26,33,0,47,3,1,1,,0,0,0.244048,0.13356,0.190886,0.699686,0.354079,0.391782,0.331057,0.745862,0.147734,1.98195,0.28338,-0.671146,-0.652515,32.4323,2.58043,106.682,-1.32366,-1.14261,0.7045912742614746,-4.967606902122498,0.406988,720.969970703125,,,,"13590"
"Graham Pauley","SDP",63,273,248,61,40,13,1,8,33,33,20,0,59,3,1,1,,5,2,0.247557,0.0750439,0.216521,0.346589,0.311094,0.404477,0.310829,0.715572,0.156921,4.75294,0.29333,0,-0.361649,31.5527,-1.71076,98.7264,-0.361649,-0.3402,-0.7924032807350159,-4.615200072526932,0.387948,999,,,,"sa3019858"
"Jurickson Profar","SDP",92,399,348,82,55,19,1,8,46,39,42,0,70,4,3,2,,3,1,0.237252,0.105506,0.175632,0.600726,0.324614,0.367974,0.307044,0.692587,0.130722,3.50282,0.272239,-0.170658,-0.562899,44.8612,-3.7546,96.1889,-0.733558,-2.43729,-2.617371678352356,-7.262287855148315,0.369935,622.780029296875,,,,"10815"
"Andrew McCutchen","PIT",113,490,419,101,66,21,0,14,58,52,62,1,107,4,4,1,,8,3,0.240351,0.127488,0.218171,0.584349,0.341366,0.389332,0.322555,0.730698,0.14898,3.66048,0.287965,-0.997927,-0.607842,61.4048,1.70114,99.9745,-1.60577,-0.269303,-1.621226342394948,-11.419302821159363,0.363802,583.4600219726562,,,,"9847"
"Alec Burleson","STL",29,126,116,31,21,6,0,4,14,16,8,0,19,1,1,0,,1,0,0.272065,0.0650921,0.154359,0.421694,0.321974,0.434401,0.326035,0.756375,0.162336,3.52874,0.294982,-0.110126,-0.193283,16.154,0.801641,106.039,-0.303409,0.0565378,0.6392483413219452,-1.2934622205793858,0.362693,624.219970703125,,,,"27615"
"Vidal Bruján","MIA",55,238,214,52,36,10,2,4,29,23,19,0,46,2,1,1,,12,6,0.244517,0.0797918,0.192769,0.413924,0.311313,0.368141,0.298956,0.679453,0.123624,6.23734,0.290821,0.105695,-0.411413,25.1605,-3.8384,85.0984,-0.305717,-0.578,-4.699409335851669,0.07200002670288086,0.346878,669.25,,,,"20536"
"Stuart Fairchild","CIN",45,196,172,39,24,8,1,6,24,24,17,0,55,5,1,1,,5,2,0.229251,0.084645,0.280709,0.30154,0.312896,0.396588,0.310389,0.709484,0.167337,5.73898,0.297704,0.0214566,-0.150457,22.5816,-1.29988,88.1034,-0.129001,0.621972,-3.0176637321710587,-0.6780282258987427,0.297143,748.0800170898438,,,,"20321"
"Eguy Rosario","SDP",24,105,95,23,14,5,1,3,12,12,8,0,25,1,1,0,,2,1,0.237738,0.0775959,0.241221,0.321679,0.302646,0.385091,0.299205,0.687736,0.147353,4.86659,0.294255,-0.00475349,-0.232317,11.122,-1.67166,90.9336,-0.23707,0.416143,-1.416418969631195,0.7911428511142731,0.294257,737.7100219726562,,,,"19964"
"Joey Wiemer","MIL",57,245,219,49,30,11,0,8,29,29,21,0,68,3,2,1,,7,2,0.225221,0.0847441,0.279448,0.303255,0.298346,0.394114,0.300959,0.69246,0.168893,4.8633,0.284634,-0.0615623,0.00331058,26.3081,-3.54371,86.6639,-0.0582517,1.17643,-4.105992648750544,-1.3485713005065918,0.28817,531.25,,,,"27690"
"Luis Matos","SFG",32,140,127,34,23,7,1,3,16,15,10,0,18,1,1,1,,3,1,0.265339,0.0706943,0.131262,0.538575,0.32412,0.401249,0.316675,0.72537,0.13591,4.76661,0.287671,-0.059878,-0.125266,16.8605,-0.197683,101.178,-0.185144,-1.00205,0.019104033708572388,-1.9020453691482544,0.287715,503.25,,,,"26467"
"Carter Kieboom","WSN",49,210,185,42,29,7,1,5,23,22,20,0,51,4,1,0,,1,1,0.228208,0.0964458,0.244579,0.394333,0.314673,0.357123,0.298126,0.671797,0.128915,3.20433,0.286248,-0.068,-0.461891,22.0558,-3.53146,84.6065,-0.529891,-0.981695,-4.534640967845917,-0.2316949963569641,0.237929,741.7899780273438,,,,"19958"
"Nick Gordon","MIA",66,287,265,68,44,15,2,7,34,30,14,0,61,4,2,2,,5,2,0.256405,0.0475198,0.212059,0.224088,0.300803,0.406309,0.304893,0.707112,0.149904,5.53173,0.306851,0.0546993,-0.383574,31.7559,-3.21333,89.079,-0.328875,-2.07164,-4.211820691823959,-3.246636152267456,0.23099,635.9500122070312,,,,"16337"
"Xavier Edwards","MIA",15,63,56,16,12,2,0,1,7,6,5,0,8,0,0,1,,2,1,0.280437,0.0863149,0.123062,0.701393,0.345307,0.365831,0.314558,0.711138,0.0853941,5.3212,0.314423,0.0133458,0.00383003,7.4765,-0.199684,95.5582,0.0171759,0.197048,-0.3294971678406,0.4720478355884552,0.22818,628.6300048828125,,,,"22266"
"Tucker Barnhart","ARI",32,128,115,25,19,5,0,1,11,11,11,0,36,1,1,0,,1,0,0.221842,0.0827032,0.282252,0.293012,0.293857,0.304172,0.268182,0.598029,0.0823301,2.53559,0.309315,-0.175742,-0.270792,10.2604,-5.33567,64.6922,-0.446534,0.65826,-6.045390337705612,3.1582599878311157,0.223303,750.5700073242188,,,,"10200"
"Luis Guillorme","ATL",26,112,98,25,19,4,0,1,11,10,12,1,20,1,1,1,,0,0,0.256279,0.108303,0.176509,0.613585,0.34032,0.341885,0.303804,0.682204,0.0856058,2.98704,0.309682,-0.0783169,-0.281302,12.2912,-1.35532,87.3867,-0.359619,-0.481,-2.109723925590515,0.5189999938011169,0.221759,749.780029296875,,,,"16451"
"Whit Merrifield","PHI",87,378,348,89,63,18,1,7,44,40,23,1,64,2,4,1,,14,4,0.254923,0.0616755,0.168912,0.365135,0.302778,0.371092,0.293368,0.67387,0.116168,5.2589,0.290773,0.179596,0.436367,38.2066,-7.85048,81.2747,0.615963,-0.214726,-8.152790248394012,-2.614725634455681,0.210079,270.7099914550781,,,,"11281"
"Randal Grichuk","ARI",62,266,246,61,40,13,1,8,30,31,15,1,60,2,2,1,,1,1,0.248886,0.0572065,0.225636,0.253534,0.297131,0.403745,0.302092,0.700876,0.154858,3.69457,0.297345,-0.212672,-0.548083,28.8134,-3.59711,87.4245,-0.760754,-0.054512,-4.904798328876495,-2.1045119278132915,0.204456,632.4299926757812,,,,"10243"
"Jake McCarthy","ARI",15,63,57,15,10,3,1,1,8,7,5,0,13,1,0,0,,4,1,0.260917,0.074767,0.207495,0.360332,0.325317,0.399181,0.316296,0.724498,0.138265,7.61647,0.318256,0.0648123,0.211988,7.56744,-0.108742,96.947,0.276801,0.208135,0.038520798087120056,-0.16686466336250305,0.201167,453.3999938964844,,,,"21622"
"Ji Man Choi","NYM",45,196,167,37,22,8,0,7,22,24,25,1,58,1,2,0,,0,0,0.222695,0.127917,0.294365,0.434552,0.32608,0.399581,0.317754,0.725661,0.176886,1.8238,0.290324,-0.184078,-0.496472,23.7804,-0.10103,102.708,-0.680551,-0.035803,-0.022944629192352295,-4.735802765935659,0.191138,750.1400146484375,,,,"5452"
"Victor Scott II","STL",16,70,64,16,12,2,1,1,8,7,4,0,13,1,1,1,,5,1,0.249944,0.0591611,0.187252,0.315944,0.30466,0.350795,0.288717,0.655454,0.10085,7.47931,0.2994,0,0.309906,6.80492,-1.72417,81.0212,0.309906,0.411429,-1.3359246253967285,0.6614285707473755,0.17048,999,,,,"sa3019838"
"Cristian Pache","PHI",50,217,194,44,30,9,1,5,24,22,19,0,60,1,1,2,,4,2,0.228243,0.0873759,0.275926,0.316665,0.299722,0.359763,0.290673,0.659485,0.13152,4.91179,0.303504,-0.0340374,-0.538948,21.4479,-4.9923,79.4686,-0.572985,2.18471,-6.092440187931061,0.3597099781036377,0.165336,750.7000122070312,,,,"19948"
"David Fletcher","ATL",23,98,91,25,20,4,0,1,11,10,5,0,9,1,0,1,,1,0,0.273241,0.0525125,0.0953546,0.550707,0.314394,0.352747,0.292946,0.667142,0.0795063,4.29682,0.296375,-0.00405901,-0.118649,9.87106,-2.06967,80.1074,-0.122708,-0.038647,-2.537810578942299,0.7113529592752457,0.150704,750.27001953125,,,,"17992"
"José Azocar","SDP",71,308,286,68,49,12,2,5,33,30,15,0,76,3,2,2,,14,6,0.238988,0.0503232,0.246518,0.204136,0.282347,0.348146,0.275688,0.630492,0.109157,6.15062,0.305984,0.0606826,-0.0316931,26.609,-10.919,75.1683,0.0289894,-0.00550001,-9.445937525480986,0.3944999980740249,0.143463,667.9199829101562,,,,"18821"
"Nick Gonzales","PIT",19,84,75,17,11,5,1,2,9,9,7,0,24,1,1,0,,1,0,0.23406,0.0837749,0.279825,0.299383,0.309929,0.379052,0.301507,0.68898,0.144992,4.62397,0.316724,-0.0171761,-0.196219,9.05818,-1.17673,85.8644,-0.213395,-0.0894869,-1.6843967139720917,0.21051307022571564,0.138314,749.72998046875,,,,"27490"
"Hunter Goodman","COL",58,252,230,58,31,14,1,12,32,38,16,0,67,3,2,1,,1,1,0.252074,0.0637232,0.267378,0.238326,0.307291,0.476146,0.332586,0.783437,0.224072,3.48295,0.302539,-0.012447,-0.424053,33.679,2.97428,93.1441,-0.4365,-0.357836,-2.576848953962326,-4.657835602760315,0.134435,475.7300109863281,,,,"29715"
"Miguel Vargas","LAD",11,49,43,11,7,2,0,1,6,6,5,0,10,0,0,0,,1,0,0.24802,0.102724,0.203458,0.504887,0.331157,0.411967,0.323714,0.743124,0.163946,4.68766,0.289143,0.00161493,-0.0493559,6.18765,0.217281,104.525,-0.0477409,-0.280931,0.22692150622606277,-0.5559306740760803,0.133609,491.05999755859375,,,,"20178"
"Jace Peterson","ARI",28,119,104,24,17,4,1,2,13,11,13,0,29,1,1,1,,3,1,0.23392,0.105269,0.240304,0.438067,0.32002,0.352944,0.298013,0.672964,0.119024,6.01573,0.300276,0.0838901,0.168109,12.4871,-2.01235,84.6901,0.251999,-0.186656,-2.005033165216446,-0.7116560786962509,0.133254,742.0800170898438,,,,"12325"
"Miles Mastrobuoni","CHC",10,42,37,10,7,2,0,1,5,4,4,0,9,0,0,0,,1,0,0.256556,0.102216,0.221054,0.462404,0.333576,0.364369,0.309672,0.697945,0.107814,5.93335,0.326525,0.00701366,0.0304279,4.81388,-0.303572,93.6965,0.0374415,-0.0488805,-0.2905387282371521,0.10111948102712631,0.123755,750.0599975585938,,,,"20017"
"Tony Kemp","CIN",13,56,49,12,9,2,0,1,7,5,5,0,7,1,0,1,,2,0,0.253222,0.0980433,0.118635,0.826431,0.33534,0.373437,0.314001,0.708777,0.120215,5.26813,0.272655,0.00600197,0.00323228,6.61984,-0.203435,90.5244,0.00923426,0.064814,-0.6481396500021219,-0.0351860374212265,0.122051,750.5700073242188,,,,"14894"
"Garrett Cooper","CHC",52,224,201,50,32,10,1,7,23,28,18,0,62,3,1,0,,0,0,0.24854,0.080512,0.278604,0.288984,0.316775,0.409881,0.316227,0.726656,0.161341,2.26938,0.322104,-0.458104,-0.523933,26.8936,-0.399482,98.0913,-0.982037,-0.223594,-1.5116989612579346,-4.9235935509204865,0.119052,630.6799926757812,,,,"15279"
"Elehuris Montero","COL",81,350,319,81,49,15,1,15,42,49,22,0,96,5,3,1,,1,1,0.254135,0.0637918,0.27429,0.23257,0.310202,0.452089,0.326336,0.762291,0.197954,3.03694,0.313291,0.0231493,-0.734618,44.9597,2.31425,88.9543,-0.711469,0.726,-5.500870108604431,-5.273999989032745,0.11425,422.3800048828125,,,,"20543"
"Thomas Saggese","STL",10,42,39,10,6,2,0,1,5,5,2,0,10,1,0,0,,0,0,0.247355,0.0577376,0.248987,0.23189,0.298574,0.390571,0.298504,0.689145,0.143216,4.75395,0.309165,-0.00159851,-0.0456496,4.42433,-0.693127,87.5821,-0.0472481,0.105652,-0.693369671702385,0.40565215051174164,0.113953,999,,,,"sa3014503"
"Joey Wendle","NYM",66,287,265,64,43,15,2,4,31,27,14,1,59,4,2,2,,6,2,0.240423,0.0476435,0.206989,0.230174,0.286099,0.3571,0.279979,0.6432,0.116677,5.60664,0.292495,-0.0791997,-0.0158915,25.8175,-9.15179,77.3845,-0.0950912,-1.63526,-8.13602389395237,-0.5102636814117432,0.112542,741.9500122070312,,,,"13853"
"Otto Lopez","SFG",11,49,45,12,9,2,1,0,6,5,3,0,9,1,0,0,,1,0,0.261174,0.0681559,0.177342,0.384318,0.318196,0.354118,0.295631,0.672315,0.0929447,6.1285,0.315368,-0.00110035,-0.0520163,5.04483,-0.925536,87.0706,-0.0531167,0.0194118,-0.8379769995808601,0.29441177286207676,0.112214,999,,,,"19608"
"Alan Trejo","COL",39,168,155,38,24,9,1,5,19,20,9,0,39,2,1,1,,2,1,0.247589,0.0557223,0.233947,0.238183,0.294959,0.408044,0.303107,0.703002,0.160454,4.38661,0.300861,-0.031115,-0.363918,18.3396,-2.13024,73.3816,-0.395033,0.349329,-5.935026407241821,1.2993285655975342,0.108313,748.72998046875,,,,"20056"
"Matt Carpenter","STL",39,168,142,30,17,7,1,5,18,19,22,0,47,3,1,0,,1,1,0.214244,0.131076,0.279428,0.469087,0.328014,0.387182,0.31621,0.715196,0.172938,3.30089,0.275417,-0.318439,-0.385266,20.1678,-0.301976,99.4525,-0.703704,0.0558486,-0.8176591098308563,-3.894151471555233,0.100723,750.760009765625,,,,"8090"
"Owen Miller","MIL",23,98,90,22,15,5,0,2,10,10,6,0,20,1,1,0,,2,0,0.248157,0.0626013,0.205659,0.304393,0.301775,0.37389,0.29425,0.675665,0.125733,4.26744,0.296558,0.00231944,-0.0136549,9.97723,-1.9635,82.1665,-0.0113355,-0.231029,-2.1764505803585052,-0.18102940917015076,0.0977521,660.1900024414062,,,,"24655"
"Jake Cave","PHI",10,42,38,9,5,2,0,1,5,5,3,0,12,1,0,0,,0,0,0.24072,0.079926,0.274866,0.290782,0.309549,0.418247,0.314118,0.727796,0.177527,5.0358,0.309913,0.00964323,-0.0651615,4.96898,-0.148475,95.1855,-0.0555183,0.237857,-0.306022759526968,-0.21214285492897034,0.090973,999,,,,"14477"
"Pedro Pagés","STL",8,32,29,6,4,1,0,1,3,3,3,0,8,0,0,0,,0,0,0.221775,0.080468,0.250935,0.320672,0.291134,0.339384,0.278215,0.630517,0.117609,2.71803,0.281379,-0.00287005,-0.0617801,2.83173,-1.06729,73.9811,-0.0646502,0.27649,-1.0961226224899292,0.9014903903007507,0.0892723,999,,,,"sa3010339"
"Drew Millas","WSN",8,32,28,7,5,1,0,0,3,3,3,0,6,0,0,0,,0,0,0.238191,0.0981259,0.200393,0.489668,0.318332,0.347966,0.296735,0.666298,0.109776,3.84919,0.289287,-0.00463681,-0.0615422,3.32392,-0.575092,83.674,-0.0661791,0.0223781,-0.7133922129869461,0.6473781280219555,0.0888797,999,,,,"25643"
"Jason Delay","PIT",10,38,35,8,5,2,0,0,4,3,2,0,10,0,0,0,,0,0,0.225245,0.0640433,0.257126,0.249073,0.283234,0.326146,0.269754,0.60938,0.100901,3.8619,0.298962,-0.0178436,-0.0745381,3.12822,-1.5506,64.5773,-0.0923817,0.010441,-1.7775040864944458,0.760440974496305,0.0869205,748.9500122070312,,,,"19806"
"Rafael Marchán","PHI",8,32,29,7,5,1,0,0,3,3,3,0,5,1,0,0,,0,0,0.239522,0.0790965,0.142171,0.556348,0.311147,0.337891,0.289207,0.649039,0.0983692,3.39101,0.271458,-0.00353469,-0.0718257,3.12386,-0.775153,78.4858,-0.0753604,0.143893,-0.9282507821917534,0.7688934504985809,0.0853116,999,,,,"21646"
"Garrett Stubbs","PHI",28,109,95,22,15,4,1,2,13,11,11,0,26,1,1,1,,2,1,0.227623,0.100986,0.23451,0.430623,0.311003,0.343068,0.29142,0.65407,0.115445,5.1372,0.288663,0.0157633,-0.102458,10.8211,-2.43557,79.9693,-0.0866949,-0.517565,-2.7865707725286484,1.6074349880218506,0.0852863,748.2100219726562,,,,"18067"
"Eddie Rosario","WSN",94,406,375,93,59,18,2,14,44,53,26,1,85,1,3,1,,5,2,0.248286,0.0638575,0.208477,0.306305,0.29745,0.420499,0.308148,0.717949,0.172213,4.00957,0.282406,-0.194617,-0.712106,46.0204,-3.44829,91.3249,-0.906724,-1.07321,-5.27005010843277,-7.72321343421936,0.0832285,492.5400085449219,,,,"12155"
"Jordan Luplow","ATL",11,49,43,9,5,2,0,2,6,6,5,0,12,1,0,0,,1,0,0.218814,0.108028,0.250096,0.431944,0.311988,0.403187,0.311415,0.715175,0.184373,3.55463,0.258612,0.0038675,-0.0647859,5.68713,-0.283238,92.4888,-0.0609184,0.231552,-0.5168730393052101,-0.3434484302997589,0.080628,999,,,,"16424"
"Troy Johnston","MIA",24,105,94,23,15,5,0,3,12,12,8,0,23,2,1,0,,1,0,0.248541,0.0791186,0.218111,0.362745,0.318864,0.395077,0.311434,0.713941,0.146536,4.5402,0.299464,-0.0192091,-0.0525383,12.1884,-0.60525,93.4637,-0.0717474,0.248226,-0.9219783768057823,-1.8767741918563843,0.0775234,999,,,,"sa3010899"
"Ronny Mauricio","NYM",6,28,26,6,4,1,0,1,3,3,1,0,6,0,0,0,,1,0,0.246169,0.050833,0.227665,0.223281,0.288827,0.401518,0.296501,0.690345,0.155349,5.01303,0.291645,0.00575099,-0.0204547,2.90298,-0.508662,88.4603,-0.0147038,0.0765588,-0.41498911660164595,0.22655882686376572,0.0763057,999,,,,"23698"
"Blake Perkins","MIL",11,49,43,9,6,2,0,1,6,5,5,0,14,0,0,0,,1,0,0.218332,0.112058,0.275745,0.406383,0.310318,0.353933,0.295077,0.664251,0.135601,4.97881,0.289611,0.0209238,-0.044622,5.02226,-0.948108,82.7207,-0.0236982,0.539332,-1.072613013908267,0.1143316924571991,0.0708596,750.969970703125,,,,"19921"
"Charlie Blackmon","COL",125,539,481,132,90,25,5,12,68,59,42,1,89,9,4,3,,4,2,0.274287,0.0773364,0.164833,0.469181,0.341716,0.421802,0.331898,0.763518,0.147515,4.70863,0.31232,-0.599973,-0.856772,71.7275,6.05352,92.6826,-1.45675,-0.551396,-6.342845916748047,-11.326395750045776,0.0686551,433.04998779296875,,,,"7859"
"James Wood","WSN",24,105,94,21,12,5,1,4,12,12,9,0,34,1,1,0,,2,1,0.225675,0.0838347,0.326132,0.257058,0.296441,0.405819,0.303509,0.70226,0.180143,5.58,0.310521,-0.0099051,-0.0694563,11.4973,-1.29634,88.215,-0.0793614,-0.158049,-1.6123510003089905,-1.2830487787723541,0.067886,999,,,,"sa3016870"
"Oliver Dunn","MIL",8,35,30,6,4,1,0,1,4,4,4,0,12,0,0,0,,1,0,0.210206,0.115117,0.337673,0.340914,0.306613,0.359171,0.294362,0.665784,0.148965,5.25549,0.308809,-0.00426129,-0.0410675,3.56656,-0.697991,82.2417,-0.0453288,0.167586,-0.8153244704008102,0.29258620738983154,0.0667432,750.5599975585938,,,,"sa3010595"
"Forrest Wall","ATL",23,98,88,21,15,4,1,1,12,10,8,0,27,1,1,0,,7,2,0.239263,0.0828299,0.276991,0.299034,0.308928,0.344567,0.289759,0.653494,0.105303,7.49798,0.32874,-0.00589291,0.462581,9.61171,-2.32902,77.9712,0.456688,0.274904,-2.217764526605606,-0.4750961661338806,0.0643088,721.47998046875,,,,"16496"
"Blaze Alexander","ARI",18,77,69,15,10,3,0,2,8,8,6,0,25,2,0,0,,1,0,0.219518,0.0763082,0.323415,0.235945,0.293443,0.341232,0.2816,0.634675,0.121714,4.46667,0.316149,-0.00698092,-0.173654,7.0303,-2.35171,73.687,-0.180635,0.176242,-2.690665140748024,0.6512417793273926,0.0581463,999,,,,"sa3007742"
"Óscar Mercado","SDP",13,56,51,12,7,3,0,1,6,6,4,0,13,1,0,0,,2,1,0.23078,0.0697391,0.224261,0.310973,0.294127,0.371637,0.291258,0.665764,0.140858,5.9312,0.279198,0.0370587,0.0790671,5.56211,-1.26117,85.6059,0.116126,-0.154835,-0.8824735283851624,-0.45483486354351044,0.0568379,749.72998046875,,,,"16375"
"Casey Schmitt","SFG",13,56,52,12,8,3,0,1,6,6,3,0,13,1,0,0,,0,0,0.240009,0.0530918,0.23061,0.230224,0.287886,0.36709,0.285574,0.654976,0.127081,3.45851,0.295281,-0.0235488,-0.0995699,5.29776,-1.52551,80.3283,-0.123119,-0.209183,-1.4878555312752724,0.1408170759677887,0.0558676,658.4600219726562,,,,"27577"
"Emmanuel Rivera","ARI",31,133,121,31,20,6,1,3,16,16,10,0,28,1,1,0,,1,0,0.252479,0.0731995,0.208743,0.350668,0.311557,0.403469,0.310447,0.715026,0.150989,4.08243,0.298769,0,-0.230769,15.3296,-0.875711,93.0254,-0.230769,-0.00348393,-1.3799475282430649,-2.628483931068331,0.0519927,750,,,,"19890"
"Eric Haase","MIL",8,32,29,6,4,1,0,1,3,4,2,0,10,0,0,0,,0,0,0.22103,0.0689732,0.305866,0.225502,0.276903,0.38665,0.28605,0.663553,0.16562,3.63875,0.285431,-0.0195983,-0.0259199,3.03994,-0.859076,76.6692,-0.0455181,-0.09078,-0.9704268909990788,0.5342200249433517,0.0477381,698.0800170898438,,,,"14111"
"Jacob Young","WSN",13,56,51,13,10,2,0,0,6,5,4,0,10,1,0,1,,3,1,0.249122,0.0653445,0.176098,0.37107,0.308345,0.335572,0.285991,0.643917,0.0864496,6.46053,0.299126,0.0169048,0.18218,5.31717,-1.5061,76.4714,0.199085,-0.00896923,-1.4332277178764343,-0.008969230577349663,0.0463787,672.760009765625,,,,"29931"
"DJ Stewart","NYM",26,112,98,21,13,4,0,4,12,13,11,0,31,2,1,0,,1,0,0.218997,0.0968326,0.279046,0.347013,0.307337,0.390278,0.305138,0.697615,0.171282,3.24711,0.27294,-0.00968585,-0.167716,12.4153,-1.2312,94.2509,-0.177401,-0.478682,-0.9750957041978836,-2.3786816596984863,0.0459516,653.2100219726562,,,,"17766"
"Dylan Crews","WSN",52,224,203,46,30,10,0,5,25,25,14,0,61,5,2,1,,3,4,0.224645,0.06269,0.270298,0.231929,0.288584,0.355334,0.283331,0.643918,0.130688,3.87095,0.29042,-0.013451,-1.19839,20.7738,-6.5193,74.688,-1.21184,2.1673,-8.235992670059204,1.067297339439392,0.0459194,999,,,,"sa3022882"
"Joey Bart","SFG",6,26,23,5,3,1,0,1,3,3,2,0,8,0,0,0,,0,0,0.220248,0.0710849,0.31842,0.223243,0.288788,0.344712,0.2803,0.6335,0.124465,2.94475,0.309074,-0.0114143,-0.0501526,2.3097,-0.809508,76.7926,-0.0615669,-0.116001,-0.7975786775350571,0.383999340236187,0.0444684,737.6799926757812,,,,"21524"
"Alex Call","WSN",5,21,18,4,3,1,0,1,2,2,2,0,4,0,0,0,,0,0,0.235581,0.114423,0.185934,0.615397,0.333557,0.378235,0.315384,0.711791,0.142653,4.6474,0.271016,0.00571047,-0.0540605,2.50657,-0.0521625,96.1757,-0.04835,-0.000172131,-0.14784181118011475,-0.12517213133105543,0.0440973,749.510009765625,,,,"19296"
"Alexander Canario","CHC",5,21,19,4,2,1,0,1,2,3,2,0,7,0,0,0,,0,0,0.224596,0.0720567,0.313269,0.230016,0.28519,0.412685,0.300278,0.697875,0.188089,4.60098,0.29155,-0.00890107,-0.017469,2.24311,-0.315623,87.3989,-0.0263701,0.0979388,-0.3541971277445555,0.07293877378106117,0.0432752,736.9500122070312,,,,"22842"
"Matt Mervis","CHC",5,21,19,5,3,1,0,1,3,3,2,0,5,0,0,0,,0,0,0.24792,0.0888157,0.253056,0.350973,0.323183,0.43756,0.327255,0.760743,0.189639,2.73001,0.300167,-0.0088106,-0.0405802,2.71361,0.154883,105.484,-0.0493908,-0.000937498,0.09328815340995789,-0.37593749799998477,0.0431365,579.239990234375,,,,"27845"
"Brett Sullivan","SDP",15,60,54,13,9,3,0,1,7,6,4,0,10,0,1,0,,1,0,0.239824,0.074985,0.163099,0.459752,0.299606,0.362785,0.289155,0.662391,0.122961,4.60366,0.271621,-0.0182231,-0.069567,5.8546,-1.45605,84.196,-0.0877901,-0.172898,-1.262517400085926,-0.19789765775203705,0.0357321,999,,,,"18217"
"Austin Wynns","CIN",8,32,29,6,5,1,0,1,3,3,3,0,8,0,0,0,,0,0,0.226923,0.0799354,0.245821,0.325177,0.297472,0.339512,0.282977,0.636984,0.112589,2.85039,0.286828,-0.0281589,-0.0683633,2.95827,-0.940744,69.7265,-0.0965222,-0.129643,-1.29666006565094,0.4953569769859314,0.0315143,999,,,,"15271"
"Zack Short","NYM",6,28,24,5,3,1,0,1,3,3,4,0,8,0,0,0,,0,0,0.193323,0.125906,0.302417,0.416333,0.299863,0.32231,0.279743,0.622173,0.128987,3.57298,0.262961,-0.0157654,-0.0383445,2.51329,-0.898346,77.2263,-0.0541099,0.092719,-0.8440788500010967,0.1927190124988556,0.0301435,999,,,,"19562"
"Sam Hilliard","COL",60,259,230,52,30,10,2,10,33,31,25,1,83,2,1,1,,6,1,0.225129,0.0952032,0.319862,0.297639,0.303221,0.417798,0.311205,0.721019,0.192669,5.85261,0.299763,0.00809093,0.256502,30.0154,-1.54227,78.8103,0.264593,-1.03142,-6.534374803304672,-2.0064197778701782,0.0279664,747.1699829101562,,,,"17954"
"Pavin Smith","ARI",5,21,18,5,3,1,0,1,2,2,2,0,4,0,0,0,,0,0,0.247722,0.105217,0.208027,0.505786,0.32962,0.392652,0.316592,0.722272,0.14493,3.50951,0.293994,-0.011402,-0.0402278,2.52765,-0.0310827,97.1455,-0.0516298,-0.0387734,-0.12589166685938835,-0.3137734457850456,0.0274793,999,,,,"19892"
"Darick Hall","PHI",5,21,19,4,3,1,0,1,2,3,2,0,5,0,0,0,,0,0,0.236195,0.0833182,0.253607,0.328532,0.307171,0.437258,0.319497,0.744429,0.201063,2.77105,0.277885,-0.00624712,-0.0389052,2.57829,0.0195656,98.7911,-0.0451523,0.0341416,-0.07660163193941116,-0.390858419239521,0.0247077,999,,,,"19717"
"Nick Martini","CIN",11,49,43,10,7,2,0,2,6,6,5,0,12,1,0,0,,0,0,0.239743,0.101737,0.246261,0.413125,0.330391,0.395536,0.319219,0.725927,0.155793,3.07086,0.296808,-0.03724,-0.120806,6.00473,0.0343691,94.023,-0.158046,-0.0852857,-0.5208739191293716,-0.910285696387291,0.0237054,999,,,,"12005"
"Canaan Smith-Njigba","PIT",6,28,25,6,4,1,0,1,3,3,3,0,8,0,0,0,,1,0,0.236213,0.103135,0.281384,0.366526,0.317603,0.368625,0.302053,0.686228,0.132412,4.99081,0.321336,-0.0142742,0.00238753,3.03209,-0.379549,86.2303,-0.0118866,0.0541168,-0.48952704668045044,-0.24588318914175034,0.0217622,999,,,,"23264"
"Alika Williams","PIT",5,21,19,5,3,1,0,0,2,2,2,0,4,0,0,0,,0,0,0.23762,0.0720072,0.212808,0.338367,0.29979,0.343637,0.284575,0.643427,0.106016,3.6443,0.291667,-0.00313018,-0.0467968,1.96924,-0.589487,74.5134,-0.049927,0.0123131,-0.7129823006689548,0.18731309659779072,0.0189032,999,,,,"27604"
"Ali Sánchez","PIT",2,6,6,1,1,0,0,0,1,1,0,0,1,0,0,0,,0,0,0.24371,0.0751451,0.219173,0.342858,0.302917,0.350173,0.287968,0.65309,0.106463,2.24704,0.299892,-0.00273404,-0.020729,0.618183,-0.16162,76.7879,-0.0234631,0.052746,-0.20750352554023266,0.1777459904551506,0.0187906,999,,,,"18551"
"Coco Montes","COL",5,21,19,5,3,1,0,1,2,2,2,0,6,0,0,0,,0,0,0.242579,0.0761095,0.281536,0.270336,0.307386,0.400249,0.307622,0.707635,0.15767,4.64598,0.319733,-0.00467357,-0.0356072,2.37119,-0.187538,76.4083,-0.0402807,0.0437645,-0.6540382206439972,0.1187644675374031,0.0179454,734.4000244140625,,,,"21547"
"Rodolfo Castro","PHI",5,21,19,4,3,1,0,1,2,3,2,0,6,0,0,0,,0,0,0.2205,0.0772611,0.288365,0.267928,0.289265,0.389224,0.294177,0.678488,0.168724,3.88412,0.279242,-0.00882528,-0.0595507,2.1367,-0.422025,81.8172,-0.068376,-0.127607,-0.5414161831140518,-0.0026065707206726074,0.017073,999,,,,"21987"
"Drew Romo","COL",10,38,35,9,6,2,0,1,4,4,2,0,8,0,0,0,,1,0,0.252136,0.0576945,0.198491,0.290666,0.299199,0.383453,0.295678,0.682652,0.131317,4.77129,0.298735,-0.00174418,-0.0902984,3.95497,-0.723843,68.4011,-0.0920426,-0.295412,-1.5952574461698532,0.45458823442459106,0.016672,999,,,,"sa3014522"
"Jorge Alfaro","CHC",5,19,18,4,3,1,0,0,2,2,1,0,6,0,0,0,,0,0,0.234882,0.0407768,0.300216,0.135825,0.277553,0.361884,0.278324,0.639437,0.127002,3.91466,0.318079,-0.0146572,-0.0160926,1.70077,-0.638634,72.6816,-0.0307498,-0.12062,-0.6805418040603399,0.2543797269463539,0.0164277,999,,,,"12180"
"Chadwick Tromp","ATL",3,13,12,3,2,1,0,0,1,1,1,0,3,0,0,0,,0,0,0.217708,0.0772725,0.257912,0.299608,0.27949,0.361167,0.280159,0.640657,0.143459,2.39496,0.268508,-0.00559245,-0.0293218,1.15335,-0.406251,71.5355,-0.0349143,-0.0359943,-0.4862833693623543,0.21400565654039383,0.0153566,999,,,,"16953"
"Jose Herrera","ARI",8,32,28,6,5,1,0,0,3,3,3,0,8,0,0,0,,0,0,0.225425,0.0979608,0.235792,0.415454,0.30534,0.313959,0.278862,0.619299,0.0885348,3.37918,0.292099,-0.0128338,-0.0679011,2.84892,-1.05009,71.8517,-0.0807349,0.0346215,-1.196621611714363,0.6596215143799782,0.0151923,750.9400024414062,,,,"17040"
"Vinny Capra","MIL",2,7,6,2,1,0,0,0,1,1,1,0,2,0,0,0,,0,0,0.244968,0.100874,0.215095,0.468972,0.327313,0.360093,0.305447,0.687407,0.115125,4.19831,0.304992,-0.00102,-0.0133982,0.777752,-0.0751571,89.6727,-0.0144182,-0.0116266,-0.10397619567811489,0.013373417779803276,0.0147392,999,,,,"25040"
"Brady House","WSN",8,35,32,8,5,1,0,1,4,4,2,0,10,1,0,0,,0,0,0.238156,0.0469605,0.277238,0.169387,0.284482,0.371513,0.285373,0.655995,0.133357,4.37427,0.311228,-0.00326413,-0.0344528,3.30527,-0.959273,76.0572,-0.037717,-0.106071,-1.075871679931879,0.01892857253551483,0.0134736,999,,,,"sa3017694"
"José Fermín","STL",2,7,6,2,1,0,0,0,1,1,1,0,1,0,0,0,,0,0,0.245184,0.0882155,0.131127,0.672749,0.326026,0.359049,0.304842,0.685075,0.113866,4.2415,0.267439,-0.00153,-0.0158083,0.774237,-0.0786723,91.8313,-0.0173383,-0.0406835,-0.08817638643085957,-0.015683544799685478,0.0134172,999,,,,"21746"
"Juan Yepez","WSN",5,21,19,5,3,1,0,1,2,3,1,0,5,0,0,0,,0,0,0.248382,0.0683699,0.227293,0.300801,0.304599,0.43639,0.317989,0.740989,0.188008,2.9047,0.285927,-0.01454,-0.0395856,2.552,-0.00672872,97.9221,-0.0541256,-0.101595,-0.10818362608551979,-0.47659503668546677,0.0130089,714.8400268554688,,,,"18400"
"Blake Sabol","SFG",2,6,6,1,1,0,0,0,1,1,1,0,2,0,0,0,,0,0,0.228936,0.0787159,0.317929,0.247589,0.296413,0.372995,0.292815,0.669409,0.144059,4.08621,0.317604,0.00108828,-0.0106873,0.643946,-0.135857,85.1825,-0.009599,-0.0954887,-0.12708191853016615,0.02951134741306305,0.0125818,532.1300048828125,,,,"25805"
"Tyler Wade","SDP",10,42,37,8,6,2,0,0,5,3,4,0,11,0,0,0,,3,1,0.22507,0.08682,0.252766,0.34348,0.299391,0.309893,0.273391,0.609285,0.0848235,6.27431,0.300453,0.0213315,0.104863,3.54836,-1.56909,73.6282,0.126195,-0.218868,-1.245971828699112,-0.06886765360832214,0.0115307,999,,,,"15730"
"Kody Clemens","PHI",2,7,6,1,1,0,0,0,1,1,1,0,2,0,0,0,,0,0,0.228183,0.0803824,0.259243,0.310066,0.2929,0.423987,0.307775,0.716887,0.195803,5.02401,0.270651,0.000507297,-0.0104701,0.791288,-0.0616214,90.9333,-0.00996281,0.0773807,-0.08858917653560638,-0.04761926829814911,0.0101915,999,,,,"20572"
"Bubba Thompson","CIN",5,21,19,5,3,1,0,0,3,2,1,0,6,0,0,0,,1,0,0.238055,0.0549869,0.280492,0.196037,0.287617,0.365147,0.284722,0.652764,0.127092,7.29841,0.317267,0.00781154,0.0809066,1.97181,-0.586918,70.8968,0.0887181,-0.0299286,-0.6684269458055496,0.04507143422961235,0.00916215,999,,,,"22261"
"David Villar","SFG",2,7,6,1,1,0,0,0,1,1,1,0,2,0,0,0,,0,0,0.216901,0.0913895,0.304599,0.300032,0.300261,0.392637,0.302965,0.692898,0.175735,3.46441,0.281185,0,-0.0085541,0.763322,-0.0895876,91.9867,-0.0085541,0.0551429,-0.07804510183632374,-0.06985713914036751,0.00902543,999,,,,"24782"
"Ben Gamel","NYM",2,7,6,1,1,0,0,0,1,1,1,0,2,0,0,0,,0,0,0.229868,0.113444,0.262104,0.432822,0.322697,0.365239,0.304671,0.687937,0.135371,3.57674,0.299447,-0.000507714,-0.0199302,0.773245,-0.0796644,93.9379,-0.0204379,-0.00871845,-0.0730082131922245,-0.08371844980865717,0.00814548,999,,,,"12160"
"Tucupita Marcano","SDP",2,7,6,2,1,0,0,0,1,1,1,0,1,0,0,0,,0,0,0.243384,0.0776254,0.180334,0.430452,0.306024,0.358003,0.292326,0.664027,0.114619,4.70682,0.285135,0.00101514,-0.0147379,0.701477,-0.151433,86.3223,-0.0137228,-0.0496571,-0.132334616035223,-0.02465713955461979,0.00811904,999,,,,"22871"
"Christian Arroyo","MIL",2,7,6,2,1,0,0,0,1,1,0,0,2,0,0,0,,0,0,0.241967,0.049193,0.220981,0.222612,0.28756,0.381773,0.28929,0.669333,0.139806,3.42671,0.289806,-0.00356443,-0.015319,0.683821,-0.169088,78.8411,-0.0188834,0.0177209,-0.2023720983415842,0.04272093065083027,0.00785385,748.6500244140625,,,,"16434"
"Tomás Nido","NYM",2,6,6,1,1,0,0,0,1,1,0,0,2,0,0,0,,0,0,0.222949,0.0499513,0.252315,0.197972,0.265621,0.31753,0.256674,0.583151,0.0945812,2.66057,0.285953,-0.0125677,-0.0145354,0.451848,-0.327955,61.761,-0.0271032,0.0144631,-0.33028651028871536,0.1394630717113614,0.00757345,999,,,,"13755"
"Stone Garrett","WSN",65,280,256,61,36,13,1,11,33,37,18,0,82,3,2,1,,5,2,0.236752,0.0643252,0.293362,0.219269,0.291158,0.420587,0.305331,0.711744,0.183835,4.54385,0.300755,0.0494844,-0.168681,31.0832,-3.03319,89.4365,-0.119196,0.321125,-3.783444434404373,-5.678874999284744,0.00739583,501.9800109863281,,,,"19273"
"Jose Iglesias","NYM",3,14,13,3,2,1,0,0,1,1,1,0,2,0,0,0,,0,0,0.250323,0.0413957,0.160895,0.257284,0.289353,0.347569,0.278969,0.636922,0.0972456,3.38849,0.289331,-0.00413091,-0.031936,1.24765,-0.458171,76.7075,-0.0360669,-0.0650625,-0.44004950299859047,0.034937500953674316,0.00715098,999,,,,"10231"
"Billy McKinney","PIT",3,14,12,3,2,1,0,0,2,2,1,0,4,0,0,0,,0,0,0.224524,0.100702,0.261271,0.38543,0.308635,0.383244,0.30224,0.69188,0.15872,3.91171,0.281694,-0.00978766,-0.0242189,1.51822,-0.187594,86.356,-0.0340065,0.0575577,-0.27064598351716995,-0.14244230836629868,0.0063556,999,,,,"15654"
"Tyler Fitzgerald","SFG",2,7,6,1,1,0,0,0,1,1,0,0,2,0,0,0,,0,0,0.220592,0.0626865,0.305013,0.205521,0.279137,0.371507,0.283001,0.650644,0.150915,6.39376,0.297654,-0.00101286,0.00998012,0.647264,-0.205646,78.6035,0.00896726,-0.0282339,-0.17658184748142958,-0.00323387049138546,0.00584309,748.969970703125,,,,"26208"
"Trayce Thompson","NYM",2,7,6,1,1,0,0,0,1,1,1,0,3,0,0,0,,0,0,0.197511,0.111703,0.383253,0.291459,0.295759,0.377601,0.295928,0.67336,0.18009,4.02632,0.292935,0,-0.00858062,0.722412,-0.130497,88.0761,-0.00858062,0.00646875,-0.11198383755981922,-0.06853125337511301,0.00577335,999,,,,"9952"
"Luken Baker","STL",2,7,6,1,1,0,0,0,1,1,1,0,2,0,0,0,,0,0,0.236296,0.0911099,0.264862,0.34399,0.309673,0.43107,0.319251,0.740743,0.194773,1.83412,0.282607,-0.00354888,-0.0150145,0.858002,0.00509251,101.491,-0.0185634,0,-0.0056366268545389175,-0.17499999701976776,0.00576123,725.0999755859375,,,,"21497"
"Luke Voit","NYM",5,21,18,4,2,1,0,1,2,3,2,0,7,0,0,0,,0,0,0.219774,0.103333,0.329999,0.313132,0.311235,0.39684,0.310074,0.708074,0.177065,2.93906,0.299807,-0.0372605,-0.0438278,2.41396,-0.14477,97.5597,-0.0810883,0,-0.14457553625106812,-0.5249999761581421,0.0045532,999,,,,"14811"
"Leury García","ATL",3,14,13,3,2,1,0,0,2,1,1,0,3,0,0,0,,0,0,0.2525,0.0554968,0.220486,0.251702,0.299157,0.346434,0.283867,0.64559,0.0939334,4.71005,0.317152,0.0149698,-0.0150182,1.3046,-0.401218,74.0216,-0.0000484402,-0.0313814,-0.4506142253849248,0.01861855760216713,0.0044702,999,,,,"5913"
"Alfonso Rivas","STL",2,7,6,1,1,0,0,0,1,1,1,0,2,0,0,0,,0,0,0.238456,0.102998,0.261772,0.393463,0.325578,0.359667,0.304216,0.685245,0.121211,4.71441,0.317213,-0.00152209,-0.00328951,0.770594,-0.0823149,91.4113,-0.0048116,0.0025,-0.07929228153079748,-0.12250000028871,0.00365164,999,,,,"21560"
"Jared Young","STL",3,14,12,3,2,1,0,0,2,2,1,0,4,0,0,0,,0,0,0.232412,0.083135,0.252278,0.329537,0.306969,0.384751,0.301794,0.691719,0.152339,4.44776,0.288713,-0.00309084,-0.0238961,1.51303,-0.192789,89.7877,-0.0269869,-0.0363654,-0.20410788618028164,-0.23636538907885551,0.00362484,999,,,,"20404"
"Jonathan Davis","MIA",6,28,24,5,4,1,0,0,4,3,3,0,7,1,0,0,,1,0,0.222292,0.0933633,0.262016,0.356327,0.309508,0.335755,0.288769,0.645263,0.113463,6.24368,0.295948,0.00160452,-0.0116823,2.72319,-0.688451,78.2696,-0.0100777,0.0183966,-0.7638569753617048,-0.18160343542695045,0.000816519,999,,,,"15104"
"David Dahl","PHI",2,7,6,2,1,0,0,0,1,1,0,0,2,0,0,0,,0,0,0.242597,0.0663374,0.232513,0.285306,0.294786,0.38701,0.295788,0.681796,0.144413,3.76738,0.296789,-0.00101841,-0.0107541,0.721601,-0.131308,82.8973,-0.0117725,0.00116279,-0.16008594539016485,-0.07383721321821213,0.000447634,999,,,,"13744"
"Dane Myers","MIA",2,7,6,2,1,0,0,0,1,1,0,0,2,0,0,0,,0,0,0.255399,0.0636808,0.249207,0.255534,0.312461,0.394225,0.308158,0.706686,0.138826,4.98499,0.3207,0,-0.003568,0.793512,-0.059397,91.2673,-0.003568,-0.0366261,-0.0792970871552825,-0.16162608563899994,-0.00025039,750.760009765625,,,,"22054"
"Jake Bauers","MIL",41,175,152,33,19,7,0,7,20,20,20,0,54,1,1,1,,3,1,0.216299,0.114524,0.307842,0.372021,0.308803,0.395876,0.308339,0.704679,0.179577,4.31153,0.283646,-0.16239,-0.112829,19.8641,-1.4586,91.6115,-0.275219,-0.79442,-2.0938381254673004,-3.869420051574707,-0.000294531,622.8099975585938,,,,"15194"
"David Peralta","CHC",6,28,26,7,4,2,0,1,3,3,2,0,6,0,0,0,,0,0,0.260544,0.0661771,0.198055,0.334135,0.3121,0.406504,0.309399,0.718605,0.14596,3.87663,0.306927,-0.0263171,-0.0478572,3.20291,-0.208731,93.5135,-0.0741743,0,-0.29917752742767334,-0.699999988079071,-0.00454002,999,,,,"2136"
"Ryan Ward","LAD",2,7,6,1,1,0,0,0,1,1,0,0,2,0,0,0,,0,0,0.21279,0.0668813,0.298906,0.223754,0.270439,0.374746,0.279288,0.645186,0.161956,4.79015,0.273205,-0.00101276,-0.0099037,0.625677,-0.227232,74.7422,-0.0109165,0.010368,-0.22995105851441622,-0.06463200319558382,-0.00560122,999,,,,"sa1169792"
"Eli White","ATL",5,21,19,4,3,1,0,1,2,2,2,0,7,0,0,0,,1,0,0.206913,0.0936206,0.331352,0.282542,0.288751,0.329854,0.275938,0.618605,0.122942,5.88604,0.296013,0.000531558,0.0303227,1.81861,-0.740118,68.706,0.0308542,0.12675,-0.7832856010645628,0.0017499923706054688,-0.00661118,999,,,,"19346"
"Michael Siani","STL",6,28,25,5,4,1,0,0,3,2,3,0,7,0,0,0,,1,0,0.214988,0.0978931,0.237987,0.411338,0.296904,0.315354,0.27462,0.612258,0.100365,5.68704,0.274942,0.000524733,-0.0130141,2.39417,-1.01747,71.5711,-0.0124894,0.156944,-0.9986239532008767,-0.043055981397628784,-0.00877825,999,,,,"22557"
"Cal Mitchell","SDP",13,56,51,12,8,2,0,1,6,7,4,0,15,1,0,0,,1,0,0.236786,0.0667452,0.260705,0.256018,0.294527,0.373495,0.291589,0.668021,0.136708,3.68484,0.30075,0.00607951,-0.0784935,5.57754,-1.24573,85.8283,-0.072414,-0.0421193,-1.0555813610553741,-0.9421192929148674,-0.00901478,749.4299926757812,,,,"22169"
"Owen Caissie","CHC",5,21,19,4,3,1,0,1,2,2,2,0,7,0,0,0,,0,0,0.221956,0.0954102,0.342945,0.278209,0.302833,0.366275,0.295137,0.669108,0.14432,3.69588,0.325029,-0.00155695,-0.0659374,2.15344,-0.405287,83.9524,-0.0674944,-0.00790244,-0.4849860221147537,-0.3329024277627468,-0.0102362,999,,,,"sa3014465"
"Trey Lipscomb","WSN",16,70,66,16,11,3,0,1,7,7,3,0,14,0,0,0,,1,0,0.242384,0.0360099,0.206523,0.174363,0.273353,0.356298,0.273091,0.629651,0.113914,3.99111,0.290032,-0.00278929,-0.131167,5.89649,-2.6326,67.823,-0.133956,0.182903,-2.9243252128362656,0.4329032301902771,-0.0106997,999,,,,"sa3020215"
"Julio Carreras","COL",3,14,13,3,2,1,0,0,2,1,1,0,3,0,0,0,,0,0,0.23984,0.0607103,0.240177,0.252773,0.293918,0.350653,0.283291,0.644572,0.110814,4.90864,0.309529,-0.000514211,-0.0153364,1.29789,-0.407926,60.0971,-0.0158506,-0.035027,-0.7079227119684219,0.11497297883033752,-0.0115797,999,,,,"sa3005598"
"Nathan Martorella","SDP",15,63,56,13,8,3,0,2,7,7,6,0,14,0,1,0,,0,0,0.228346,0.095053,0.223768,0.424783,0.305595,0.37456,0.298716,0.680156,0.146214,3.06635,0.272162,0,-0.131682,6.64761,-1.02857,90.6059,-0.131682,0.00368182,-0.8648698478937149,-1.4213181340601295,-0.0140081,999,,,,"sa3019978"
"Nasim Nuñez","WSN",16,70,61,13,10,2,0,0,7,5,7,0,16,0,0,0,,3,1,0.214449,0.106758,0.22663,0.471069,0.301679,0.274798,0.264644,0.576477,0.0603487,5.58488,0.280304,0,0.101009,5.40543,-3.12366,62.1604,0.101009,0.0730328,-3.180418238043785,0.5730327889323235,-0.0222633,749.9199829101562,,,,"sa3010695"
"Aaron Schunk","COL",8,35,32,8,5,2,0,1,4,4,2,0,9,0,0,0,,1,0,0.242284,0.0551333,0.26212,0.210336,0.288477,0.369208,0.285216,0.657685,0.126924,4.72254,0.31407,-0.00427,-0.0707508,3.30069,-0.963853,61.3877,-0.0750208,0.177188,-1.7492385879158974,0.3021875023841858,-0.025427,999,,,,"sa3009957"
"Brad Miller","SDP",8,35,31,7,4,1,0,1,4,4,4,0,10,0,0,0,,0,0,0.210932,0.101185,0.291403,0.347235,0.294058,0.370725,0.291261,0.664784,0.159793,3.62001,0.269022,-0.0302235,-0.0553181,3.47642,-0.78813,85.6082,-0.0855417,-0.0120638,-0.7095677256584167,-0.7870638053864241,-0.030371,999,,,,"12775"
"Bradley Zimmer","COL",3,14,12,2,2,0,0,0,2,1,1,0,5,0,0,0,,1,0,0.20035,0.0791204,0.374806,0.211097,0.289125,0.313064,0.27058,0.60219,0.112714,5.93857,0.3175,-0.000513846,-0.00291009,1.15011,-0.555713,51.5761,-0.00342394,-0.0391842,-0.8432831873651594,0.01081579178571701,-0.0354638,750.760009765625,,,,"16221"
"Riley Adams","WSN",44,174,154,34,20,8,1,5,17,20,14,0,53,4,1,1,,0,1,0.221213,0.0828606,0.305311,0.271397,0.302835,0.388401,0.302491,0.691236,0.167188,2.85855,0.298605,-0.0548809,-0.4298,18.9056,-2.29525,87.5329,-0.484681,-2.28791,-3.1720924973487854,0.5870907306671143,-0.0447593,725.3800048828125,,,,"19864"
"Michael Toglia","COL",15,63,56,13,8,3,0,2,7,8,6,0,18,0,0,0,,1,0,0.223956,0.0888331,0.289337,0.307023,0.29653,0.398589,0.301307,0.695119,0.174633,4.17304,0.286446,0.00993729,-0.101555,6.78319,-0.892989,72.1753,-0.0916177,0.109652,-2.263264261186123,-1.0153480023145676,-0.11297,743.4600219726562,,,,"25845"
"Nick Senzel","WSN",87,378,341,79,56,15,1,7,42,37,29,0,75,3,2,2,,7,4,0.231415,0.0772577,0.198627,0.38896,0.296473,0.346342,0.284076,0.642815,0.114927,4.26189,0.27396,0.197012,-0.749906,35.2898,-10.7673,75.1877,-0.552895,-3.6025,-12.172107875347137,-2.3524999618530273,-0.164569,426.8599853515625,,,,"19293"
"Avisaíl García","MIA",83,357,325,76,52,13,1,11,36,40,23,2,102,5,2,1,,4,1,0.235411,0.0657579,0.284481,0.231151,0.29599,0.382362,0.294287,0.678352,0.146951,3.87653,0.305426,-0.339083,-0.360206,36.3567,-7.14164,81.969,-0.699289,0.678574,-8.673864364624023,-5.546426355838776,-0.205545,675.5700073242188,,,,"5760"
"Elias Díaz","COL",97,384,352,90,60,18,1,11,39,46,26,0,82,2,3,1,,1,1,0.255336,0.0678232,0.212356,0.319384,0.308516,0.407255,0.310089,0.715772,0.151919,2.4141,0.300756,-0.542247,-0.861798,44.1456,-2.64257,78.062,-1.40404,-4.85783,-11.840331673622131,2.6421689987182617,-0.455949,256.4800109863281,,,,"11680"