Name,Team,W,L,ERA,G,GS,QS,CG,ShO,SV,HLD,BS,IP,TBF,H,R,ER,HR,BB,IBB,HBP,WP,BK,SO,NameASCII,PlayerId,MLBAMID
"Logan Webb","SFG",15,11,3.217391304347826,34,34,22,0,0,0,0,0,207,856,210,82,74,14,46,0,6,2,0,224,"Logan Webb",17995,657277
"Jesús Luzardo","PHI",15,7,3.9201454076830196,32,32,18,0,0,0,0,0,183.2,758,167,85,80,16,57,0,3,2,1,216,"Jesus Luzardo",19959,666200
"Paul Skenes","PIT",10,10,1.966252326829945,32,32,20,1,0,0,0,0,187.2,733,136,45,41,11,42,0,6,2,0,216,"Paul Skenes",33677,694973
"Dylan Cease","SDP",8,12,4.553571428571429,32,32,8,0,0,0,0,0,168,722,152,91,85,21,71,2,5,5,0,215,"Dylan Cease",18525,656302
"Cristopher Sánchez","PHI",13,5,2.495049504950495,32,32,22,1,0,0,0,0,202,807,171,58,56,12,44,0,6,6,1,212,"Cristopher Sanchez",20778,650911
"Freddy Peralta","MIL",17,6,2.6999999222665485,33,33,13,0,0,0,0,0,176.2,723,124,54,53,21,66,0,9,4,2,204,"Freddy Peralta",18679,642547
"Sonny Gray","STL",14,8,4.284133082548646,32,32,14,1,1,0,0,0,180.2,753,185,93,86,25,38,0,3,2,0,201,"Sonny Gray",12768,543243
"Yoshinobu Yamamoto","LAD",12,8,2.487524138029198,30,30,18,0,0,0,0,0,173.2,684,113,53,48,14,59,0,3,5,0,201,"Yoshinobu Yamamoto",33825,808967
"Zack Wheeler","PHI",10,5,2.7060135469509574,24,24,16,1,0,0,0,0,149.2,585,107,48,45,19,33,0,8,2,0,195,"Zack Wheeler",10310,554430
"Nick Pivetta","SDP",13,5,2.8733946563101758,31,31,19,0,0,0,0,0,181.2,721,129,63,58,22,50,1,3,1,0,190,"Nick Pivetta",15454,601713
"Robbie Ray","SFG",11,8,3.652650924561298,32,32,16,1,0,0,0,0,182.1,755,148,81,74,22,73,0,4,7,1,186,"Robbie Ray",11486,592662
"MacKenzie Gore","WSN",5,15,4.171190244873954,30,30,14,0,0,0,0,0,159.2,680,152,75,74,20,64,0,5,12,0,185,"MacKenzie Gore",22201,669022
"Zac Gallen","ARI",13,15,4.828125,33,33,15,0,0,0,0,0,192,813,176,109,103,31,66,1,4,2,0,175,"Zac Gallen",19291,668678
"Chris Sale","ATL",7,5,2.5782493499141124,21,20,11,0,0,0,0,0,125.2,510,102,38,36,11,32,0,11,3,0,165,"Chris Sale",10603,519242
"Brady Singer","CIN",14,12,4.031434426384313,32,32,15,0,0,0,0,0,169.2,716,150,80,76,19,60,0,14,3,0,163,"Brady Singer",25377,663903
"Nick Lodolo","CIN",9,8,3.331915109961659,29,28,14,2,1,0,0,0,156.2,642,138,60,58,22,31,1,13,2,1,156,"Nick Lodolo",26378,666157
"Matthew Boyd","CHC",14,8,3.2059368294643527,31,31,17,0,0,0,0,0,179.2,718,154,69,64,19,42,0,9,2,0,154,"Matthew Boyd",15440,571510
"Ranger Suárez","PHI",12,8,3.2033899340674816,26,26,17,0,0,0,0,0,157.1,651,154,57,56,14,38,0,6,0,0,151,"Ranger Suarez",17277,624133
"Mitch Keller","PIT",6,15,4.185255319209694,32,32,17,0,0,0,0,0,176.1,749,171,91,82,21,51,0,10,5,0,150,"Mitch Keller",17594,656605
"David Peterson","NYM",9,6,4.215415274000524,30,30,15,1,1,0,0,0,168.2,723,166,84,79,11,65,1,7,3,1,150,"David Peterson",20302,656849
"Edward Cabrera","MIA",8,7,3.5302666046856825,26,26,7,0,0,0,0,0,137.2,581,121,60,54,17,48,0,10,8,0,150,"Edward Cabrera",21690,665795
"Andrew Abbott","CIN",10,7,2.867735558633611,29,29,11,1,1,0,0,0,166.1,684,148,60,53,19,43,0,3,4,0,149,"Andrew Abbott",29911,671096
"Brandon Pfaadt","ARI",13,9,5.247170113454573,33,33,12,0,0,0,0,0,176.2,767,198,107,103,26,37,2,12,3,0,147,"Brandon Pfaadt",27782,694297
"Eduardo Rodriguez","ARI",9,9,5.0151189557767655,29,29,9,0,0,0,0,0,154.1,694,178,94,86,25,60,2,1,4,1,143,"Eduardo Rodriguez",13164,593958
"Sandy Alcantara","MIA",11,12,5.358778938047624,31,31,12,0,0,0,0,0,174.2,745,165,107,104,22,57,0,9,8,2,142,"Sandy Alcantara",18684,645261
"Justin Verlander","SFG",4,11,3.848684210526316,29,29,12,0,0,0,0,0,152,662,155,74,65,16,52,1,6,2,0,137,"Justin Verlander",8700,434378
"Hunter Greene","CIN",7,4,2.7585139970457946,19,19,11,1,1,0,0,0,107.2,420,75,35,33,15,26,0,2,5,0,132,"Hunter Greene",22182,668881
"Quinn Priester","MIL",13,3,3.3177968380917786,29,24,9,0,0,0,0,0,157.1,653,145,62,58,18,50,0,6,4,0,132,"Quinn Priester",25977,682990
"Ryne Nelson","ARI",7,3,3.3896104315920055,33,23,11,0,0,1,0,1,154,619,124,62,58,17,41,0,4,1,0,132,"Ryne Nelson",26253,669194
"Spencer Strider","ATL",7,14,4.452127840250212,23,23,11,0,0,0,0,0,125.1,539,124,63,62,20,51,0,8,1,1,131,"Spencer Strider",27498,675911
"Bryce Elder","ATL",8,11,5.2963754388406725,28,28,14,0,0,0,0,0,156.1,679,167,95,92,24,51,1,6,2,0,131,"Bryce Elder",27779,693821
"Clay Holmes","NYM",12,8,3.5311871362881386,33,31,8,0,0,0,0,0,165.2,708,150,74,65,14,66,0,13,6,1,129,"Clay Holmes",13649,605280
"Colin Rea","CHC",11,7,3.953975045283022,32,27,7,0,0,1,0,0,159.1,662,155,73,70,20,44,0,6,2,0,127,"Colin Rea",12317,607067
"Chad Patrick","MIL",3,8,3.5348190166254287,27,23,5,0,0,0,1,0,119.2,503,113,49,47,13,40,1,4,1,0,127,"Chad Patrick",30113,694477
"Kyle Freeland","COL",5,17,4.979508508119959,31,31,14,0,0,0,0,0,162.2,709,193,105,90,22,38,2,6,2,0,124,"Kyle Freeland",16256,607536
"Jake Irvin","WSN",9,13,5.7,33,33,9,0,0,0,0,0,180,787,195,120,114,38,62,0,6,3,1,124,"Jake Irvin",21504,663623
"Grant Holmes","ATL",4,9,3.9913046126194573,22,21,9,0,0,0,0,0,115,492,100,52,51,16,54,1,7,5,0,123,"Grant Holmes",16944,656550
"Matthew Liberatore","STL",8,12,4.213187095772014,29,29,11,0,0,0,0,0,151.2,648,158,79,71,19,40,0,4,6,0,122,"Matthew Liberatore",22294,669461
"Merrill Kelly","ARI",9,6,3.2176168346991534,22,22,13,0,0,0,0,0,128.2,514,98,53,46,14,38,0,1,0,1,121,"Merrill Kelly",11156,518876
"Ben Brown","CHC",5,8,5.924765173682577,25,15,3,0,0,1,1,1,106.1,472,121,73,70,18,32,0,4,5,0,121,"Ben Brown",23590,676962
"Shota Imanaga","CHC",9,8,3.7327191564828306,25,25,12,0,0,0,0,0,144.2,567,117,62,60,31,26,0,1,1,0,117,"Shota Imanaga",33829,684007
"Nick Martinez","CIN",11,14,4.454728438605394,40,26,11,0,0,0,5,0,165.2,683,158,86,82,22,42,1,6,6,0,116,"Nick Martinez",12730,607259
"Andre Pallante","STL",6,15,5.311475741994623,31,31,9,0,0,0,0,0,162.2,715,173,109,96,21,62,0,5,12,2,111,"Andre Pallante",26108,669467
"Kodai Senga","NYM",7,6,3.017647194251888,22,22,6,0,0,0,0,0,113.1,482,94,44,38,12,55,0,3,5,0,109,"Kodai Senga",31838,673540
"Jeremiah Estrada","SDP",4,5,3.452055516084753,77,0,0,0,0,3,30,3,73,304,58,31,28,12,27,2,3,3,0,108,"Jeremiah Estrada",22210,669093
"Spencer Schwellenbach","ATL",7,4,3.0903615167999616,17,17,13,1,0,0,0,0,110.2,434,89,44,38,13,18,1,2,2,0,108,"Spencer Schwellenbach",31846,680885
"Brad Lord","WSN",5,10,4.339285798740111,48,19,5,0,0,0,7,0,130.2,546,126,65,63,17,43,0,3,1,0,108,"Brad Lord",31972,695418
"Tyler Glasnow","LAD",4,3,3.1881920614315504,18,18,7,0,0,0,0,0,90.1,366,56,33,32,10,43,0,3,5,2,106,"Tyler Glasnow",14374,607192
"Eury Pérez","MIA",7,6,4.248251974906227,20,20,4,0,0,0,0,0,95.1,385,68,47,45,12,32,0,3,9,2,105,"Eury Perez",27768,691587
"Mitchell Parker","WSN",9,16,5.68421074578485,33,30,11,0,0,1,0,0,164.2,725,178,116,104,25,58,0,4,3,0,103,"Mitchell Parker",27636,680730
"Landen Roupp","SFG",7,7,3.7968750905245563,22,22,8,0,0,0,0,0,106.2,476,113,55,45,11,45,1,3,7,1,102,"Landen Roupp",30076,694738
"Miles Mikolas","STL",8,11,4.835821052854527,31,31,8,0,0,0,0,0,156.1,669,169,87,84,29,37,1,3,1,0,100,"Miles Mikolas",9803,571945
"Jameson Taillon","CHC",11,7,3.678663527670698,23,23,14,0,0,0,0,0,129.2,519,110,54,53,24,27,0,0,1,0,98,"Jameson Taillon",11674,592791
"Edwin Díaz","NYM",6,3,1.6281408283590828,62,0,0,0,0,28,0,3,66.1,258,37,14,12,4,21,0,8,7,0,98,"Edwin Diaz",14710,621242
"Ronny Henriquez","MIA",7,1,2.2191785460544837,69,0,0,0,0,7,26,4,73,303,53,23,18,8,27,2,4,2,2,98,"Ronny Henriquez",24094,678692
"Aaron Nola","PHI",5,10,6.0106010307932625,17,17,6,0,0,0,0,0,94.1,404,99,65,63,18,28,0,4,1,0,97,"Aaron Nola",16149,605400
"Dustin May","LAD",6,7,4.846154112787656,19,18,8,0,0,0,0,0,104,451,97,60,56,16,43,3,8,1,0,97,"Dustin May",19716,669160
"Mike Burrows","PIT",2,4,3.937500117346648,23,19,2,0,0,0,0,0,96,402,88,43,42,13,31,1,5,2,0,97,"Mike Burrows",24728,681347
"Cade Horton","CHC",11,4,2.6694916980220795,23,22,5,0,0,0,0,0,118,476,95,40,35,10,33,0,6,1,0,97,"Cade Horton",31872,690990
"Michael Soroka","- - -",3,8,4.516728944794676,22,17,4,0,0,0,1,0,89.2,379,72,49,45,12,29,0,15,2,1,95,"Michael Soroka",18383,647336
"Abner Uribe","MIL",3,2,1.6725664846076955,75,0,0,0,0,7,37,2,75.1,298,51,18,14,4,27,2,6,5,1,90,"Abner Uribe",25327,682842
"Jose Quintana","MIL",11,7,3.964557268325788,24,24,8,0,0,0,0,0,131.2,556,120,65,58,18,50,0,5,1,1,89,"Jose Quintana",11423,500779
"Tylor Megill","NYM",5,5,3.9512198062967294,14,14,1,0,0,0,0,0,68.1,305,60,37,30,6,33,0,7,3,0,89,"Tylor Megill",21318,656731
"Carmen Mlodzinski","PIT",5,8,3.545454818683572,34,12,0,0,0,0,3,1,99,419,102,42,39,8,27,0,4,5,0,89,"Carmen Mlodzinski",27572,669387
"Emmet Sheehan","LAD",6,3,2.822727431797793,15,12,3,0,0,0,0,0,73.1,291,49,29,23,7,22,0,2,2,0,89,"Emmet Sheehan",29839,686218
"Jacob Misiorowski","MIL",5,3,4.363636552794914,15,14,3,0,0,0,0,0,66,273,51,34,32,8,31,0,3,1,0,87,"Jacob Misiorowski",31623,694819
"Taijuan Walker","PHI",5,8,4.075471844780107,34,21,4,0,0,1,2,2,123.2,538,132,62,56,21,42,0,4,1,0,86,"Taijuan Walker",11836,592836
"Andrew Heaney","- - -",5,10,5.517711229014708,27,23,7,0,0,0,0,0,122.1,536,129,77,75,25,40,0,9,2,0,86,"Andrew Heaney",15423,571760
"Joey Wentz","- - -",5,7,4.700000498029974,33,13,3,0,0,0,0,1,90,393,93,52,47,8,34,3,1,3,0,86,"Joey Wentz",19962,666214
"Cal Quantrill","- - -",4,12,6.042493097417211,26,26,1,0,0,0,0,0,117.2,513,136,81,79,22,35,0,5,3,0,85,"Cal Quantrill",19312,615698
"Clayton Kershaw","LAD",11,2,3.355029661529127,23,22,6,0,0,0,0,0,112.2,463,102,46,42,8,35,0,2,5,1,84,"Clayton Kershaw",2036,477132
"Germán Márquez","COL",3,16,6.696570190452643,26,26,6,0,0,0,0,0,126.1,591,168,106,94,23,48,1,6,6,0,83,"German Marquez",15038,608566
"Brandon Woodruff","MIL",7,2,3.2010310537212825,12,12,6,0,0,0,0,0,64.2,257,45,26,23,9,14,0,3,1,0,83,"Brandon Woodruff",16162,605540
"Erick Fedde","- - -",4,13,5.489361887768207,32,24,6,1,1,0,1,0,141,623,147,90,86,19,67,1,3,2,0,83,"Erick Fedde",17425,607200
"Chase Dollander","COL",2,12,6.520408670885411,21,21,4,0,0,0,0,0,98,441,103,76,71,18,49,0,6,2,0,82,"Chase Dollander",33482,801403
"Emilio Pagán","CIN",2,4,2.8834952524238977,70,0,0,0,0,32,2,6,68.2,270,41,26,22,10,22,0,2,1,1,81,"Emilio Pagan",14771,641941
"Jimmy Herget","COL",1,2,2.484000379028378,59,0,0,0,0,0,9,1,83.1,347,72,24,23,6,26,1,7,2,2,81,"Jimmy Herget",17556,623474
"Kyle Leahy","STL",4,2,3.0681823501903103,62,1,0,0,0,1,18,4,88,363,80,32,30,5,28,1,1,5,0,80,"Kyle Leahy",24763,681517
"Alex Vesia","LAD",4,2,3.016760483733562,68,0,0,0,0,5,25,4,59.2,237,37,21,20,9,22,3,5,3,0,80,"Alex Vesia",25007,681911
"Randy Vásquez","SDP",6,7,3.8379052551626516,28,26,9,0,0,0,0,0,133.2,570,125,59,57,16,52,1,7,3,1,78,"Randy Vasquez",24719,681190
"Janson Junk","MIA",6,4,4.172727489786711,21,16,6,0,0,1,0,0,110,447,112,54,51,8,13,0,4,2,0,77,"Janson Junk",23301,676083
"Michael King","SDP",5,3,3.436363874703416,15,15,2,1,1,0,0,0,73.1,308,62,31,28,12,26,0,4,2,0,76,"Michael King",19853,650633
"Dylan Lee","ATL",2,4,3.292683539541019,74,0,0,0,0,2,19,7,68.1,266,53,27,25,13,14,1,0,3,3,76,"Dylan Lee",19996,669276
"Aaron Ashby","MIL",5,2,2.160000329589894,43,1,0,0,0,3,5,0,66.2,270,54,16,16,3,24,0,4,6,0,76,"Aaron Ashby",23550,676879
"Justin Wrobleski","LAD",5,5,4.320000164794928,24,2,0,0,0,2,6,0,66.2,280,65,34,32,6,17,1,3,1,0,76,"Justin Wrobleski",31204,680736
"Scott Barlow","CIN",6,3,4.214634930612505,75,1,0,0,0,1,16,1,68.1,303,50,35,32,8,45,3,6,2,0,75,"Scott Barlow",14993,605130
"Brad Keller","CHC",4,2,2.06698594774835,68,1,0,0,0,3,25,3,69.2,276,45,18,16,4,22,0,6,1,0,75,"Brad Keller",15734,641745
"Sean Manaea","NYM",2,4,5.637363139535953,15,12,0,0,0,0,0,0,60.2,263,62,38,38,13,12,0,7,2,0,75,"Sean Manaea",15873,640455
"Lake Bachar","MIA",8,2,3.9295778870464795,53,1,0,0,0,3,5,1,71,296,55,34,31,10,30,3,3,5,0,75,"Lake Bachar",19222,669199
"Tony Santillan","CIN",1,5,2.4434392514382273,80,0,0,0,0,7,33,4,73.2,301,53,23,20,7,29,0,5,4,0,75,"Tony Santillan",19926,663574
"Robert Suarez","SDP",4,6,2.9712919744935826,70,0,0,0,0,40,0,5,69.2,269,47,24,23,6,16,2,2,1,0,75,"Robert Suarez",30115,663158
"Grant Anderson","MIL",2,6,3.2296655433567967,66,0,0,0,0,0,6,2,69.2,299,59,35,25,8,29,3,2,0,0,74,"Grant Anderson",20546,681982
"Jack Dreyer","LAD",3,2,2.9475988547660124,67,5,0,0,0,4,10,1,76.1,307,56,26,25,4,24,5,0,1,0,74,"Jack Dreyer",30249,676263
"Antonio Senzatela","COL",4,15,6.646154333712822,30,23,2,0,0,0,0,0,130,618,192,103,96,22,47,2,8,9,1,73,"Antonio Senzatela",15488,622608
"Raisel Iglesias","ATL",4,6,3.2079210344009423,70,0,0,0,0,29,2,5,67.1,266,51,25,24,8,16,2,2,0,0,73,"Raisel Iglesias",17130,628452
"Tyler Kinley","- - -",6,3,3.9633032030835427,73,0,0,0,0,3,13,3,72.2,308,53,35,32,6,33,4,3,6,1,73,"Tyler Kinley",18297,641755
"Blake Snell","LAD",5,4,2.3478261356317716,11,11,5,0,0,0,0,0,61.1,254,51,21,16,3,26,1,0,7,0,72,"Blake Snell",13543,605483
"Braxton Ashcraft","PIT",4,4,2.7129187593202273,26,8,0,0,0,0,4,1,69.2,292,63,22,21,3,24,1,2,1,0,71,"Braxton Ashcraft",23793,677952
"Jose A. Ferrer","WSN",4,4,4.480350091317871,72,0,0,0,0,11,21,4,76.1,324,81,41,38,5,16,1,7,6,0,71,"Jose A. Ferrer",24017,678606
"Ben Casparius","LAD",7,5,4.635193626317996,46,3,0,0,0,2,13,0,77.2,333,78,41,40,8,21,0,3,1,0,71,"Ben Casparius",30085,676508
"Jason Adam","SDP",8,4,1.9285715787125863,65,0,0,0,0,0,29,2,65.1,270,50,18,14,4,25,3,3,3,0,70,"Jason Adam",11861,592094
"Matt Strahm","PHI",2,3,2.7433157318699255,66,0,0,0,0,6,22,4,62.1,256,47,22,19,5,20,1,2,3,0,70,"Matt Strahm",13799,621381
"Griffin Canning","NYM",7,3,3.7729260155907522,16,16,3,0,0,0,0,0,76.1,328,70,35,32,8,35,0,0,3,0,70,"Griffin Canning",19867,656288
"Adrian Morejon","SDP",13,6,2.0769235788221074,75,0,0,0,0,3,20,4,73.2,286,49,23,17,2,17,3,0,2,0,70,"Adrian Morejon",20039,670970
"Bailey Falter","PIT",7,5,3.732353108679967,22,22,7,0,0,0,0,0,113.1,457,95,53,47,17,39,0,1,4,0,70,"Bailey Falter",20070,663559
"Yu Darvish","SDP",5,5,5.375,15,15,3,0,0,0,0,0,72,296,66,44,43,14,19,0,6,4,0,68,"Yu Darvish",13074,506433
"Juan Mejia","COL",2,2,3.9619568502970863,55,0,0,0,0,1,12,3,61.1,261,52,34,27,6,25,1,6,2,0,68,"Juan Mejia",23237,675848
"Max Meyer","MIA",3,5,4.731958948979287,12,12,5,0,0,0,0,0,64.2,285,72,39,34,12,20,0,2,0,1,68,"Max Meyer",27474,676974
"Jared Koenig","MIL",6,1,2.8636366946638505,72,0,0,0,0,2,27,2,66,268,57,21,21,6,20,1,4,1,0,68,"Jared Koenig",27517,657649
"Matt Svanson","STL",4,0,1.9392268054306208,39,0,0,0,0,0,5,0,60.1,234,33,14,13,3,20,0,4,1,0,68,"Matt Svanson",29629,694335
"Hayden Birdsong","SFG",4,4,4.796954500496743,21,10,1,0,0,0,3,0,65.2,298,61,42,35,10,37,0,5,6,0,68,"Hayden Birdsong",31635,806185
"Randy Rodríguez","SFG",3,5,1.7763160123719683,50,0,0,0,0,4,13,3,50.2,198,34,12,10,4,11,0,4,2,0,67,"Randy Rodriguez",23974,678495
"Chase Burns","CIN",0,3,4.569231003868522,13,8,2,0,0,0,1,0,43.1,188,41,25,22,5,16,0,0,0,0,67,"Chase Burns",35333,695505
"Trevor Williams","WSN",3,10,6.205645352198858,17,17,1,0,0,0,0,0,82.2,373,106,59,57,11,21,0,2,1,0,65,"Trevor Williams",16977,592866
"Jackson Rutledge","WSN",4,2,5.768182818357783,63,0,0,0,0,0,3,0,73.1,330,87,49,47,16,24,0,7,6,0,65,"Jackson Rutledge",26215,671131
"Orion Kerkering","PHI",8,4,3.3000004196167527,69,0,0,0,0,4,19,7,60,266,55,28,22,6,27,3,4,5,0,65,"Orion Kerkering",31776,689147
"Reed Garrett","NYM",3,6,3.903615354886194,58,1,0,0,0,3,20,7,55.1,238,47,27,24,5,26,2,1,3,0,64,"Reed Garrett",16866,657585
"Graham Ashcraft","CIN",8,5,3.994898736700474,62,0,0,0,0,0,23,6,65.1,284,68,37,29,2,25,0,0,5,0,64,"Graham Ashcraft",27552,668933
"Wandy Peralta","SDP",6,1,3.1395357889123354,71,1,0,0,0,0,4,1,71.2,313,66,29,25,5,30,3,2,1,1,63,"Wandy Peralta",14295,593974
"Ryan Helsley","- - -",3,4,4.500000306538194,58,0,0,0,0,21,1,9,56,252,61,32,28,8,25,3,1,7,0,63,"Ryan Helsley",18138,664854
"Corbin Burnes","ARI",3,2,2.6580312982297354,11,11,7,0,0,0,0,0,64.1,265,49,23,19,7,26,1,3,1,2,63,"Corbin Burnes",19361,669203
"Shohei Ohtani","LAD",1,1,2.872340425531915,14,14,1,0,0,0,0,0,47,188,40,15,15,3,9,0,0,10,0,62,"Shohei Ohtani",19755,660271
"Jake Bird","COL",4,1,4.725000450611158,45,0,0,0,0,0,10,6,53.1,236,56,30,28,5,23,3,3,4,0,62,"Jake Bird",21267,656234
"Tanner Gordon","COL",6,8,6.331858834586276,15,15,7,0,0,0,0,0,75.1,337,96,60,53,16,17,0,3,1,1,62,"Tanner Gordon",27669,685299
"Anthony Banda","LAD",5,1,3.184616273839341,71,1,0,0,0,0,11,1,65,268,45,23,23,8,34,6,2,7,0,61,"Anthony Banda",14706,607455
"Tanner Banks","PHI",6,2,3.07425765796757,69,1,0,0,0,1,10,3,67.1,267,56,24,23,9,12,1,1,2,0,61,"Tanner Banks",16990,621383
"Daniel Palencia","CHC",1,6,2.9050636418334914,54,0,0,0,0,22,6,3,52.2,215,44,19,17,5,16,1,2,2,0,61,"Daniel Palencia",27914,694037
"Spencer Bivens","SFG",4,3,4.000000376760259,54,0,0,0,0,3,4,0,81,343,83,42,36,6,25,1,5,3,0,61,"Spencer Bivens",30226,702352
"Yuki Matsui","SDP",3,1,3.978948167288563,61,0,0,0,0,1,3,0,63.1,272,53,29,28,10,33,2,1,5,0,61,"Yuki Matsui",33826,673513
"Tanner Scott","LAD",1,4,4.736842739284949,61,0,0,0,0,23,8,10,57,238,54,33,30,11,18,2,4,2,0,60,"Tanner Scott",17586,656945
"Trevor Megill","MIL",6,3,2.4893619041736605,50,0,0,0,0,30,0,6,47,192,36,16,13,3,17,3,0,2,0,60,"Trevor Megill",17722,656730
"Dennis Santana","PIT",4,5,2.1753556075511487,70,0,0,0,0,16,12,3,70.1,270,44,18,17,5,17,0,3,0,0,60,"Dennis Santana",17878,642701
"Ryan Walker","SFG",5,7,4.108696248445796,68,0,0,0,0,17,9,6,61.1,266,60,32,28,4,18,2,8,1,2,60,"Ryan Walker",20423,676254
"Pierce Johnson","ATL",3,3,3.0508482466483025,65,0,0,0,0,1,16,3,59,238,52,21,20,8,19,2,1,2,0,59,"Pierce Johnson",13435,572955
"Calvin Faucher","MIA",4,4,3.281768232463034,65,0,0,0,0,15,7,5,60.1,255,53,27,22,8,24,0,3,2,0,59,"Calvin Faucher",20116,676534
"Ryne Stanek","NYM",4,6,5.303572873680353,65,0,0,0,0,3,11,5,56,255,56,39,33,7,32,0,0,5,0,58,"Ryne Stanek",15947,592773
"José Buttó","- - -",5,3,3.8955232752383275,55,0,0,0,0,1,6,4,67,284,62,31,29,4,32,2,2,3,1,58,"Jose Butto",23313,676130
"Michael McGreevy","STL",8,4,4.421602816841596,17,16,7,0,0,0,0,0,95.2,400,100,50,47,12,20,0,3,0,1,58,"Michael McGreevy",29869,700241
"Huascar Brazobán","NYM",5,2,3.5714292201867277,52,3,0,0,0,2,12,4,63,262,51,29,25,6,27,1,4,2,0,57,"Huascar Brazoban",6107,623211
"Drew Pomeranz","CHC",2,2,2.1744970479134067,57,4,0,0,0,1,14,2,49.2,203,38,14,12,5,15,1,5,1,0,57,"Drew Pomeranz",11426,519141
"Nolan McLean","NYM",5,1,2.0625,8,8,4,0,0,0,0,0,48,188,34,13,11,4,16,0,2,2,0,57,"Nolan McLean",33703,690997
"Caleb Thielbar","CHC",3,4,2.6379317284766173,67,0,0,0,0,1,25,3,58,220,38,17,17,5,13,1,0,0,0,56,"Caleb Thielbar",10078,573204
"Stephen Kolek","SDP",4,5,4.179916451423564,14,14,4,1,1,0,0,0,79.2,336,78,40,37,8,26,1,7,0,0,56,"Stephen Kolek",21487,663568
"JoJo Romero","STL",4,6,2.065574287182989,65,0,0,0,0,8,24,1,61,255,47,21,14,2,29,5,2,2,0,55,"JoJo Romero",19574,668941
"Hurston Waldrep","ATL",6,1,2.8757398072496567,10,9,4,0,0,0,0,0,56.1,229,45,18,18,3,22,1,3,0,0,55,"Hurston Waldrep",33527,694462
"Shelby Miller","- - -",4,3,2.7391306051459896,48,0,0,0,0,10,9,5,46,186,33,17,14,5,15,4,4,1,0,54,"Shelby Miller",10197,571946
"Valente Bellozo","MIA",1,4,4.647541165255764,32,6,0,0,0,0,1,0,81.1,348,85,44,42,15,23,0,4,0,1,54,"Valente Bellozo",23899,678368
"Taylor Rogers","- - -",3,2,3.3750005505587826,57,0,0,0,0,0,10,1,50.2,221,47,25,19,7,23,2,3,0,0,53,"Taylor Rogers",13449,573124
"Brent Suter","CIN",1,2,4.5221679125788565,48,3,0,0,0,0,0,1,67.2,291,69,38,34,11,18,1,2,2,0,53,"Brent Suter",13942,608718
"Kirby Yates","LAD",4,3,5.225807094673291,50,0,0,0,0,3,15,2,41.1,178,38,26,24,9,17,0,1,1,0,52,"Kirby Yates",9073,489446
"Tyler Phillips","MIA",2,1,2.7811161757907974,54,1,0,0,0,4,8,0,77.2,313,65,26,24,8,24,0,2,6,0,52,"Tyler Phillips",20629,663969
"Cole Henry","WSN",1,2,4.272153033333389,57,0,0,0,0,2,9,0,52.2,241,43,27,25,7,32,1,11,2,1,52,"Cole Henry",27570,669371
"Aaron Bummer","ATL",3,2,3.809817043146678,42,2,0,0,0,0,2,0,54.1,235,51,27,23,3,17,4,11,1,0,51,"Aaron Bummer",16258,607481
"David Bednar","PIT",2,5,2.3684212903897426,42,0,0,0,0,17,3,0,38,154,32,12,10,2,10,2,1,3,0,51,"David Bednar",19569,670280
"Camilo Doval","SFG",4,2,3.0857144538723786,47,0,0,0,0,15,7,4,46.2,191,32,20,16,2,24,1,2,3,2,50,"Camilo Doval",21992,666808
"David Morgan","SDP",1,2,2.6619722779321466,41,2,0,0,0,0,1,0,47.1,193,35,14,14,4,23,1,2,2,0,50,"David Morgan",31616,688158
"Victor Vodnik","COL",4,3,3.019737221032346,52,0,0,0,0,10,7,5,50.2,215,45,19,17,4,26,2,0,4,0,49,"Victor Vodnik",24614,680767
"Tyler Rogers","- - -",4,6,1.9784484059858918,81,0,0,0,0,0,32,2,77.1,299,66,20,17,4,7,0,1,0,0,48,"Tyler Rogers",15541,643511
"Phil Maton","STL",1,3,2.3478263984781544,40,0,0,0,0,2,20,2,38.1,158,28,12,10,1,15,1,5,1,0,48,"Phil Maton",18064,664208
"Steven Matz","STL",5,2,3.4363643513830744,32,2,0,0,0,1,7,3,55,227,56,25,21,4,9,0,1,2,0,47,"Steven Matz",13361,571927
"Jordan Romano","PHI",2,4,8.226563725853522,49,0,0,0,0,8,7,3,42.2,187,45,40,39,10,17,1,3,0,1,47,"Jordan Romano",16122,605447
"Jalen Beeks","ARI",5,3,3.7674426960263574,61,2,0,0,0,1,14,2,57.1,231,42,26,24,6,20,2,2,1,0,47,"Jalen Beeks",17192,656222
"Nick Mears","MIL",5,3,3.494118509523809,63,0,0,0,0,1,16,6,56.2,221,42,25,22,7,13,1,1,2,0,46,"Nick Mears",25376,683232
"Yohan Ramírez","PIT",3,3,5.400000823974735,24,0,0,0,0,0,1,0,33.1,155,33,25,20,4,16,1,4,4,0,45,"Yohan Ramirez",19444,670990
"Riley O'Brien","STL",3,1,2.0625003278255982,42,0,0,0,0,6,6,3,48,199,33,13,11,2,22,2,7,3,0,45,"Riley O'Brien",20348,676617
"Isaac Mattson","PIT",3,3,2.4545457819352827,44,0,0,0,0,0,12,3,47.2,198,35,14,13,4,19,2,2,0,0,45,"Isaac Mattson",20385,676755
"Mason Miller","SDP",0,0,0.771428676527388,22,0,0,0,0,2,10,1,23.1,83,7,2,2,1,10,0,0,0,0,45,"Mason Miller",31757,695243
"Jordan Hicks","SFG",1,5,6.472602951121753,13,9,2,0,0,0,1,0,48.2,217,55,36,35,3,20,0,4,4,0,43,"Jordan Hicks",19618,663855
"Angel Chivilli","COL",1,5,7.0568198642951465,43,0,0,0,0,0,1,0,58.2,275,76,49,46,13,23,1,6,4,0,43,"Angel Chivilli",26790,683409
"Cade Gibson","MIA",4,5,2.6341468316328154,44,1,0,0,0,0,4,2,54.2,230,44,18,16,3,21,3,6,6,0,43,"Cade Gibson",31815,806188
"Anthony Bender","MIA",3,5,2.160000329589894,51,0,0,0,0,4,19,3,50,204,32,13,12,3,21,2,2,1,0,42,"Anthony Bender",19742,669622
"Johan Oviedo","PIT",2,1,3.57024804644145,9,9,0,0,0,0,0,0,40.1,170,26,17,16,6,23,0,3,1,1,42,"Johan Oviedo",22487,670912
"Landon Knack","LAD",3,2,4.8897641467120065,10,7,2,0,0,1,0,0,42.1,185,40,25,23,10,19,0,2,1,0,42,"Landon Knack",27487,689017
"AJ Smith-Shawver","ATL",3,2,3.8571429677731786,9,9,2,0,0,0,0,0,44.1,192,42,20,19,4,21,0,1,3,0,42,"AJ Smith-Shawver",29960,700363
"Zack Littell","CIN",2,0,4.387500104606154,10,10,4,0,0,0,0,0,53.1,222,46,28,26,10,11,0,2,1,0,41,"Zack Littell",15823,641793
"Tristan Beck","SFG",1,0,4.605882559647619,31,1,0,0,0,2,3,0,56.2,232,47,29,29,7,16,0,2,3,0,41,"Tristan Beck",21584,663941
"Porter Hodge","CHC",2,2,6.272727997835101,36,0,0,0,0,2,8,3,33,147,34,24,23,9,18,1,0,5,1,40,"Porter Hodge",26413,687863
"Cade Cavalli","WSN",3,1,4.253424879801757,10,10,2,0,0,0,0,0,48.2,219,57,28,23,7,15,0,4,3,0,40,"Cade Cavalli",27473,676917
"Gordon Graceffo","STL",3,1,6.279070324482614,26,0,0,0,0,1,0,2,43,193,50,33,30,2,13,0,2,2,0,40,"Gordon Graceffo",29519,700669
"Joe Ross","PHI",2,1,5.117647824403026,37,1,0,0,0,0,0,2,51,228,57,30,29,8,18,1,3,0,0,39,"Joe Ross",12972,605452
"Kai-Wei Teng","SFG",2,4,6.370787062980314,8,7,0,0,0,0,0,0,29.2,139,29,24,21,2,17,0,7,0,0,39,"Kai-Wei Teng",24282,678906
"Enyel De Los Santos","ATL",3,3,4.534352201354562,43,0,0,0,0,0,2,1,43.2,189,39,25,22,2,18,2,2,2,1,38,"Enyel De Los Santos",18403,660853
"Tony Gonsolin","LAD",3,2,5,7,7,1,0,0,0,0,0,36,157,33,21,20,9,18,0,3,1,0,38,"Tony Gonsolin",19388,664062
"Tobias Myers","MIL",1,2,3.552631891004954,22,6,0,0,0,0,1,0,50.2,220,54,21,20,5,15,0,2,0,1,38,"Tobias Myers",22191,668964
"Lou Trivino","- - -",3,2,3.9650357318827236,47,2,0,0,0,0,5,1,47.2,207,46,23,21,6,18,1,6,2,1,37,"Lou Trivino",15043,642152
"Kyle Hart","SDP",3,3,5.8604658961361595,20,6,1,0,0,0,2,0,43,179,38,28,28,9,13,0,2,0,1,37,"Kyle Hart",19646,606996
"Ryan Weathers","MIA",2,2,3.9913044802227677,8,8,0,0,0,0,0,0,38.1,166,37,20,17,7,12,0,1,1,0,37,"Ryan Weathers",23796,677960
"Blake Treinen","LAD",2,7,5.40000090122238,32,0,0,0,0,2,10,3,26.2,129,30,18,16,4,19,4,2,1,0,36,"Blake Treinen",12572,595014
"Anthony DeSclafani","ARI",1,2,5.120689739370177,13,4,0,0,0,2,1,0,38.2,169,37,23,22,11,12,2,5,0,0,36,"Anthony DeSclafani",13050,543101
"Ryan Thompson","ARI",3,2,3.919356044448128,48,0,0,0,0,1,17,3,41.1,175,42,21,18,4,13,2,2,0,1,36,"Ryan Thompson",16647,657044
"George Soriano","MIA",2,0,8.345455124279724,24,0,0,0,0,1,0,0,36.2,173,46,36,34,10,19,1,2,3,1,36,"George Soriano",21863,666277
"Juan Morillo","ARI",0,3,4.19417584462697,42,0,0,0,0,1,5,1,34.1,152,38,19,16,2,20,0,1,3,0,36,"Juan Morillo",21924,666661
"Josh Simpson","MIA",4,2,7.336958042840966,31,0,0,0,0,0,2,2,30.2,151,34,28,25,5,22,2,3,3,0,36,"Josh Simpson",25957,681006
"Seth Halvorsen","COL",1,2,4.991597438715677,42,0,0,0,0,11,4,3,39.2,173,41,26,22,7,21,1,0,3,0,36,"Seth Halvorsen",33294,678020
"Rafael Montero","ATL",0,1,5.50485518444101,36,0,0,0,0,0,7,0,34.1,150,27,22,21,3,21,2,0,0,0,34,"Rafael Montero",12760,606160
"Austin Gomber","COL",0,7,7.491329810140524,12,12,0,0,0,0,0,0,57.2,272,82,51,48,16,17,0,1,4,0,34,"Austin Gomber",16561,596295
"Caleb Ferguson","PIT",2,2,3.7384626354694763,45,0,0,0,0,0,10,4,43.1,176,33,18,18,1,14,2,5,0,0,34,"Caleb Ferguson",19349,657571
"Konnor Pilkington","WSN",2,0,4.447059621844056,32,0,0,0,0,0,5,0,28.1,123,22,16,14,7,17,0,2,2,0,34,"Konnor Pilkington",21453,663455
"Ryan Fernandez","STL",0,4,7.71428700780965,32,0,0,0,0,1,4,1,30.1,140,36,30,26,6,16,2,1,0,0,34,"Ryan Fernandez",24862,681676
"Kyle Nicolas","PIT",1,2,4.736843056295908,31,0,0,0,0,0,3,1,38,167,34,21,20,3,18,0,2,1,0,34,"Kyle Nicolas",27775,693312
"Ryan Bergert","SDP",1,0,2.7757011324945706,11,7,0,0,0,0,0,0,35.2,149,24,11,11,4,18,0,1,1,0,34,"Ryan Bergert",29863,686701
"Aaron Civale","- - -",2,2,3.857142857142857,10,5,0,0,0,1,0,0,35,144,30,15,15,8,7,1,5,0,0,33,"Aaron Civale",19479,650644
"Daysbel Hernández","ATL",4,3,3.4054061075996414,39,0,0,0,0,0,10,2,37,164,27,16,14,3,30,1,2,2,0,33,"Daysbel Hernandez",20271,678226
"Logan Henderson","MIL",3,0,1.7763158786329911,5,5,1,0,0,0,0,0,25.1,99,17,5,5,3,8,0,0,0,0,33,"Logan Henderson",31475,701656
"Andrew Kittredge","CHC",2,1,3.3230773131241214,23,0,0,0,0,5,8,1,21.2,82,15,9,8,3,3,0,0,0,0,32,"Andrew Kittredge",12828,552640
"Frankie Montas","NYM",3,2,6.284483171955186,9,7,0,0,0,0,0,0,38.2,178,48,29,27,8,14,0,1,1,0,32,"Frankie Montas",14309,593423
"Kyle Finnegan","WSN",1,4,4.384615813486716,40,0,0,0,0,20,0,6,39,163,36,21,19,3,14,2,1,5,0,32,"Kyle Finnegan",15009,640448
"José Alvarado","PHI",4,2,3.8076928663536758,28,0,0,0,0,7,5,1,26,114,27,12,11,4,7,0,1,3,0,32,"Jose Alvarado",17780,621237
"Clayton Beeter","WSN",0,2,2.492308204244685,24,0,0,0,0,1,9,2,21.2,84,8,6,6,1,14,0,0,1,0,32,"Clayton Beeter",27494,690925
"Connor Phillips","CIN",5,0,2.880000439453192,21,0,0,0,0,0,1,0,25,98,11,9,8,3,12,0,2,2,0,32,"Connor Phillips",27649,683175
"Luis García","- - -",2,0,4.09821494874004,38,0,0,0,0,0,5,1,37.1,159,39,18,17,2,18,4,0,7,0,31,"Luis Garcia",6984,472610
"Joey Lucchesi","SFG",0,1,3.756522237565047,38,0,0,0,0,0,6,0,38.1,165,35,17,16,4,12,1,2,2,1,31,"Joey Lucchesi",19320,664192
"Chase Shugart","PIT",4,3,3.40000057644324,35,0,0,0,0,0,5,2,45,181,33,18,17,6,17,2,1,3,0,31,"Chase Shugart",21544,663767
"Bubba Chandler","PIT",4,1,4.0212767589356755,7,4,1,0,0,1,0,0,31.1,124,25,14,14,2,4,0,3,1,0,31,"Bubba Chandler",29868,696149
"Jaden Hill","COL",1,1,3.375000585209341,28,0,0,0,0,0,3,0,29.1,129,27,14,11,2,12,0,3,3,0,31,"Jaden Hill",30250,677955
"Tyler Alexander","MIL",3,5,6.192661742451505,21,4,0,0,0,1,1,1,36.1,164,42,31,25,3,12,0,1,0,1,30,"Tyler Alexander",17735,641302
"Lyon Richardson","CIN",0,3,4.539823315363745,34,0,0,0,0,0,3,1,37.2,172,37,25,19,2,21,4,2,0,0,30,"Lyon Richardson",24581,680689
"Dylan Dodd","ATL",1,0,3.6000007847378943,28,0,0,0,0,0,2,1,35,136,28,14,14,5,5,0,1,1,0,30,"Dylan Dodd",29928,689266
"Shinnosuke Ogasawara","WSN",1,1,6.982759768841146,23,2,0,0,0,0,1,0,38.2,173,43,30,30,9,17,0,3,1,0,30,"Shinnosuke Ogasawara",35324,829272
"Nestor Cortes","- - -",2,4,6.291262368924867,8,8,2,0,0,0,0,0,34.1,157,36,24,24,13,20,0,2,0,0,29,"Nestor Cortes",17874,641482
"Kevin Ginkel","ARI",1,4,7.363637093247956,29,0,0,0,0,3,6,1,25.2,121,29,22,21,2,13,0,2,1,0,29,"Kevin Ginkel",19876,656464
"Ryan Pressly","CHC",2,3,4.354838843648321,44,0,0,0,0,5,7,2,41.1,182,46,24,20,6,17,0,2,0,0,28,"Ryan Pressly",7005,519151
"John King","STL",2,1,4.655173638488148,51,0,0,0,0,0,3,1,48.1,222,65,30,25,8,14,0,0,3,0,28,"John King",22051,667463
"Roki Sasaki","LAD",1,1,4.458715752372943,10,8,1,0,0,0,2,0,36.1,161,30,18,18,6,22,0,3,2,0,28,"Roki Sasaki",35323,808963
"Ryan Borucki","PIT",1,3,5.282610119403581,35,0,0,0,0,0,6,3,30.2,126,26,20,18,4,12,1,1,2,1,27,"Ryan Borucki",16350,621366
"Jhoan Duran","PHI",1,2,2.1774194218241605,23,0,0,0,0,16,0,3,20.2,81,18,6,5,2,1,0,0,1,0,27,"Jhoan Duran",21029,661395
"DL Hall","MIL",1,0,3.49137971219783,20,3,0,0,0,0,1,0,38.2,155,24,15,15,2,17,0,0,0,0,27,"DL Hall",22207,669084
"PJ Poulin","WSN",2,1,3.648649589087406,28,0,0,0,0,1,5,2,24.2,110,23,10,10,2,13,0,2,0,0,27,"PJ Poulin",23394,676571
"Bradley Blalock","COL",2,6,9.357954951110967,14,12,1,0,0,0,0,0,58.2,275,85,61,61,17,23,1,3,2,0,27,"Bradley Blalock",26419,687134
"Carson Palmquist","COL",0,4,8.912622184440666,9,7,0,0,0,0,0,0,34.1,175,45,35,34,10,25,0,3,1,0,27,"Carson Palmquist",31612,687223
"Gregory Soto","NYM",1,3,4.500001430511929,25,0,0,0,0,0,4,0,24,119,33,16,12,2,6,0,6,3,0,26,"Gregory Soto",19677,642397
"Max Lazar","PHI",1,1,4.790323170117184,36,0,0,0,0,1,1,0,41.1,170,41,23,22,7,12,0,0,3,0,26,"Max Lazar",23426,676661
"Carson Seymour","SFG",1,3,4.750000125832031,16,3,0,0,0,0,1,0,36,156,37,21,19,9,13,0,1,0,0,26,"Carson Seymour",30084,693313
"Brooks Raley","NYM",3,1,2.454545880152248,30,0,0,0,0,0,10,0,25.2,99,14,7,7,0,6,0,2,0,0,25,"Brooks Raley",10061,548384
"Nabil Crismatt","ARI",3,0,3.7058823529411766,8,5,1,0,0,0,0,0,34,153,40,20,14,6,9,0,1,1,0,25,"Nabil Crismatt",17732,622503
"Ryan Feltner","COL",0,2,4.747252946256404,6,6,2,0,0,0,0,0,30.1,135,33,17,16,4,12,0,0,0,0,25,"Ryan Feltner",21446,663372
"Max Kranick","NYM",3,2,3.648649400999616,24,0,0,0,0,0,5,1,37,148,34,15,15,5,5,0,0,0,0,25,"Max Kranick",22175,668820
"Ryan Rolison","COL",1,0,7.015748874423876,31,1,0,0,0,0,0,0,42.1,193,55,35,33,11,20,0,0,1,1,25,"Ryan Rolison",22200,669020
"Sean Reynolds","SDP",0,1,5.333334840374654,19,1,0,0,0,0,2,0,27,117,20,16,16,4,17,0,3,1,0,25,"Sean Reynolds",22253,669308
"Orlando Ribalta","WSN",0,0,7.027398729172533,22,0,0,0,0,0,0,0,24.1,120,28,19,19,6,17,0,1,0,1,25,"Orlando Ribalta",26247,687377
"Anthony Veneziano","- - -",0,0,4.680001428223092,26,1,0,0,0,0,4,1,25,117,28,13,13,4,11,0,2,1,0,25,"Anthony Veneziano",27453,685107
"Kyle Harrison","SFG",1,1,4.563380588167526,8,4,0,0,0,0,1,0,23.2,100,21,12,12,4,9,1,0,0,0,25,"Kyle Harrison",27758,690986
"Joel Payamps","- - -",0,1,6.835444358235489,30,0,0,0,0,1,4,0,26.1,117,31,20,20,4,9,1,2,0,0,24,"Joel Payamps",14332,606303
"John Curtiss","ARI",3,2,3.9272734082435967,30,0,0,0,0,1,3,0,36.2,141,29,18,16,5,5,0,0,0,0,24,"John Curtiss",16128,595928
"Matt Gage","SFG",0,1,3.9078958156699626,27,2,0,0,0,0,2,0,25.1,112,28,11,11,0,10,1,2,3,0,24,"Matt Gage",17381,657424
"Matt Sauer","LAD",2,1,6.370787062980314,10,1,0,0,0,1,0,0,29.2,129,35,23,21,6,8,0,2,1,0,24,"Matt Sauer",22284,669422
"Anthony Molina","COL",1,1,7.269231302498399,17,1,0,0,0,0,0,0,34.2,160,52,30,28,12,6,0,2,1,1,24,"Anthony Molina",26952,683627
"Zach Brzykcy","WSN",0,1,9.000001492707874,26,0,0,0,0,0,0,1,23,110,28,23,23,6,12,0,2,2,0,24,"Zach Brzykcy",27783,694350
"Justin Lawrence","PIT",1,0,0.5094340355976084,17,0,0,0,0,0,6,1,17.2,69,9,1,1,0,8,2,2,2,0,23,"Justin Lawrence",17639,664875
"Jake Woodford","ARI",0,4,6.440367874057017,22,0,0,0,0,3,2,4,36.1,170,45,28,26,3,13,1,3,1,0,23,"Jake Woodford",18674,663765
"Justin Hagenman","NYM",0,1,4.563380588167526,9,1,0,0,0,1,0,0,23.2,99,24,13,12,4,2,0,1,0,0,23,"Justin Hagenman",21546,663795
"Javier Assad","CHC",4,1,3.648648930780225,8,7,2,0,0,0,0,0,37,153,33,15,15,3,12,0,4,1,0,23,"Javier Assad",21741,665871
"Carlos Hernández","PHI",1,0,5.2597411717548175,25,0,0,0,0,0,1,0,25.2,123,32,16,15,4,13,1,2,1,0,23,"Carlos Hernandez",22713,672578
"Eduardo Salazar","WSN",0,1,8.37931144705298,30,0,0,0,0,0,2,1,29,150,47,29,27,7,16,0,1,3,1,23,"Eduardo Salazar",23135,674285
"Connor Gillispie","MIA",0,3,8.653846153846153,6,6,0,0,0,0,0,0,26,123,32,26,25,6,11,0,1,1,0,23,"Connor Gillispie",26171,687362
"Alek Jacob","SDP",1,0,5.130001369858154,29,0,0,0,0,0,2,0,33.1,153,36,20,19,6,14,0,6,0,0,23,"Alek Jacob",29628,689690
"McCade Brown","COL",0,5,7.363637093247956,7,7,0,0,0,0,0,0,25.2,126,30,21,21,6,17,0,5,1,0,23,"McCade Brown",30004,685326
"David Robertson","PHI",2,0,4.075472284780867,20,0,0,0,0,2,10,1,17.2,78,18,9,8,4,8,1,0,0,0,22,"David Robertson",8241,502085
"Chris Flexen","CHC",5,1,3.0916032334890136,21,1,0,0,0,1,0,0,43.2,178,38,18,15,7,12,0,0,3,0,22,"Chris Flexen",13896,623167
"Sam Moll","CIN",1,0,6.381821280236606,23,0,0,0,0,0,2,0,18.1,81,16,16,13,4,10,0,0,4,0,22,"Sam Moll",14874,594580
"José Castillo","- - -",1,2,4.98461640848937,21,0,0,0,0,0,3,2,21.2,105,31,14,12,3,9,0,4,1,3,22,"Jose Castillo",17169,620454
"Génesis Cabrera","- - -",0,0,5.785715665136394,24,0,0,0,0,0,2,0,28,117,29,18,18,7,7,0,1,0,0,22,"Genesis Cabrera",17490,650893
"Brandon Waddell","NYM",0,0,3.4468088603333067,11,1,0,0,0,0,1,0,31.1,134,29,12,12,4,11,0,1,0,0,22,"Brandon Waddell",18347,663399
"Justin Martinez","ARI",1,2,4.108696248445796,17,0,0,0,0,5,4,1,15.1,67,7,8,7,1,12,1,3,2,0,22,"Justin Martinez",24453,679885
"Austin Cox","ATL",0,0,8.859375936481328,13,1,0,0,0,0,2,0,21.1,102,30,21,21,9,7,0,0,2,0,22,"Austin Cox",24604,680735
"Erik Miller","SFG",4,1,1.5000004768373099,36,0,0,0,0,0,10,2,30,128,24,5,5,0,20,4,3,1,0,22,"Erik Miller",26252,669062
"Taylor Rashi","ARI",0,1,4.4081636084859115,10,0,0,0,0,2,0,1,16.1,72,16,8,8,0,8,0,0,1,0,22,"Taylor Rashi",26344,688497
"Kyle Backhus","ARI",0,3,4.618422675331454,32,0,0,0,0,2,10,2,25.1,115,28,14,13,3,8,0,3,1,0,22,"Kyle Backhus",29615,679775
"Jonah Tong","NYM",2,3,7.714285977032729,5,5,0,0,0,0,0,0,18.2,87,24,20,16,3,9,0,0,3,0,22,"Jonah Tong",32157,804636
"Justin Steele","CHC",3,1,4.764706015999345,4,4,1,0,0,0,0,0,22.2,92,21,12,12,5,5,0,1,0,0,21,"Justin Steele",17312,657006
"Luis Mey","CIN",2,0,3.4285720513792586,23,0,0,0,0,0,4,1,21,96,17,8,8,3,17,0,1,2,0,21,"Luis Mey",25620,682825
"Bryce Jarvis","ARI",0,0,5.727273720355245,12,0,0,0,0,1,1,0,22,98,23,14,14,3,10,0,1,0,0,21,"Bryce Jarvis",27477,686826
"Mick Abel","PHI",2,2,5.04,6,6,1,0,0,0,0,0,25,108,25,14,14,7,9,0,1,2,0,21,"Mick Abel",27756,690953
"Will Klein","LAD",1,1,2.347826573709109,14,0,0,0,0,0,1,0,15.1,70,14,6,4,0,10,0,2,0,0,21,"Will Klein",27787,694361
"Ryan Brasier","CHC",0,1,4.500000660236162,28,1,0,0,0,0,4,0,26,105,27,13,13,2,5,0,0,0,0,20,"Ryan Brasier",5615,518489
"Rob Zastryzny","MIL",2,1,2.454546305759189,26,1,0,0,0,0,2,1,22,93,16,7,6,3,10,3,1,2,0,20,"Rob Zastryzny",15094,642239
"JP Sears","SDP",2,2,5.4729735372361406,5,5,1,0,0,0,0,0,24.2,111,31,16,15,7,7,0,1,0,0,20,"JP Sears",23429,676664
"Andrew Alvarez","WSN",1,1,2.314285840404284,5,5,1,0,0,0,0,0,23.1,98,16,8,6,1,10,0,1,2,0,20,"Andrew Alvarez",29914,674841
"Dauri Moreta","PIT",1,1,3.2400008651735708,18,0,0,0,0,0,2,1,16.2,68,16,8,6,2,7,1,0,0,0,19,"Dauri Moreta",21101,664294
"Andrew Saalfrank","ARI",2,1,1.2413794736374788,28,0,0,0,0,3,5,2,29,113,19,5,4,1,10,1,0,2,0,19,"Andrew Saalfrank",26203,685314
"Zach Agnos","COL",1,3,6.606384051121497,30,0,0,0,0,4,3,0,31.1,138,31,25,23,5,17,0,0,2,0,19,"Zach Agnos",31552,688642
"Adam Mazur","MIA",0,4,4.8,6,6,1,0,0,0,0,0,30,139,33,21,16,4,12,0,1,2,0,19,"Adam Mazur",31900,800049
"Andrew Chafin","WSN",1,1,2.7000007724764172,26,0,0,0,0,0,3,0,20,88,20,8,6,1,12,0,0,5,0,18,"Andrew Chafin",12988,605177
"Paul Blackburn","NYM",0,3,6.845070882251289,7,4,0,0,0,1,0,0,23.2,110,31,19,18,3,8,0,1,1,0,18,"Paul Blackburn",14739,621112
"Colin Holderman","PIT",0,2,7.012988750157728,24,0,0,0,0,1,2,2,25.2,125,34,21,20,4,16,1,2,3,0,18,"Colin Holderman",22361,670059
"Edgardo Henriquez","LAD",2,1,2.3684217659062132,22,0,0,0,0,1,5,2,19,78,17,5,5,2,5,0,0,2,0,18,"Edgardo Henriquez",26944,683618
"Andre Granillo","STL",1,0,4.714286998826981,14,0,0,0,0,1,0,0,21,91,22,11,11,3,7,0,1,2,0,18,"Andre Granillo",29542,701552
"Jorge López","WSN",6,0,6.567569260357331,26,0,0,0,0,1,5,3,24.2,106,25,18,18,1,7,0,3,3,0,17,"Jorge Lopez",14527,605347
"Michael Petersen","- - -",0,0,4.000000847710683,15,0,0,0,0,0,2,1,18,79,18,11,8,3,7,2,0,2,0,17,"Michael Petersen",20827,656848
"Elvin Rodríguez","MIL",0,2,8.67857172416182,6,2,0,0,0,0,0,0,18.2,84,23,18,18,7,7,0,1,0,0,17,"Elvin Rodriguez",20962,660730
"Alexis Díaz","- - -",1,0,8.150945009562566,18,0,0,0,0,0,4,0,17.2,85,15,17,16,6,12,0,5,0,0,17,"Alexis Diaz",21132,664747
"Joel Peguero","SFG",3,1,2.4179109984237894,17,0,0,0,0,0,4,0,22.1,86,15,7,6,2,8,1,0,0,1,17,"Joel Peguero",21951,666711
"Seth Johnson","PHI",1,1,4.263158108719178,10,0,0,0,0,0,0,0,12.2,54,11,8,6,3,4,0,0,1,0,17,"Seth Johnson",26020,686751
"Brandon Sproat","NYM",0,2,4.7903227280131535,4,4,2,0,0,0,0,0,20.2,84,18,11,11,0,7,0,2,0,0,17,"Brandon Sproat",33850,687075
"José Suarez","ATL",2,0,1.86206899613461,7,1,1,0,0,1,1,0,19.1,81,15,5,4,1,10,1,0,0,0,16,"Jose Suarez",19911,660761
"Rico Garcia","NYM",0,0,2.131579054359589,8,0,0,0,0,0,1,0,12.2,47,7,3,3,1,2,0,0,1,0,16,"Rico Garcia",20023,670329
"Hunter Stratton","- - -",1,1,5.210527361925499,15,0,0,0,0,1,3,1,19,89,23,12,11,3,7,0,3,0,0,16,"Hunter Stratton",23455,676702
"Luis Peralta","COL",1,3,9.473687063624853,22,0,0,0,0,0,1,3,19,101,26,22,20,6,18,0,2,1,1,16,"Luis Peralta",24203,678821
"Carson Whisenhunt","SFG",2,1,5.014285987542615,5,5,0,0,0,0,0,0,23.1,102,22,14,13,6,12,0,2,2,0,16,"Carson Whisenhunt",31676,687931
"José Ruiz","- - -",1,0,8.816328761281264,18,0,0,0,0,0,3,0,16.1,79,23,17,16,3,9,0,0,0,1,15,"Jose Ruiz",14552,614179
"Tim Mayza","- - -",0,0,3.780000793075728,15,0,0,0,0,0,0,0,16.2,74,17,7,7,2,5,0,2,1,0,15,"Tim Mayza",15042,641835
"Julian Merryweather","CHC",0,1,5.785715665136394,21,0,0,0,0,0,7,0,18.2,88,23,13,12,2,11,2,0,1,0,15,"Julian Merryweather",16703,657240
"Ian Gibaut","CIN",0,1,4.61842197988851,25,0,0,0,0,0,3,1,25.1,109,26,13,13,3,8,0,0,0,0,15,"Ian Gibaut",17871,664139
"Jorge Alcala","STL",0,0,5.023256593810595,15,0,0,0,0,0,3,0,14.1,67,18,8,8,4,7,1,0,0,1,15,"Jorge Alcala",19459,660896
"Daniel Robert","PHI",0,0,4.1538467632949185,15,0,0,0,0,0,2,0,13,59,11,7,6,2,10,0,0,0,0,15,"Daniel Robert",21229,642016
"Chris Roycroft","STL",1,3,7.838712088896256,20,0,0,0,0,0,2,1,20.2,101,26,21,18,2,12,1,1,3,0,15,"Chris Roycroft",31261,688297
"Chris Devenski","NYM",0,0,2.160000082397464,13,1,0,0,0,0,2,0,16.2,65,10,4,4,1,5,0,2,0,0,14,"Chris Devenski",12763,606965
"A.J. Minter","NYM",0,0,1.6363639201014988,13,0,0,0,0,0,7,0,11,44,6,2,2,0,5,0,0,0,1,14,"A.J. Minter",18655,621345
"Tyler Zuber","- - -",0,1,11.250001788139627,10,0,0,0,0,0,1,0,12,59,17,15,15,3,6,1,0,0,0,14,"Tyler Zuber",20379,676604
"Evan Sisk","PIT",1,1,4.378379506904888,14,0,0,0,0,0,2,0,12.1,54,11,6,6,1,5,0,2,2,0,14,"Evan Sisk",24995,681895
"Roddery Muñoz","STL",0,0,8.181818891162775,9,0,0,0,0,0,0,0,11,51,9,10,10,4,9,0,0,1,0,14,"Roddery Munoz",25311,682610
"Trevor McDonald","SFG",1,0,1.8,3,2,2,0,0,0,0,0,15,60,13,6,3,1,2,0,0,1,0,14,"Trevor McDonald",26448,686790
"Lucas Sims","WSN",1,0,13.864869510632687,18,0,0,0,0,0,1,1,12.1,72,14,19,19,2,14,0,7,3,0,13,"Lucas Sims",13470,608371
"Scott Blewett","ATL",2,0,5.510204510607389,11,1,0,0,0,0,0,0,16.1,72,16,11,10,5,10,0,0,0,0,13,"Scott Blewett",16427,656240
"Danny Young","NYM",0,0,4.320001153564761,10,0,0,0,0,0,4,0,8.1,37,9,5,4,0,3,0,1,0,0,13,"Danny Young",18439,664849
"Bryan Hudson","MIL",0,1,4.354839647473906,12,0,0,0,0,0,2,0,10.1,54,8,7,5,0,12,2,2,0,1,13,"Bryan Hudson",19924,663542
"Easton McGee","MIL",0,0,5.522727512131063,9,0,0,0,0,0,0,0,14.2,62,15,9,9,1,5,1,0,0,0,13,"Easton McGee",22176,668834
"Jordan Wicks","CHC",0,1,6.2790699067020395,8,0,0,0,0,1,0,0,14.1,67,24,12,10,2,1,0,0,0,0,13,"Jordan Wicks",30094,696136
"Zach Maxwell","CIN",0,0,4.500000429153483,8,0,0,0,0,0,0,0,10,43,10,5,5,3,4,0,0,0,0,13,"Zach Maxwell",31610,687209
"Brandyn Garcia","ARI",0,2,5.83783934253985,12,0,0,0,0,0,2,0,12.1,55,14,10,8,0,5,0,1,0,0,13,"Brandyn Garcia",33568,805299
"Michael Kopech","LAD",0,0,2.454545880152248,14,0,0,0,0,0,6,0,11,53,6,3,3,0,13,0,0,3,1,12,"Michael Kopech",17282,656629
"JT Brubaker","SFG",0,0,4.263158108719178,5,1,0,0,0,0,0,0,12.2,54,13,6,6,0,3,1,0,2,0,12,"JT Brubaker",17578,664141
"A.J. Puk","ARI",0,0,3.375,8,0,0,0,0,4,2,0,8,35,8,3,3,2,2,0,1,1,0,12,"A.J. Puk",19343,640462
"Ron Marinaccio","SDP",0,0,0.843750050291422,7,0,0,0,0,0,0,0,10.2,42,6,1,1,0,4,0,0,0,0,12,"Ron Marinaccio",23488,676760
"Didier Fuentes","ATL",0,3,13.846154861901713,4,4,0,0,0,0,0,0,13,69,23,20,20,6,6,0,2,1,0,12,"Didier Fuentes",30661,800311
"Colin Poche","- - -",1,2,12.535719916303036,14,0,0,0,0,0,0,0,9.1,52,12,14,13,1,14,0,0,1,0,11,"Colin Poche",19403,621363
"Dane Dunning","ATL",0,0,10.80000102996836,7,0,0,0,0,0,0,0,10,49,15,13,12,2,2,0,2,0,0,11,"Dane Dunning",19409,641540
"Sean Hjelle","SFG",1,1,7.800000991821415,12,1,0,0,0,0,0,0,15,73,21,13,13,2,9,2,0,0,0,11,"Sean Hjelle",21481,663546
"Mason Thompson","WSN",1,1,11.812502816320137,14,0,0,0,0,0,0,0,10.2,60,16,16,14,1,12,2,0,0,0,11,"Mason Thompson",21850,666168
"Dedniel Núñez","NYM",0,0,4.655173179227431,10,0,0,0,0,0,3,0,9.2,41,6,5,5,1,6,0,0,1,0,11,"Dedniel Nunez",23055,673380
"Carson Spiers","CIN",0,2,6.07500014483929,3,2,1,0,0,0,0,0,13.1,60,13,9,9,3,7,0,1,0,0,11,"Carson Spiers",27685,686730
"Carlos Rodriguez","MIL",1,0,6.517241807953526,4,0,0,0,0,0,0,0,9.2,50,13,7,7,1,9,0,0,1,0,11,"Carlos Rodriguez",30161,692230
"Jesus Tinoco","MIA",2,1,5.120690497150174,20,0,0,0,0,4,4,2,19.1,80,17,12,11,1,8,1,0,0,0,10,"Jesus Tinoco",16300,622786
"Nick Anderson","COL",0,0,6.136364301374208,12,0,0,0,0,0,0,0,14.2,61,17,10,10,3,2,0,0,0,0,10,"Nick Anderson",18337,623433
"Freddy Tarnok","MIA",1,0,2.454545560947139,5,0,0,0,0,1,0,0,7.1,28,1,2,2,1,4,0,1,0,0,10,"Freddy Tarnok",23324,676206
"Luarbert Arias","MIA",0,0,11.322580993485635,7,0,0,0,0,0,0,0,10.1,55,17,13,13,2,5,0,2,1,0,10,"Luarbert Arias",23811,678215
"Gavin Hollowell","CHC",0,0,4.821429228296175,7,0,0,0,0,0,0,0,9.1,43,9,5,5,1,7,0,0,1,0,10,"Gavin Hollowell",25427,668970
"Ryan Gusto","MIA",0,3,9.765957843129497,3,3,1,0,0,0,0,0,15.2,74,19,17,17,4,8,0,2,0,0,10,"Ryan Gusto",26440,687473
"Andry Lara","WSN",0,0,8.79069845427566,9,0,0,0,0,0,0,0,14.1,78,27,15,14,2,8,0,1,0,0,10,"Andry Lara",27967,691251
"Blade Tidwell","NYM",1,1,9.000001144409325,4,2,0,0,0,0,0,0,15,78,23,15,15,4,10,0,1,0,0,10,"Blade Tidwell",31701,694918
"Carlos Carrasco","ATL",0,0,9.878049240021554,3,3,1,0,0,0,0,0,13.2,70,22,15,15,3,7,0,0,1,0,9,"Carlos Carrasco",6632,471911
"Kendall Graveman","ARI",1,0,7.132075728365186,19,0,0,0,0,0,1,0,17.2,82,23,14,14,2,12,0,1,0,0,9,"Kendall Graveman",15514,608665
"Tanner Rainey","PIT",0,1,10.565220895923414,11,0,0,0,0,0,2,1,7.2,37,7,9,9,0,6,0,1,0,0,9,"Tanner Rainey",17610,663432
"Richard Lovelady","NYM",0,0,6.300001201629867,8,0,0,0,0,0,2,0,10,45,10,8,7,3,4,0,1,0,0,9,"Richard Lovelady",19337,663992
"Keaton Winn","SFG",0,0,4.5,7,0,0,0,0,0,0,0,10,42,12,5,5,1,2,0,0,0,0,9,"Keaton Winn",23499,676775
"Austin Warren","NYM",1,0,0.9642858456592349,5,0,0,0,0,0,0,0,9.1,34,5,1,1,1,4,0,0,0,0,9,"Austin Warren",24937,681810
"Davis Daniel","ATL",0,1,5.4,3,2,0,0,0,0,0,0,10,46,9,6,6,1,7,0,1,0,0,9,"Davis Daniel",27582,669721
"Bradgley Rodriguez","SDP",1,0,1.1739132868545545,7,0,0,0,0,0,0,0,7.2,31,4,1,1,0,3,1,3,0,0,9,"Bradgley Rodriguez",29107,699134
"Jesse Chavez","ATL",0,1,9,4,0,0,0,0,0,0,0,8,43,14,8,8,4,5,0,0,0,0,8,"Jesse Chavez",5448,445926
"Scott Alexander","- - -",1,1,6.113209788424104,21,0,0,0,0,0,3,1,17.2,81,23,12,12,5,9,0,1,0,0,8,"Scott Alexander",10591,518397
"Joe Mantiply","ARI",0,1,15.827588809373266,10,0,0,0,0,0,0,1,9.2,58,26,17,17,5,3,1,1,0,0,8,"Joe Mantiply",14857,573009
"Walker Buehler","PHI",3,0,0.658536616001437,3,2,0,0,0,0,0,0,13.2,57,10,1,1,0,6,0,2,0,0,8,"Walker Buehler",19374,621111
"Alan Rangel","PHI",0,0,2.4545454545454546,5,0,0,0,0,1,0,0,11,46,10,3,3,1,6,0,0,0,1,8,"Alan Rangel",19524,660604
"Noah Davis","LAD",0,1,19.500003099442022,5,0,0,0,0,0,0,0,6,35,10,14,13,3,5,0,4,0,0,8,"Noah Davis",25862,663562
"Tommy Henry","ARI",0,0,4.050000386238135,2,0,0,0,0,0,0,0,6.2,26,6,3,3,3,1,0,1,0,0,8,"Tommy Henry",26285,674072
"Cristian Mena","ARI",1,0,1.350000128746045,3,0,0,0,0,0,0,1,6.2,26,3,1,1,1,3,0,0,1,0,8,"Cristian Mena",27974,691441
"Ryan Loutos","- - -",1,0,12.750001013279041,12,0,0,0,0,0,0,0,12,68,20,21,17,4,8,0,2,0,0,8,"Ryan Loutos",29521,702795
"Wade Miley","CIN",1,0,6.75,3,2,0,0,0,0,0,0,12,55,15,9,9,3,6,0,1,0,0,7,"Wade Miley",8779,489119
"Tayler Scott","ARI",0,0,9.000000953674418,6,0,0,0,0,0,1,0,9,44,13,9,9,3,4,0,0,0,0,7,"Tayler Scott",13652,605463
"Wander Suero","ATL",0,0,11.368421623251143,5,0,0,0,0,0,0,0,6.1,32,10,8,8,3,4,0,0,0,1,7,"Wander Suero",15855,593833
"Nate Pearson","CHC",0,1,9.204545853551771,11,0,0,0,0,0,1,0,14.2,75,22,15,15,2,10,1,1,1,0,7,"Nate Pearson",20160,663878
"Bobby Miller","LAD",0,0,12.6,2,1,0,0,0,0,0,0,5,28,11,7,7,2,2,1,1,0,0,7,"Bobby Miller",27483,676272
"Andrew Hoffmann","ARI",1,1,7.3636385980723205,8,0,0,0,0,0,3,2,7.1,35,7,6,6,1,6,0,0,0,0,7,"Andrew Hoffmann",29633,694851
"Chase Petty","CIN",0,3,19.50000329315718,3,2,0,0,0,0,0,0,6,40,14,14,13,3,8,0,1,0,0,7,"Chase Petty",30170,695534
"Thomas Harrington","PIT",0,1,15.576924219639427,3,1,0,0,0,1,0,0,8.2,50,18,15,15,3,7,0,0,2,0,7,"Thomas Harrington",31989,802419
"Craig Yoho","MIL",0,0,7.269232102399991,8,0,0,0,0,0,0,0,8.2,41,8,7,7,1,9,0,1,0,0,7,"Craig Yoho",33248,684974
"John Brebbia","ATL",0,1,7.714286765273879,3,0,0,0,0,0,0,0,4.2,22,6,5,4,2,1,0,1,0,0,6,"John Brebbia",12777,605154
"Chris Stratton","LAD",0,0,6.75,3,0,0,0,0,0,0,0,4,17,3,3,3,2,2,0,0,0,0,6,"Chris Stratton",13761,608717
"Kevin Herget","- - -",0,0,2.7692311755299457,7,0,0,0,0,0,0,0,13,56,12,5,4,0,5,0,0,3,0,6,"Kevin Herget",15369,643361
"Evan Phillips","LAD",0,0,0,7,0,0,0,0,1,2,0,5.2,22,4,0,0,0,2,0,0,0,0,6,"Evan Phillips",17734,623465
"Yoendrys Gómez","LAD",0,0,14.538462604996798,3,0,0,0,0,1,0,0,4.1,25,10,7,7,2,2,0,0,0,0,6,"Yoendrys Gomez",22872,672782
"Ethan Roberts","CHC",1,0,6.000001271566025,10,0,0,0,0,0,0,0,9,39,10,6,6,3,2,0,1,1,0,6,"Ethan Roberts",24930,681799
"Juan Burgos","ARI",1,1,8.100003089905965,9,0,0,0,0,0,3,1,6.2,35,10,7,6,2,6,1,0,0,0,6,"Juan Burgos",27271,686228
"José Ureña","- - -",0,0,9.000001430511702,3,0,0,0,0,1,0,0,6,30,11,6,6,2,2,1,0,1,0,5,"Jose Urena",11589,570632
"Scott McGough","ARI",0,0,6.428571428571429,7,0,0,0,0,0,0,0,7,35,6,5,5,1,6,0,1,0,0,5,"Scott McGough",12056,543518
"Julian Fernández","- - -",1,0,5.4,4,0,0,0,0,0,1,0,5,20,3,3,3,2,2,0,0,0,0,5,"Julian Fernandez",18341,642759
"Connor Seabold","ATL",0,0,9.818183520608992,4,0,0,0,0,0,0,0,3.2,19,5,4,4,1,3,0,0,1,0,5,"Connor Seabold",19695,657756
"Elvis Peguero","MIL",0,0,4.909091760304496,6,0,0,0,0,0,1,0,7.1,36,8,6,4,1,4,0,1,1,0,5,"Elvis Peguero",21652,665625
"Sauryn Lao","WSN",1,0,3.521739860563664,6,0,0,0,0,0,0,0,7.2,32,8,3,3,1,1,0,1,0,0,5,"Sauryn Lao",21922,666659
"Omar Cruz","SDP",0,0,4.909091760304496,2,0,0,0,0,0,0,0,3.2,18,4,2,2,0,3,0,0,0,0,5,"Omar Cruz",23875,678316
"Ty Adcock","NYM",0,0,3.0000009536746197,3,0,0,0,0,0,0,0,3,14,2,1,1,1,2,0,0,0,0,5,"Ty Adcock",25651,686654
"Connor Thomas","MIL",0,0,20.250001206994128,2,0,0,0,0,0,0,0,5.1,31,12,12,12,3,2,0,1,0,0,5,"Connor Thomas",25873,671162
"Bryan Hoeing","SDP",1,0,3.3750012069944884,7,0,0,0,0,0,0,0,8,36,9,3,3,0,3,0,0,1,0,5,"Bryan Hoeing",26304,663773
"Rolddy Muñoz","ATL",0,0,12.272729400761241,3,0,0,0,0,0,0,0,3.2,21,4,5,5,1,5,0,2,1,0,5,"Rolddy Munoz",27407,691548
"Yosver Zulueta","CIN",1,0,6.1363647003806205,7,0,0,0,0,0,0,0,7.1,32,5,5,5,1,4,0,0,1,0,5,"Yosver Zulueta",27765,691172
"Dugan Darnell","COL",1,0,3.8571433826369397,9,0,0,0,0,0,0,0,11.2,48,10,5,5,1,7,0,0,0,0,5,"Dugan Darnell",27812,699911
"Robert Gasser","MIL",0,2,3.176470944625736,2,2,0,0,0,0,0,0,5.2,29,5,6,2,1,4,0,2,0,0,5,"Robert Gasser",29812,688107
"Mason Black","SFG",0,0,6.75,1,0,0,0,0,0,0,0,4,19,5,5,3,2,0,0,0,0,0,5,"Mason Black",30171,696131
"Philip Abner","ARI",0,0,4.909094633152532,5,0,0,0,0,0,0,0,3.2,18,5,2,2,0,3,0,0,0,0,5,"Philip Abner",33821,691769
"J.P. Feyereisen","- - -",0,2,11.25,4,0,0,0,0,0,0,0,4,23,11,7,5,2,1,1,0,0,0,4,"J.P. Feyereisen",16610,656420
"Luke Williams","ATL",0,0,3.000000476837234,6,0,0,0,0,0,0,0,6,25,6,2,2,1,1,0,0,0,0,4,"Luke Williams",19931,663897
"Eli Morgan","CHC",0,1,12.2727309967872,7,0,0,0,0,0,0,1,7.1,35,12,10,10,3,3,1,0,0,0,4,"Eli Morgan",20203,669212
"Seth Martinez","MIA",0,0,5.4000012874606345,6,0,0,0,0,0,0,0,6.2,27,4,4,4,2,3,0,0,0,1,4,"Seth Martinez",21045,661527
"Brooks Kriske","CHC",0,0,0,4,0,0,0,0,0,0,0,6,24,2,0,0,0,5,1,0,0,0,4,"Brooks Kriske",21189,621139
"Logan Gillaspie","SDP",0,0,2.57142892175796,3,0,0,0,0,0,0,0,7,31,7,2,2,1,4,0,1,0,2,4,"Logan Gillaspie",22461,670810
"Roansy Contreras","COL",0,0,8.640001318359577,4,0,0,0,0,0,0,0,8.1,34,9,8,8,3,1,0,0,0,0,4,"Roansy Contreras",22810,672710
"Michael Mercado","PHI",0,0,15,3,0,0,0,0,0,0,0,3,20,7,5,5,1,4,0,0,0,0,4,"Michael Mercado",23223,675650
"Cam Sanders","PIT",0,0,8.10000193119095,6,0,0,0,0,0,0,0,6.2,34,9,6,6,2,5,0,0,0,0,4,"Cam Sanders",23479,676742
"Alex Carrillo","NYM",0,1,13.50000183922929,3,0,0,0,0,0,0,0,4.2,22,6,7,7,4,2,0,1,1,0,4,"Alex Carrillo",26463,692024
"Luke Little","CHC",0,0,3.3750008046628963,2,0,0,0,0,0,0,0,2.2,15,1,2,1,0,6,0,0,0,0,4,"Luke Little",28036,681432
"Patrick Monteverde","MIA",0,0,9.818183520608992,1,0,0,0,0,0,0,0,3.2,20,9,4,4,0,1,0,0,0,0,4,"Patrick Monteverde",29564,687287
"Zach Thompson","ATL",0,0,0,2,0,0,0,0,0,0,0,3.2,12,0,0,0,0,1,0,0,1,0,3,"Zach Thompson",16094,605507
"Jeff Brigham","ARI",0,0,8.10000077247627,4,0,0,0,0,0,0,0,3.1,18,7,3,3,1,1,0,0,0,0,3,"Jeff Brigham",16631,656257
"Brock Stewart","LAD",0,1,4.909091760304496,4,0,0,0,0,0,2,0,3.2,20,6,2,2,0,2,0,1,0,0,3,"Brock Stewart",16727,592779
"Trevor Richards","ARI",0,0,3.3750008046628963,2,0,0,0,0,0,0,0,2.2,11,4,1,1,0,0,0,0,1,0,3,"Trevor Richards",19309,670950
"Justin Garza","NYM",0,0,5.40000051498418,5,0,0,0,0,0,0,0,6.2,28,8,4,4,1,1,0,0,1,0,3,"Justin Garza",19784,621057
"Tom Cosgrove","CHC",0,0,2.25,2,0,0,0,0,0,0,0,4,16,3,1,1,0,1,0,0,0,0,3,"Tom Cosgrove",23443,676680
"Matt Waldron","SDP",0,1,7.714286765273879,1,1,0,0,0,0,0,0,4.2,25,6,4,4,1,6,0,0,3,0,3,"Matt Waldron",25550,663362
"Randy Wynne","CIN",0,0,3,1,0,0,0,0,1,0,0,3,13,3,1,1,1,1,0,0,0,0,3,"Randy Wynne",25804,691094
"Christian Roa","MIA",0,0,0,2,0,0,0,0,0,0,0,3,12,1,0,0,0,3,0,0,0,0,3,"Christian Roa",27662,685005
"Hunter Barco","PIT",1,0,0,2,0,0,0,0,0,0,0,3,12,3,0,0,0,0,0,0,0,0,3,"Hunter Barco",33174,682995
"Reiver Sanmartin","CIN",0,0,0,1,0,0,0,0,0,0,0,1.2,8,2,1,0,0,1,1,0,1,0,2,"Reiver Sanmartin",19754,665665
"Kyle Nelson","ARI",0,0,9,3,0,0,0,0,1,0,0,2,11,1,2,2,1,4,0,0,1,0,2,"Kyle Nelson",20515,669459
"Lucas Gilbreath","COL",0,0,9,1,0,0,0,0,0,0,0,1,4,1,1,1,1,0,0,0,0,0,2,"Lucas Gilbreath",21290,656458
"Eduarniel Núñez","SDP",0,0,3.8571433826369397,4,0,0,0,0,0,0,0,4.2,21,4,2,2,1,4,0,1,1,0,2,"Eduarniel Nunez",23162,674384
"Nolan Hoffman","PHI",0,0,27,1,0,0,0,0,0,0,0,1,7,3,3,3,0,1,0,0,1,0,2,"Nolan Hoffman",23381,676510
"Joe La Sorsa","CIN",0,1,10.80000102996836,5,0,0,0,0,0,0,0,6.2,33,13,9,8,4,2,0,0,0,0,2,"Joe La Sorsa",25481,686747
"Jack Little","LAD",0,0,6,2,0,0,0,0,0,0,0,3,14,4,2,2,0,1,0,1,0,0,2,"Jack Little",26152,669193
"Christian Montes De Oca","ARI",0,0,0,1,0,0,0,0,0,0,0,2.2,9,0,0,0,0,1,0,0,0,0,2,"Christian Montes De Oca",30206,801216
"Michael Darrell-Hicks","PIT",0,0,0,1,0,0,0,0,0,0,0,2,5,0,0,0,0,0,0,0,1,0,2,"Michael Darrell-Hicks",31501,690382
"Paul Gervase","LAD",0,0,4.5,1,0,0,0,0,0,0,0,2,9,2,1,1,0,1,0,0,0,0,2,"Paul Gervase",31571,801434
"Charlie Morton","ATL",0,0,0,1,1,0,0,0,0,0,0,1.1,6,2,0,0,0,1,0,0,0,0,1,"Charlie Morton",4676,450203
"Craig Kimbrel","ATL",0,0,0,1,0,0,0,0,0,0,0,1,3,1,0,0,0,1,0,0,0,0,1,"Craig Kimbrel",6655,518886
"Enrique Hernández","LAD",0,0,15.187503620983033,5,0,0,0,0,0,0,0,5.1,37,11,11,9,1,8,0,0,1,0,1,"Enrique Hernandez",10472,571771
"Héctor Neris","ATL",0,1,45,2,0,0,0,0,0,0,1,1,8,5,5,5,1,1,0,0,0,0,1,"Hector Neris",11804,593576
"Michael Fulmer","CHC",0,0,0,2,0,0,0,0,0,0,0,3,10,2,0,0,0,0,0,0,0,0,1,"Michael Fulmer",13218,605242
"Jacob Stallings","COL",0,0,4.5,1,0,0,0,0,0,0,0,2,8,2,1,1,0,0,0,0,0,0,1,"Jacob Stallings",13723,607732
"Jake Bauers","MIL",0,0,3.6,5,0,0,0,0,0,0,0,5,29,8,4,2,0,3,0,2,0,0,1,"Jake Bauers",15194,641343
"Reynaldo López","ATL",0,0,5.4,1,1,0,0,0,0,0,0,5,25,9,3,3,1,2,0,0,0,0,1,"Reynaldo Lopez",16400,625643
"Jose Trevino","CIN",0,0,3.8571433826369397,2,0,0,0,0,0,0,0,2.1,12,4,1,1,0,1,0,0,0,0,1,"Jose Trevino",16725,624431
"Nick Raquet","STL",0,0,0,2,0,0,0,0,0,0,0,2,7,0,0,0,0,1,0,0,0,0,1,"Nick Raquet",20333,675919
"Bruce Zimmermann","MIL",0,1,7.5,1,1,0,0,0,0,0,0,6,28,7,6,5,2,2,0,0,0,0,1,"Bruce Zimmermann",20370,669145
"Nathan Wiles","ATL",0,0,27,1,0,0,0,0,0,0,0,1,7,4,3,3,0,0,0,0,0,0,1,"Nathan Wiles",25474,686249
"Xzavion Curry","MIA",0,1,6.000001907349239,3,0,0,0,0,0,0,0,3,16,4,4,2,0,3,0,0,0,0,1,"Xzavion Curry",25595,675540
"Austin Pope","ARI",0,0,0,1,0,0,0,0,0,0,0,2,9,2,0,0,0,1,0,0,0,0,1,"Austin Pope",26136,687166
"Javier Sanoja","MIA",0,0,16.392859376206996,8,0,0,0,0,0,0,0,9.1,54,24,17,17,4,5,0,0,0,0,1,"Javier Sanoja",28253,691594
"Yilber Díaz","ARI",0,0,9,1,0,0,0,0,0,0,0,3,15,4,3,3,0,3,0,0,1,0,1,"Yilber Diaz",29271,700270
"Jonathan Pintaro","NYM",0,0,27.000028163224034,1,0,0,0,0,0,0,0,0.2,6,2,2,2,0,2,0,0,0,0,1,"Jonathan Pintaro",33980,702752
"Miguel Rojas","LAD",0,0,12.6,4,0,0,0,0,0,0,0,5,28,11,7,7,3,2,0,1,0,0,0,"Miguel Rojas",7802,500743
"Casey Kelly","ARI",0,0,0,2,0,0,0,0,0,0,0,1.2,6,1,0,0,0,1,0,0,1,0,0,"Casey Kelly",9174,543391
"Jon Berti","CHC",0,0,7.363637640456744,4,0,0,0,0,0,0,0,3.2,19,4,3,3,0,4,0,0,0,0,0,"Jon Berti",12037,542932
"Travis Jankowski","NYM",0,0,18,1,0,0,0,0,0,0,0,1,6,2,2,2,0,1,0,1,0,0,0,"Travis Jankowski",13768,608671
"Kyle Farmer","COL",0,0,9,1,0,0,0,0,0,0,0,1,5,3,1,1,1,0,0,0,0,0,0,"Kyle Farmer",14813,571657
"Mike Yastrzemski","SFG",0,0,18,1,0,0,0,0,0,0,0,1,7,2,2,2,0,1,0,1,0,0,0,"Mike Yastrzemski",14854,573262
"Amed Rosario","WSN",0,0,36,1,0,0,0,0,0,0,0,1,10,5,4,4,1,2,0,0,0,0,0,"Amed Rosario",15518,642708
"Reese McGuire","CHC",0,0,9,1,0,0,0,0,0,0,0,1,6,2,1,1,1,1,0,0,0,0,0,"Reese McGuire",15674,624512
"Tyler Wade","SDP",0,0,9,1,0,0,0,0,0,0,0,1,6,2,1,1,0,1,0,0,0,0,0,"Tyler Wade",15730,642180
"Luis Torrens","NYM",0,0,54.00005632644807,2,0,0,0,0,0,0,0,0.2,8,5,4,4,2,1,0,0,0,0,0,"Luis Torrens",15905,620443
"Austin Nola","COL",0,0,72,1,0,0,0,0,0,0,0,1,11,8,8,8,2,0,0,0,0,0,0,"Austin Nola",15941,543592
"Jose Herrera","ARI",0,0,4.5,2,0,0,0,0,0,0,0,2,10,4,1,1,0,0,0,0,0,0,0,"Jose Herrera",17040,645444
"Garrett Hampson","STL",0,0,0,1,0,0,0,0,0,0,0,1,3,0,0,0,0,0,0,0,0,0,0,"Garrett Hampson",19262,641658
"Weston Wilson","PHI",0,0,0,2,0,0,0,0,0,0,0,3,12,3,0,0,0,0,0,0,0,0,0,"Weston Wilson",19358,642215
"Alan Trejo","COL",0,0,0,1,0,0,0,0,0,0,0,1,3,1,0,0,0,0,0,0,0,0,0,"Alan Trejo",20056,676701
"Zach Pop","NYM",0,1,20.250004827977378,1,0,0,0,0,0,0,0,1.1,9,5,3,3,1,0,0,0,0,0,0,"Zach Pop",20185,647315
"Jared Young","NYM",0,0,0,1,0,0,0,0,0,0,0,0.1,3,1,0,0,0,1,0,0,0,0,0,"Jared Young",20404,676724
"Vidal Bruján","ATL",0,0,13.500006437304705,2,0,0,0,0,0,0,0,2,11,4,3,3,1,1,0,0,0,0,0,"Vidal Brujan",20536,660644
"Logan Porter","SFG",0,0,9,1,0,0,0,0,0,0,0,1,5,2,1,1,1,0,0,0,0,0,0,"Logan Porter",20626,682515
"Robinson Piña","MIA",0,0,9,1,0,0,0,0,0,0,0,1,4,1,1,1,1,0,0,0,0,0,0,"Robinson Pina",23091,673820
"Brett de Geus","PHI",0,0,4.5,1,0,0,0,0,0,0,0,2,10,1,1,1,0,3,0,0,0,0,0,"Brett de Geus",23592,676969
"Anthony Seigler","MIL",0,0,0,1,0,0,0,0,0,0,0,1,4,1,0,0,0,0,0,0,0,0,0,"Anthony Seigler",23802,678011
"Jared Triolo","PIT",0,0,0,1,0,0,0,0,0,0,0,1,8,3,2,0,1,1,0,0,0,0,0,"Jared Triolo",25807,669707
"Drey Jameson","ARI",0,1,3,3,0,0,0,0,1,0,0,3,13,4,2,1,0,3,0,0,1,0,0,"Drey Jameson",26260,686753
"Alec Burleson","STL",0,0,0,1,0,0,0,0,0,0,0,1,4,1,0,0,0,0,0,1,0,0,0,"Alec Burleson",27615,676475
"Christian Koss","SFG",0,0,0,4,0,0,0,0,0,0,0,4,16,4,0,0,0,0,0,0,0,0,0,"Christian Koss",27653,683766
"Dom Hamel","NYM",0,0,0,1,0,0,0,0,0,0,0,1,6,3,0,0,0,0,0,1,0,0,0,"Dom Hamel",30153,687589
"Hayden Harris","ATL",0,0,3.3750008046628963,3,0,0,0,0,0,0,0,2.2,12,3,1,1,0,2,0,0,0,0,0,"Hayden Harris",31913,802686