"Name","Team","Pos","G","GS","Inn","PO","A","E","FE","TE","DP","DPS","DPT","DPF","Scp","SB","CS","PB","WP","FP","TZ","playerid","mlbamid"
"Giancarlo Stanton","NYY","OF","20","18","132.0","26","0","1","0","1","0","0","0","0","","","","","",".963","","4949","519317"
"Jose Altuve","HOU","OF","47","44","371.0","58","2","1","1","0","0","0","0","0","","","","","",".984","","5417","514888"
"Mike Trout","LAA","OF","22","22","185.0","46","2","0","0","0","0","0","0","0","","","","","","1.000","","10155","545361"
"Jurickson Profar","ATL","OF","79","79","701.0","164","0","1","1","0","0","0","0","0","","","","","",".994","","10815","595777"
"Christian Yelich","MIL","OF","19","18","153.1","41","1","1","1","0","0","0","0","0","","","","","",".977","","11477","592885"
"Nick Castellanos","PHI","OF","143","138","1208.1","243","4","0","0","0","0","2","0","0","","","","","","1.000","","11737","592206"
"Joc Pederson","TEX","OF","1","0","3.0","1","0","0","0","0","0","0","0","0","","","","","","1.000","","11899","592626"
"George Springer","TOR","OF","67","51","436.2","81","1","1","1","0","0","0","0","0","","","","","",".988","","12856","543807"
"Brandon Nimmo","TEX","OF","155","147","1283.2","258","5","1","1","0","0","2","0","0","","","","","",".996","","12927","607043"
"Javier Baez","DET","OF","53","43","405.0","104","2","0","0","0","0","1","0","0","","","","","","1.000","","12979","595879"
"Teoscar Hernandez","LAD","OF","133","132","1106.0","255","6","2","2","0","0","2","0","0","","","","","",".992","","13066","606192"
"Mookie Betts","LAD","OF","1","0","1.0","1","0","0","0","0","0","0","0","0","","","","","","1.000","","13611","605141"
"Tyrone Taylor","NYM","OF","114","87","810.0","245","8","2","2","0","0","2","0","0","","","","","",".992","","13675","621438"
"Rob Refsnyder","SEA","OF","45","30","256.0","61","2","1","1","0","0","0","0","0","","","","","",".984","","13770","608701"
"Byron Buxton","MIN","OF","118","118","973.0","284","2","2","2","0","0","0","0","0","","","","","",".993","","14161","621439"
"Jorge Soler","LAA","OF","40","39","315.2","55","1","0","0","0","0","0","0","0","","","","","","1.000","","14221","624585"
"Anthony Santander","TOR","OF","24","22","181.0","46","0","0","0","0","0","0","0","0","","","","","","1.000","","14551","623993"
"Mike Yastrzemski","ATL","OF","150","125","1100.2","232","11","1","1","0","0","0","0","0","","","","","",".996","","14854","573262"
"Jake Bauers","MIL","OF","26","23","182.1","34","1","2","1","1","0","0","0","0","","","","","",".946","","15194","641343"
"Jeff McNeil","ATH","OF","51","35","292.1","73","1","1","1","0","0","1","0","0","","","","","",".987","","15362","643446"
"Amed Rosario","NYY","OF","6","1","14.0","3","1","0","0","0","0","0","0","0","","","","","","1.000","","15518","642708"
"Aaron Judge","NYY","OF","95","95","822.1","201","1","1","1","0","0","0","0","0","","","","","",".995","","15640","592450"
"Tyler O'Neill","BAL","OF","39","38","322.0","80","5","2","2","0","0","2","0","0","","","","","",".977","","15711","641933"
"Ryan O'Hearn","PIT","OF","23","18","165.0","31","0","0","0","0","0","0","0","0","","","","","","1.000","","16442","656811"
"Kyle Schwarber","PHI","OF","8","8","66.0","16","0","1","0","1","0","0","0","0","","","","","",".941","","16478","656941"
"Mauricio Dubon","ATL","OF","68","27","282.1","66","2","3","1","2","0","0","0","0","","","","","",".958","","16530","643289"
"Lane Thomas","KCR","OF","40","33","290.1","89","3","1","0","1","0","0","0","0","","","","","",".989","","16939","657041"
"Derek Hill","CHW","OF","54","35","330.0","101","4","0","0","0","0","0","0","0","","","","","","1.000","","16947","656537"
"Edmundo Sosa","PHI","OF","3","1","11.0","6","0","0","0","0","0","0","0","0","","","","","","1.000","","17022","624641"
"Ramon Laureano","SDP","OF","138","111","975.0","216","11","6","3","3","0","1","0","0","","","","","",".974","","17128","657656"
"Taylor Ward","BAL","OF","153","152","1331.2","303","4","4","2","2","0","1","0","0","","","","","",".987","","17548","621493"
"Myles Straw","TOR","OF","142","67","698.1","181","5","1","1","0","0","2","0","0","","","","","",".995","","17620","664702"
"Andrew Benintendi","CHW","OF","69","67","564.1","141","1","3","2","1","0","1","0","0","","","","","",".979","","17901","643217"
"Ian Happ","CHC","OF","146","146","1274.1","300","5","1","0","1","0","0","0","0","","","","","",".997","","17919","664023"
"Cedric Mullins","TBR","OF","130","120","1064.1","311","2","3","1","2","0","0","0","0","","","","","",".991","","17929","656775"
"Sam Haggerty","TEX","OF","43","29","268.0","62","0","0","0","0","0","0","0","0","","","","","","1.000","","18054","664059"
"Nathan Lukes","TOR","OF","159","101","909.1","218","9","2","2","0","0","4","0","0","","","","","",".991","","18123","664770"
"Victor Robles","SEA","OF","32","26","248.1","55","1","0","0","0","0","1","0","0","","","","","","1.000","","18363","645302"
"Ronald Acuna Jr.","ATL","OF","91","89","779.2","164","5","2","2","0","0","2","0","0","","","","","",".988","","18401","660670"
"Trent Grisham","NYY","OF","140","124","1133.0","267","5","2","2","0","0","1","0","0","","","","","",".993","","18564","663757"
"Andy Ibanez","LAD","OF","1","0","1.0","0","0","0","0","0","0","0","0","0","","","","","",".000","","18819","628451"
"Jahmai Jones","DET","OF","28","5","79.0","15","0","1","1","0","0","0","0","0","","","","","",".938","","18872","663330"
"Leody Taveras","BAL","OF","57","48","444.0","112","3","4","4","0","0","0","0","0","","","","","",".966","","18900","665750"
"Lourdes Gurriel Jr.","ARI","OF","118","114","1006.1","211","6","3","1","2","0","2","0","0","","","","","",".986","","19238","666971"
"Jake Fraley","TBR","OF","69","55","482.0","130","4","3","2","1","0","0","0","0","","","","","",".978","","19260","641584"
"Adolis Garcia","PHI","OF","128","127","1124.0","268","6","2","1","1","0","1","0","0","","","","","",".993","","19287","666969"
"Randy Arozarena","SEA","OF","158","158","1408.1","297","5","5","2","3","0","1","0","0","","","","","",".984","","19290","668227"
"Alex Call","LAD","OF","104","72","671.1","162","3","0","0","0","0","0","0","0","","","","","","1.000","","19296","669743"
"Bryan Reynolds","PIT","OF","117","117","1004.0","244","4","2","1","1","0","0","0","0","","","","","",".992","","19326","668804"
"Eli White","ATL","OF","90","62","574.1","129","3","1","0","1","0","0","0","0","","","","","",".992","","19346","642201"
"Luke Raley","SEA","OF","44","24","246.0","48","1","1","0","1","0","0","0","0","","","","","",".980","","19354","670042"
"Weston Wilson","PHI","OF","27","26","186.0","31","0","0","0","0","0","0","0","0","","","","","","1.000","","19358","642215"
"Zach McKinstry","DET","OF","45","29","288.0","67","2","0","0","0","0","0","0","0","","","","","","1.000","","19392","656716"
"Andruw Monasterio","MIL","OF","2","0","2.0","0","0","0","0","0","0","0","0","0","","","","","",".000","","19455","655316"
"Tommy Edman","LAD","OF","25","19","179.0","45","2","0","0","0","0","0","0","0","","","","","","1.000","","19470","669242"
"TJ Friedl","CIN","OF","149","148","1295.0","371","4","3","3","0","0","0","0","0","","","","","",".992","","19522","670770"
"Yordan Alvarez","HOU","OF","15","15","116.0","25","0","1","1","0","0","0","0","0","","","","","",".962","","19556","670541"
"Brent Rooker","ATH","OF","28","27","216.0","43","2","1","1","0","0","1","0","0","","","","","",".978","","19627","667670"
"Fernando Tatis Jr.","SDP","OF","153","153","1299.0","351","5","3","2","1","0","4","0","0","","","","","",".992","","19709","665487"
"Dairon Blanco","KCR","OF","6","3","27.0","6","0","0","0","0","0","0","0","0","","","","","","1.000","","19779","680118"
"Gavin Sheets","SDP","OF","64","60","479.0","94","3","1","0","1","0","0","0","0","","","","","",".990","","19901","657757"
"Jesus Sanchez","HOU","OF","138","112","977.2","225","3","7","4","3","0","0","0","0","","","","","",".970","","19913","660821"
"Daulton Varsho","TOR","OF","68","63","550.1","146","1","1","1","0","0","0","0","0","","","","","",".993","","19918","662139"
"Blake Perkins","MIL","OF","52","39","374.2","113","1","1","1","0","0","0","0","0","","","","","",".991","","19921","663368"
"Josh Lowe","LAA","OF","103","97","854.1","186","3","1","0","1","0","2","0","0","","","","","",".995","","19953","666139"
"Gavin Lux","TBR","OF","54","49","392.2","71","2","2","0","2","0","0","0","0","","","","","",".973","","19955","666158"
"Mickey Moniak","COL","OF","125","103","887.0","242","3","7","5","2","0","1","0","0","","","","","",".972","","19956","666160"
"Bryce Johnson","SDP","OF","54","16","217.2","59","0","0","0","0","0","0","0","0","","","","","","1.000","","20002","669369"
"Miles Mastrobuoni","SEA","OF","25","11","113.1","28","0","0","0","0","0","0","0","0","","","","","","1.000","","20017","670156"
"Luis Robert Jr.","CHW","OF","105","102","865.2","289","2","1","1","0","0","0","0","0","","","","","",".997","","20043","673357"
"Juan Soto","NYM","OF","157","157","1374.0","249","8","1","1","0","0","1","0","0","","","","","",".996","","20123","665742"
"Miguel Vargas","CHW","OF","1","0","1.0","1","0","0","0","0","0","0","0","0","","","","","","1.000","","20178","678246"
"Brandon Marsh","PHI","OF","148","104","952.0","234","6","4","2","2","0","1","0","0","","","","","",".984","","20202","669016"
"Jo Adell","LAA","OF","158","143","1259.0","333","4","7","6","1","0","1","0","0","","","","","",".980","","20220","666176"
"Jake Meyers","HOU","OF","104","95","844.0","227","1","1","1","0","0","0","0","0","","","","","",".996","","20308","676694"
"Jared Young","NYM","OF","1","0","3.0","1","0","0","0","0","0","0","0","0","","","","","","1.000","","20404","676724"
"William Contreras","MIL","OF","1","0","1.0","0","0","0","0","0","0","0","0","0","","","","","",".000","","20503","661388"
"Drew Waters","KCR","OF","84","55","508.2","120","1","3","3","0","0","0","0","0","","","","","",".976","","20505","671221"
"Nolan Jones","CLE","OF","149","102","892.0","212","8","1","1","0","0","1","0","0","","","","","",".995","","20529","666134"
"Vidal Brujan","MIN","OF","14","4","53.0","13","0","0","0","0","0","0","0","0","","","","","","1.000","","20536","660644"
"Kody Clemens","MIN","OF","23","12","119.0","24","2","0","0","0","0","0","0","0","","","","","","1.000","","20572","665019"
"Ivan Herrera","STL","OF","4","4","31.0","9","0","0","0","0","0","0","0","0","","","","","","1.000","","20599","671056"
"Leo Rivas","SEA","OF","2","1","9.1","3","0","0","0","0","0","0","0","0","","","","","","1.000","","21009","660844"
"Lars Nootbaar","STL","OF","142","129","1128.0","223","3","1","1","0","0","0","0","0","","","","","",".996","","21454","663457"
"Brandon Lockridge","MIL","OF","64","37","360.2","92","3","2","2","0","0","1","0","0","","","","","",".979","","21496","663604"
"Trevor Larnach","MIN","OF","63","53","441.0","118","1","0","0","0","0","0","0","0","","","","","","1.000","","21501","663616"
"Jonathan India","KCR","OF","21","18","146.0","30","1","1","0","1","0","0","0","0","","","","","",".969","","21523","663697"
"Matt Vierling","DET","OF","29","23","203.0","54","1","0","0","0","0","0","0","0","","","","","","1.000","","21558","663837"
"Kyle Isbel","KCR","OF","135","118","1032.0","329","3","1","0","1","0","2","0","0","","","","","",".997","","21614","664728"
"Jake McCarthy","COL","OF","63","57","483.1","131","1","0","0","0","0","1","0","0","","","","","","1.000","","21622","664983"
"Griffin Conine","MIA","OF","25","20","177.0","36","1","0","0","0","0","0","0","0","","","","","","1.000","","21626","665052"
"Oswaldo Cabrera","NYY","OF","2","0","2.0","0","0","0","0","0","0","0","0","0","","","","","",".000","","21707","665828"
"Oneil Cruz","PIT","OF","125","120","1061.1","302","6","11","9","2","0","2","0","0","","","","","",".966","","21711","665833"
"Enmanuel Valdez","PIT","OF","1","0","0.1","0","0","0","0","0","0","0","0","0","","","","","",".000","","21716","665839"
"Jose Fermin","STL","OF","5","2","24.0","4","0","0","0","0","0","0","0","0","","","","","","1.000","","21746","665877"
"Esteury Ruiz","MIA","OF","17","6","60.1","12","0","1","1","0","0","0","0","0","","","","","",".923","","21780","665923"
"Carlos Cortes","ATH","OF","29","21","191.0","37","1","1","1","0","0","0","0","0","","","","","",".974","","21842","666126"
"Will Benson","CIN","OF","85","61","573.0","155","3","2","1","1","0","1","0","0","","","","","",".988","","21853","666181"
"Jerar Encarnacion","SFG","OF","16","12","105.0","28","1","0","0","0","0","0","0","0","","","","","","1.000","","21871","666464"
"Christopher Morel","MIA","OF","70","58","480.2","101","2","3","1","2","0","0","0","0","","","","","",".972","","21897","666624"
"Dane Myers","CIN","OF","110","82","752.2","216","7","3","1","2","0","1","0","0","","","","","",".987","","22054","667472"
"Ryan Vilade","TBR","OF","7","3","34.0","8","0","0","0","0","0","0","0","0","","","","","","1.000","","22165","668723"
"Akil Baddoo","MIL","OF","8","5","45.0","14","1","0","0","0","0","1","0","0","","","","","","1.000","","22168","668731"
"Jeremiah Jackson","BAL","OF","34","31","250.0","62","3","1","1","0","0","0","0","0","","","","","",".985","","22239","669236"
"Jack Suwinski","PIT","OF","60","43","397.1","107","1","1","1","0","0","0","0","0","","","","","",".991","","22244","669261"
"Heliot Ramos","SFG","OF","154","153","1332.2","284","5","9","5","4","0","1","0","0","","","","","",".970","","22515","671218"
"Johnathan Rodriguez","CLE","OF","28","20","177.1","39","0","3","3","0","0","0","0","0","","","","","",".929","","22530","671286"
"Tyler Freeman","COL","OF","67","60","509.1","105","2","1","1","0","0","0","0","0","","","","","",".991","","22532","671289"
"George Valera","CLE","OF","5","4","32.0","5","0","0","0","0","0","0","0","0","","","","","","1.000","","22541","671655"
"Lawrence Butler","ATH","OF","151","140","1236.1","366","4","2","1","1","0","1","0","0","","","","","",".995","","22542","671732"
"Michael Siani","LAD","OF","17","5","59.1","15","0","0","0","0","0","0","0","0","","","","","","1.000","","22557","672279"
"Tirso Ornelas","SDP","OF","6","4","33.0","9","0","0","0","0","0","0","0","0","","","","","","1.000","","22566","672359"
"Maikel Garcia","KCR","OF","7","5","37.1","7","0","0","0","0","0","0","0","0","","","","","","1.000","","22715","672580"
"Steward Berroa","MIL","OF","2","2","13.0","2","1","0","0","0","0","0","0","0","","","","","","1.000","","22766","672642"
"Wenceel Perez","DET","OF","113","92","817.1","179","5","3","2","1","0","0","0","0","","","","","",".984","","22857","672761"
"Eric Wagaman","MIN","OF","22","14","118.1","31","0","0","0","0","0","0","0","0","","","","","","1.000","","23395","676572"
"Jose Caballero","NYY","OF","50","25","256.2","57","2","1","1","0","0","2","0","0","","","","","",".983","","23401","676609"
"Davis Schneider","TOR","OF","59","44","347.0","85","1","2","2","0","0","0","0","0","","","","","",".977","","23565","676914"
"Everson Pereira","CHW","OF","22","19","162.2","33","1","0","0","0","0","0","0","0","","","","","","1.000","","23695","677592"
"Julio Rodriguez","SEA","OF","159","158","1406.1","431","6","4","3","1","0","2","0","0","","","","","",".991","","23697","677594"
"Ezequiel Duran","TEX","OF","11","5","55.0","14","1","0","0","0","0","0","0","0","","","","","","1.000","","23733","677649"
"Wilyer Abreu","BOS","OF","104","95","847.1","215","7","5","4","1","0","3","0","0","","","","","",".978","","23772","677800"
"Blaze Alexander","ARI","OF","7","3","28.0","7","1","0","0","0","0","0","0","0","","","","","","1.000","","23789","677942"
"Alek Thomas","ARI","OF","139","121","1080.1","325","3","3","0","3","0","0","0","0","","","","","",".991","","23792","677950"
"Parker Meadows","DET","OF","57","55","468.0","118","1","1","0","1","0","0","0","0","","","","","",".992","","23800","678009"
"Jorge Barrosa","ARI","OF","33","17","176.1","54","0","0","0","0","0","0","0","0","","","","","","1.000","","23968","678489"
"Ceddanne Rafaela","BOS","OF","141","129","1167.1","319","8","5","2","3","0","0","0","0","","","","","",".985","","24262","678882"
"Johan Rojas","PHI","OF","65","46","418.2","111","3","2","1","1","0","1","0","0","","","","","",".983","","24336","679032"
"Max Schuemann","ATH","OF","13","5","50.0","6","0","0","0","0","0","0","0","0","","","","","","1.000","","24488","680474"
"Richie Palacios","TBR","OF","7","4","34.0","6","0","0","0","0","0","0","0","0","","","","","","1.000","","24589","680700"
"Addison Barger","TOR","OF","57","49","413.0","88","9","3","2","1","0","3","0","0","","","","","",".970","","24598","680718"
"Michael Helman","TEX","OF","35","29","259.2","89","1","0","0","0","0","1","0","0","","","","","","1.000","","24605","680737"
"Steven Kwan","CLE","OF","153","152","1329.0","309","13","8","0","8","0","2","0","0","","","","","",".976","","24610","680757"
"Jarren Duran","BOS","OF","169","151","1346.0","289","10","7","6","1","0","0","0","0","","","","","",".977","","24617","680776"
"Brendan Donovan","STL","OF","18","18","152.0","33","2","0","0","0","0","1","0","0","","","","","","1.000","","24679","680977"
"James Outman","MIN","OF","64","37","354.2","87","0","1","0","1","0","0","0","0","","","","","",".989","","24770","681546"
"Andy Pages","LAD","OF","199","155","1369.0","354","10","11","6","4","0","5","0","0","","","","","",".971","","24816","681624"
"Heriberto Hernandez","MIA","OF","51","42","346.0","81","0","3","3","0","0","0","0","0","","","","","",".964","","24878","681715"
"Justin Dean","CHC","OF","17","0","23.2","7","0","0","0","0","0","0","0","0","","","","","","1.000","","25005","681909"
"Nate Eaton","BOS","OF","25","14","134.0","26","1","0","0","0","0","1","0","0","","","","","","1.000","","25055","681987"
"Daniel Schneemann","CLE","OF","44","28","223.1","67","2","0","0","0","0","0","0","0","","","","","","1.000","","25180","682177"
"Isaac Collins","KCR","OF","116","97","876.2","172","2","5","3","2","0","0","0","0","","","","","",".972","","25477","686555"
"Brenton Doyle","COL","OF","131","125","1090.2","375","6","2","2","0","0","2","0","0","","","","","",".995","","25479","686668"
"Nick Sogard","BOS","OF","3","2","17.0","3","0","0","0","0","0","0","0","0","","","","","","1.000","","25483","686765"
"Korey Lee","CHW","OF","1","0","2.0","2","0","1","1","0","0","0","0","0","","","","","",".667","","25543","686676"
"Cody Freeman","TEX","OF","9","4","34.2","9","0","0","0","0","0","0","0","0","","","","","","1.000","","25629","683227"
"Grant McCray","SFG","OF","23","6","73.1","11","1","2","0","2","0","1","0","0","","","","","",".857","","25690","687529"
"Tyler Tolbert","KCR","OF","46","10","140.0","37","1","0","0","0","0","0","0","0","","","","","","1.000","","25779","686475"
"Ryan Kreidler","MIN","OF","17","14","117.1","34","0","0","0","0","0","0","0","0","","","","","","1.000","","25867","668952"
"Corbin Carroll","ARI","OF","141","136","1218.1","303","9","1","0","1","0","3","0","0","","","","","",".997","","25878","682998"
"Michael Harris II","ATL","OF","160","157","1397.0","402","1","1","0","1","0","0","0","0","","","","","",".998","","25931","671739"
"Kerry Carpenter","DET","OF","79","72","601.2","136","2","3","3","0","0","0","0","0","","","","","",".979","","25961","681481"
"Kevin Alcantara","CHC","OF","7","3","37.0","7","1","0","0","0","0","1","0","0","","","","","","1.000","","25971","682634"
"Riley Greene","DET","OF","141","131","1146.1","286","2","2","2","0","0","0","0","0","","","","","",".993","","25976","682985"
"Nasim Nunez","WSN","OF","2","0","7.0","4","0","0","0","0","0","0","0","0","","","","","","1.000","","25979","683083"
"Matthew Lugo","LAA","OF","28","14","147.2","27","1","2","2","0","0","0","0","0","","","","","",".933","","25980","683090"
"Victor Mesa Jr.","MIA","OF","16","9","92.1","25","0","0","0","0","0","0","0","0","","","","","","1.000","","25999","683748"
"Troy Johnston","COL","OF","24","19","138.0","27","0","1","1","0","0","0","0","0","","","","","",".964","","26143","687859"
"Kyle Stowers","MIA","OF","129","96","857.0","219","6","1","1","0","0","0","0","0","","","","","",".996","","26151","669065"
"Jake Mangum","PIT","OF","136","102","933.1","225","6","0","0","0","0","0","0","0","","","","","","1.000","","26202","663968"
"Tyler Fitzgerald","SFG","OF","3","3","21.0","7","0","0","0","0","0","0","0","0","","","","","","1.000","","26208","666149"
"John Rave","KCR","OF","81","48","431.2","104","3","3","3","0","0","1","0","0","","","","","",".973","","26284","670231"
"Spencer Steer","CIN","OF","12","8","73.0","13","1","0","0","0","0","0","0","0","","","","","","1.000","","26323","668715"
"Jonny DeLuca","TBR","OF","19","16","140.0","40","1","0","0","0","0","0","0","0","","","","","","1.000","","26365","676356"
"JJ Bleday","CIN","OF","90","78","714.2","206","3","4","3","1","0","1","0","0","","","","","",".981","","26368","668709"
"Kameron Misner","KCR","OF","71","57","503.2","145","2","3","2","1","0","1","0","0","","","","","",".980","","26374","670224"
"Josh Smith","TEX","OF","17","16","126.0","29","1","0","0","0","0","0","0","0","","","","","","1.000","","26396","669701"
"Kyren Paris","LAA","OF","24","21","187.0","54","1","0","0","0","0","0","0","0","","","","","","1.000","","26420","677347"
"Dominic Canzone","SEA","OF","70","63","539.1","111","4","1","1","0","0","1","0","0","","","","","",".991","","26438","686527"
"Matt Wallner","MIN","OF","85","81","654.1","144","3","3","0","3","0","0","0","0","","","","","",".980","","26466","670242"
"Luis Matos","SFG","OF","51","46","394.0","82","0","4","2","2","0","0","0","0","","","","","",".953","","26467","682641"
"Noelvi Marte","CIN","OF","56","49","445.1","95","3","0","0","0","0","1","0","0","","","","","","1.000","","26517","682622"
"Angel Martinez","CLE","OF","118","88","827.0","226","4","5","2","3","0","0","0","0","","","","","",".979","","26540","682657"
"Luisangel Acuna","NYM","OF","2","0","3.0","1","0","0","0","0","0","0","0","0","","","","","","1.000","","26548","682668"
"Jonatan Clase","TOR","OF","36","30","254.1","59","1","0","0","0","0","0","0","0","","","","","","1.000","","26599","682729"
"Austin Martin","MIN","OF","48","35","338.0","82","2","0","0","0","0","0","0","0","","","","","","1.000","","27462","668885"
"Tyler Soderstrom","ATH","OF","108","100","867.2","231","11","2","2","0","0","2","0","0","","","","","",".992","","27467","691016"
"Jordan Walker","STL","OF","108","101","885.1","204","5","4","1","3","0","2","0","0","","","","","",".981","","27475","691023"
"Robert Hassell III","WSN","OF","68","51","473.0","131","2","1","1","0","0","1","0","0","","","","","",".993","","27482","690987"
"Rece Hinds","CIN","OF","14","13","107.2","28","1","0","0","0","0","1","0","0","","","","","","1.000","","27493","677956"
"Owen Caissie","MIA","OF","8","6","50.1","14","0","0","0","0","0","0","0","0","","","","","","1.000","","27496","683357"
"Tyler Callihan","CIN","OF","3","3","16.2","2","0","0","0","0","0","0","0","0","","","","","","1.000","","27497","682997"
"Nick Yorke","PIT","OF","4","3","23.0","5","0","0","0","0","0","0","0","0","","","","","","1.000","","27504","694377"
"Garrett Mitchell","MIL","OF","25","21","179.2","68","1","0","0","0","0","1","0","0","","","","","","1.000","","27555","669003"
"Alec Burleson","STL","OF","75","72","588.0","122","2","1","0","1","0","1","0","0","","","","","",".992","","27615","676475"
"Nick Loftin","KCR","OF","38","23","208.0","34","0","0","0","0","0","0","0","0","","","","","","1.000","","27630","679845"
"Michael Massey","KCR","OF","14","9","85.0","24","1","1","1","0","0","0","0","0","","","","","",".962","","27684","686681"
"Joey Wiemer","WSN","OF","23","16","149.0","38","1","0","0","0","0","0","0","0","","","","","","1.000","","27690","686894"
"Pete Crow-Armstrong","CHC","OF","156","153","1357.0","427","5","2","2","0","0","2","0","0","","","","","",".995","","27769","691718"
"Zac Veen","COL","OF","10","10","85.0","16","0","0","0","0","0","0","0","0","","","","","","1.000","","27770","691728"
"Shay Whitcomb","HOU","OF","1","0","2.0","0","0","0","0","0","0","0","0","0","","","","","",".000","","27789","694376"
"Evan Carter","TEX","OF","60","51","460.0","123","2","0","0","0","0","0","0","0","","","","","","1.000","","27790","694497"
"Alejandro Osuna","TEX","OF","58","43","388.0","88","2","0","0","0","0","0","0","0","","","","","","1.000","","27915","696030"
"Petey Halpin","CLE","OF","5","1","15.0","2","0","0","0","0","0","0","0","0","","","","","","1.000","","27931","690984"
"Jasson Dominguez","NYY","OF","100","94","793.0","181","2","2","1","1","0","0","0","0","","","","","",".989","","28080","691176"
"Jhostynxon Garcia","PIT","OF","4","3","25.0","3","0","0","0","0","0","0","0","0","","","","","","1.000","","28142","691373"
"Javier Sanoja","MIA","OF","49","26","235.1","55","3","0","0","0","0","0","0","0","","","","","","1.000","","28253","691594"
"Yanquiel Fernandez","COL","OF","22","17","147.0","41","4","2","1","1","0","1","0","0","","","","","",".957","","28552","692585"
"Jackson Chourio","MIL","OF","149","129","1138.2","285","5","2","2","0","0","0","0","0","","","","","",".993","","28806","694192"
"Blake Dunn","CIN","OF","32","18","178.1","60","0","0","0","0","0","0","0","0","","","","","","1.000","","29487","694362"
"Jackson Merrill","SDP","OF","114","114","1001.1","284","9","1","1","0","0","1","0","0","","","","","",".997","","29490","701538"
"James Wood","WSN","OF","123","123","1067.1","231","5","3","3","0","0","0","0","0","","","","","",".987","","29518","695578"
"Bryce Teodosio","LAA","OF","50","49","406.0","140","0","1","1","0","0","0","0","0","","","","","",".993","","29524","669326"
"Tim Tawa","ARI","OF","35","18","169.0","43","0","0","0","0","0","0","0","0","","","","","","1.000","","29571","694374"
"Billy Cook","PIT","OF","3","1","9.0","3","0","0","0","0","0","0","0","0","","","","","","1.000","","29573","695257"
"Colton Cowser","BAL","OF","93","86","766.2","206","4","2","1","1","0","1","0","0","","","","","",".991","","29591","681297"
"Justyn-Henry Malloy","TBR","OF","20","11","87.0","24","0","0","0","0","0","0","0","0","","","","","","1.000","","29606","669234"
"Sal Frelick","MIL","OF","148","136","1188.0","294","10","3","2","1","0","2","0","0","","","","","",".990","","29622","686217"
"Joey Loperfido","TOR","OF","41","26","227.0","58","1","0","0","0","0","0","0","0","","","","","","1.000","","29630","694388"
"Denzel Clarke","ATH","OF","47","44","383.2","173","1","3","3","0","0","0","0","0","","","","","",".983","","29858","672016"
"Jacob Young","WSN","OF","112","105","901.1","278","4","0","0","0","0","0","0","0","","","","","","1.000","","29931","696285"
"Tyler Black","MIL","OF","2","0","8.1","0","0","0","0","0","0","0","0","0","","","","","",".000","","29949","672012"
"Daylen Lile","WSN","OF","76","73","624.1","151","2","1","1","0","0","0","0","0","","","","","",".994","","29995","695734"
"Tristan Peters","CHW","OF","4","4","29.0","9","0","0","0","0","0","0","0","0","","","","","","1.000","","30063","671976"
"Seiya Suzuki","CHC","OF","48","47","414.2","91","1","3","3","0","0","1","0","0","","","","","",".968","","30116","673548"
"Heston Kjerstad","BAL","OF","53","45","370.1","70","4","0","0","0","0","0","0","0","","","","","","1.000","","31166","677008"
"Victor Scott II","STL","OF","147","126","1118.0","333","4","6","5","1","0","3","0","0","","","","","",".983","","31349","687363"
"Nathan Church","STL","OF","30","17","164.1","55","2","1","1","0","0","0","0","0","","","","","",".983","","31357","701675"
"Graham Pauley","MIA","OF","1","0","0.0","0","0","0","0","0","0","0","0","0","","","","","",".000","","31363","688363"
"Jakob Marsee","MIA","OF","63","53","475.0","140","1","1","1","0","0","0","0","0","","","","","",".993","","31370","805300"
"Brooks Baldwin","CHW","OF","83","64","551.1","126","4","6","5","1","0","2","0","0","","","","","",".956","","31394","681460"
"Jordan Beck","COL","OF","140","133","1159.1","270","12","3","3","0","0","2","0","0","","","","","",".989","","31431","687597"
"Drew Gilbert","SFG","OF","38","30","271.0","67","2","0","0","0","0","0","0","0","","","","","","1.000","","31545","687551"
"Zach Dezenzo","HOU","OF","26","25","194.0","44","2","1","1","0","0","0","0","0","","","","","",".979","","31562","701305"
"Alan Roden","MIN","OF","58","39","357.0","93","3","1","1","0","0","1","0","0","","","","","",".990","","31564","702176"
"Zach Cole","HOU","OF","17","13","116.0","27","1","0","0","0","0","0","0","0","","","","","","1.000","","31583","805904"
"Jacob Melton","TBR","OF","31","22","202.2","46","1","0","0","0","0","1","0","0","","","","","","1.000","","31661","689200"
"Dylan Beavers","BAL","OF","41","34","300.1","59","1","3","2","1","0","0","0","0","","","","","",".952","","31695","687637"
"Otto Kemp","PHI","OF","11","7","63.0","13","1","0","0","0","0","0","0","0","","","","","","1.000","","31792","805249"
"Rhylan Thomas","SEA","OF","3","2","22.0","8","0","0","0","0","0","0","0","0","","","","","","1.000","","31793","689041"
"Roman Anthony","BOS","OF","55","49","442.1","91","2","1","1","0","0","0","0","0","","","","","",".989","","31812","701350"
"Masataka Yoshida","BOS","OF","6","5","41.0","5","0","0","0","0","0","0","0","0","","","","","","1.000","","31837","807799"
"Colby Thomas","ATH","OF","48","29","269.2","64","2","0","0","0","0","0","0","0","","","","","","1.000","","31855","687515"
"Chandler Simpson","TBR","OF","112","99","873.0","196","5","1","0","1","0","1","0","0","","","","","",".995","","31912","802415"
"Wyatt Langford","TEX","OF","149","133","1160.2","302","4","2","1","1","0","0","0","0","","","","","",".994","","33333","694671"
"Dylan Crews","WSN","OF","87","81","713.0","186","4","7","5","2","0","1","0","0","","","","","",".964","","33541","686611"
"Kyle Teel","CHW","OF","1","0","1.0","0","0","0","0","0","0","0","0","0","","","","","",".000","","33549","691019"
"Kristian Campbell","BOS","OF","9","8","69.0","13","0","0","0","0","0","0","0","0","","","","","","1.000","","33644","692225"
"C.J. Kayfus","CLE","OF","29","26","205.0","47","0","0","0","0","0","0","0","0","","","","","","1.000","","33704","692216"
"Jung Hoo Lee","SFG","OF","147","144","1275.2","315","7","3","1","2","0","2","0","0","","","","","",".991","","33824","808982"
"Jac Caglianone","KCR","OF","52","51","402.1","92","1","2","2","0","0","0","0","0","","","","","",".979","","35041","695506"
"Cam Smith","HOU","OF","132","122","1079.1","250","6","2","1","0","0","0","0","0","","","","","",".992","","35108","701358"
"Hyeseong Kim","LAD","OF","17","9","85.1","25","1","0","0","0","0","0","0","0","","","","","","1.000","","35322","808975"
