Name,Team,G,AB,PA,H,1B,2B,3B,HR,R,RBI,BB,IBB,SO,HBP,SF,SH,GDP,SB,CS,AVG,NameASCII,PlayerId,MLBAMID
"Ryne Nelson","ARI",34,1,1,1,1,0,0,0,1,1,0,0,0,0,0,0,0,0,0,1,"Ryne Nelson",26253,669194
"Jonathan Ornelas","ATL",2,4,4,2,2,0,0,0,1,0,0,0,0,0,0,0,0,0,0,0.5,"Jonathan Ornelas",24597,680716
"Trey Lipscomb","WSN",3,4,4,2,2,0,0,0,1,0,0,0,1,0,0,0,0,0,0,0.5,"Trey Lipscomb",31567,702358
"Rob Brantly","MIA",3,7,7,3,3,0,0,0,0,1,0,0,1,0,0,0,0,0,0,0.428571428,"Rob Brantly",10655,542963
"Austin Wynns","CIN",18,40,43,16,10,3,0,3,6,11,3,0,12,0,0,0,1,0,0,0.4,"Austin Wynns",15271,642851
"Kevin Alcántara","CHC",10,11,12,4,4,0,0,0,2,1,1,0,4,0,0,0,0,1,0,0.363636363,"Kevin Alcantara",25971,682634
"Miguel Andujar","CIN",34,103,110,37,26,7,0,4,14,17,6,0,19,1,0,0,3,0,0,0.3592233,"Miguel Andujar",15878,609280
"Bryce Johnson","SDP",55,76,84,26,21,4,0,1,9,8,3,0,19,2,0,3,1,4,1,0.342105263,"Bryce Johnson",20002,669369
"Billy Cook","PIT",3,6,6,2,2,0,0,0,1,0,0,0,1,0,0,0,0,0,0,0.333333333,"Billy Cook",29573,695257
"Andrew Vaughn","MIL",64,221,254,68,45,14,0,9,26,46,24,0,37,3,5,1,8,0,0,0.307692307,"Andrew Vaughn",26197,683734
"Drew Millas","WSN",18,49,55,15,9,5,1,0,6,7,4,0,7,0,0,1,0,2,0,0.306122448,"Drew Millas",25643,686452
"Harrison Bader","PHI",50,177,194,54,37,11,1,5,30,16,12,0,55,4,1,0,2,1,3,0.305084745,"Harrison Bader",18030,664056
"Trea Turner","PHI",141,589,639,179,126,31,7,15,94,69,43,1,107,5,2,0,11,36,7,0.303904923,"Trea Turner",16252,607208
"Daylen Lile","WSN",91,321,351,96,61,15,11,9,51,41,21,0,56,4,3,1,5,8,6,0.29906542,"Daylen Lile",29995,695734
"Moisés Ballesteros","CHC",20,57,66,17,12,2,1,2,12,11,9,1,12,0,0,0,2,0,0,0.298245614,"Moises Ballesteros",28820,694208
"Nico Hoerner","CHC",156,599,649,178,138,29,4,7,89,61,39,1,49,7,4,0,4,29,6,0.297161936,"Nico Hoerner",21479,663538
"Will Smith","LAD",110,362,436,107,69,20,1,17,64,61,64,1,89,5,5,0,7,2,3,0.29558011,"Will Smith",19197,669257
"Freddie Freeman","LAD",147,556,627,164,99,39,2,24,81,90,60,7,128,6,5,0,13,6,2,0.294964028,"Freddie Freeman",5361,518692
"Josh Naylor","ARI",93,349,394,102,71,19,1,11,49,59,37,4,49,2,4,0,14,11,2,0.29226361,"Josh Naylor",18839,647304
"Luis Arraez","SDP",154,620,675,181,139,30,4,8,66,61,34,0,21,2,7,12,12,11,4,0.291935483,"Luis Arraez",18568,650333
"Jakob Marsee","MIA",55,209,234,61,35,18,3,5,28,33,22,0,48,2,1,0,2,14,6,0.291866028,"Jakob Marsee",31370,805300
"Ronald Acuña Jr.","ATL",95,338,412,98,64,12,1,21,74,42,71,4,102,3,0,0,5,9,1,0.289940828,"Ronald Acuna Jr.",18401,660670
"Geraldo Perdomo","ARI",161,597,720,173,115,33,5,20,98,100,94,1,83,10,11,8,11,27,6,0.289782244,"Geraldo Perdomo",22799,672695
"Alec Burleson","STL",139,497,546,144,98,26,2,18,54,69,39,1,79,3,4,1,14,5,1,0.28973843,"Alec Burleson",27615,676475
"Kyle Stowers","MIA",117,399,457,115,66,21,3,25,61,73,48,3,125,5,4,1,6,5,1,0.288220551,"Kyle Stowers",26151,669065
"Sal Frelick","MIL",142,528,594,152,117,20,3,12,76,63,47,0,80,7,5,3,4,19,6,0.287878787,"Sal Frelick",29622,686217
"Brice Turang","MIL",156,584,659,168,120,28,2,18,97,81,66,1,150,2,5,2,3,24,8,0.287671232,"Brice Turang",22186,668930
"Brendan Donovan","STL",118,460,515,132,90,32,0,10,64,50,42,3,67,7,4,2,4,3,3,0.286956521,"Brendan Donovan",24679,680977
"Alec Bohm","PHI",120,464,504,133,101,18,3,11,53,59,29,0,82,5,6,0,16,2,0,0.286637931,"Alec Bohm",21618,664761
"Brian Navarreto","MIA",8,14,15,4,1,2,0,1,3,5,0,0,3,0,1,0,0,0,0,0.285714285,"Brian Navarreto",16398,640459
"Gabriel Moreno","ARI",83,277,309,79,57,12,1,9,44,40,29,3,53,1,2,0,6,2,2,0.285198555,"Gabriel Moreno",22664,672515
"Dominic Smith","SFG",63,204,225,58,41,12,0,5,26,33,15,0,42,2,4,0,5,2,0,0.284313725,"Dominic Smith",15653,642086
"Iván Herrera","STL",107,388,452,110,78,13,0,19,54,66,43,1,84,15,4,0,20,8,2,0.283505154,"Ivan Herrera",20599,671056
"Xavier Edwards","MIA",139,561,619,159,131,20,5,3,75,43,49,2,88,3,3,3,6,27,7,0.283422459,"Xavier Edwards",22266,669364
"Ketel Marte","ARI",126,480,556,136,80,28,0,28,87,72,64,6,83,9,3,0,12,4,2,0.283333333,"Ketel Marte",13613,606466
"José Fermín","STL",30,60,70,17,11,5,0,1,5,9,8,0,10,1,0,1,0,2,2,0.283333333,"Jose Fermin",21746,665877
"Shohei Ohtani","LAD",158,611,727,172,83,25,9,55,146,102,109,20,187,3,2,0,9,20,6,0.281505728,"Shohei Ohtani",19755,660271
"Miguel Amaya","CHC",28,96,103,27,14,9,0,4,14,25,4,0,22,1,1,1,0,0,0,0.28125,"Miguel Amaya",21693,665804
"Tyler Freeman","COL",110,377,428,106,82,20,2,2,50,31,34,0,51,11,4,2,10,18,9,0.281167108,"Tyler Freeman",22532,671289
"Brandon Marsh","PHI",133,379,425,106,68,25,2,11,59,43,38,1,110,0,4,3,2,7,1,0.279683377,"Brandon Marsh",20202,669016
"Hyeseong Kim","LAD",71,161,170,45,35,6,1,3,19,17,7,0,52,1,0,1,0,13,1,0.279503105,"Hyeseong Kim",35322,808975
"Hunter Goodman","COL",144,540,579,150,86,28,5,31,73,91,33,0,152,4,2,0,16,1,2,0.277777777,"Hunter Goodman",29715,696100
"Troy Johnston","MIA",44,112,121,31,24,2,1,4,12,13,8,0,26,1,0,0,1,2,2,0.276785714,"Troy Johnston",26143,687859
"Ryan O'Hearn","SDP",50,163,183,45,35,6,0,4,22,20,16,1,46,3,1,0,1,0,0,0.276073619,"Ryan O'Hearn",16442,656811
"Edmundo Sosa","PHI",89,243,261,67,43,12,1,11,30,39,10,0,56,2,2,3,7,1,1,0.275720164,"Edmundo Sosa",17022,624641
"Manny Machado","SDP",159,615,678,169,109,33,0,27,91,95,55,4,131,3,5,0,16,14,3,0.274796747,"Manny Machado",11493,592518
"Drake Baldwin","ATL",124,405,446,111,72,18,2,19,56,80,38,0,68,3,0,0,9,0,0,0.274074074,"Drake Baldwin",31539,686948
"Matt Olson","ATL",162,624,724,170,98,41,2,29,98,95,91,2,176,4,5,0,14,1,0,0.272435897,"Matt Olson",14344,621566
"Pete Alonso","NYM",162,624,709,170,90,41,1,38,87,126,61,5,162,15,9,0,23,1,2,0.272435897,"Pete Alonso",19251,624413
"Spencer Horwitz","PIT",108,364,411,99,62,26,0,11,55,51,44,1,73,2,1,0,7,0,1,0.271978021,"Spencer Horwitz",26477,687462
"Andy Pages","LAD",156,581,624,158,103,27,1,27,74,86,29,0,135,8,6,0,9,14,7,0.271944922,"Andy Pages",24816,681624
"Amed Rosario","WSN",47,148,158,40,27,8,0,5,19,18,7,0,22,2,1,0,5,1,0,0.27027027,"Amed Rosario",15518,642708
"Andruw Monasterio","MIL",68,126,135,34,21,9,0,4,19,16,7,0,32,2,0,0,1,2,1,0.269841269,"Andruw Monasterio",19455,655316
"Starling Marte","NYM",98,293,329,79,56,14,0,9,37,34,22,0,68,9,4,1,7,7,2,0.269624573,"Starling Marte",9241,516782
"Mickey Moniak","COL",135,434,461,117,65,20,8,24,62,68,22,1,110,2,3,0,4,9,3,0.269585253,"Mickey Moniak",19956,666160
"Jackson Chourio","MIL",131,549,589,148,88,35,4,21,88,78,30,1,121,3,6,1,13,21,7,0.269581056,"Jackson Chourio",28806,694192
"Ildemaro Vargas","ARI",38,115,121,31,25,2,1,3,12,19,2,0,15,2,1,1,3,0,0,0.269565217,"Ildemaro Vargas",13324,545121
"Ramón Laureano","SDP",50,182,198,49,29,9,2,9,27,30,13,0,47,2,1,0,4,3,1,0.269230769,"Ramon Laureano",17128,657656
"Gavin Lux","CIN",140,446,503,120,85,28,2,5,49,53,56,0,114,0,1,0,3,1,0,0.269058295,"Gavin Lux",19955,666158
"Fernando Tatis Jr.","SDP",155,594,691,159,105,27,2,25,111,71,89,7,129,6,2,0,6,32,7,0.267676767,"Fernando Tatis Jr.",19709,665487
"Francisco Lindor","NYM",160,644,732,172,106,35,0,31,117,86,65,2,131,16,7,0,9,31,6,0.267080745,"Francisco Lindor",12916,596019
"Alex Call","- - -",110,270,322,72,52,13,2,5,43,31,36,0,55,6,4,6,6,2,1,0.266666666,"Alex Call",19296,669743
"Jung Hoo Lee","SFG",150,560,617,149,98,31,12,8,73,55,47,0,71,6,4,0,2,10,3,0.266071428,"Jung Hoo Lee",33824,808982
"Kyle Tucker","CHC",136,500,597,133,82,25,4,22,91,73,87,7,88,4,3,1,8,25,3,0.266,"Kyle Tucker",18345,663656
"Austin Hays","CIN",103,380,416,101,65,16,5,15,60,64,29,2,107,1,6,0,9,7,0,0.265789473,"Austin Hays",19363,669720
"Heriberto Hernández","MIA",87,256,294,68,45,12,1,10,40,45,31,0,77,3,4,0,6,1,1,0.265625,"Heriberto Hernandez",24878,681715
"Christian Koss","SFG",76,174,191,46,34,9,0,3,25,23,9,0,45,3,2,3,4,4,1,0.264367816,"Christian Koss",27653,683766
"Isiah Kiner-Falefa","PIT",119,401,428,106,83,20,2,1,40,35,17,0,69,4,1,5,9,15,4,0.264339152,"Isiah Kiner-Falefa",16512,643396
"Elly De La Cruz","CIN",162,629,699,166,106,31,7,22,102,86,67,10,181,2,1,0,14,37,8,0.263910969,"Elly De La Cruz",26668,682829
"Jackson Merrill","SDP",115,440,483,116,69,25,6,16,59,67,33,1,108,4,5,1,4,1,2,0.263636363,"Jackson Merrill",29490,701538
"Christian Yelich","MIL",150,573,644,151,101,21,0,29,88,103,64,6,167,6,1,0,6,16,6,0.263525305,"Christian Yelich",11477,592885
"Isaac Collins","MIL",130,372,441,98,64,22,3,9,56,54,57,0,93,6,3,3,8,16,7,0.26344086,"Isaac Collins",25477,686555
"Juan Soto","NYM",160,577,715,152,88,20,1,43,120,105,127,13,137,3,6,1,17,38,4,0.263431542,"Juan Soto",20123,665742
"José Azocar","- - -",14,19,21,5,5,0,0,0,5,1,2,0,1,0,0,0,0,1,0,0.263157894,"Jose Azocar",18821,640492
"Xander Bogaerts","SDP",136,491,552,129,88,30,0,11,63,53,48,3,94,4,8,1,12,20,2,0.262729124,"Xander Bogaerts",12161,593428
"Noelvi Marte","CIN",90,339,360,89,56,17,2,14,45,51,16,0,85,3,2,0,7,10,3,0.262536873,"Noelvi Marte",26517,682622
"Brandon Nimmo","NYM",155,587,652,154,102,27,0,25,81,92,50,1,141,7,7,1,8,13,1,0.262350936,"Brandon Nimmo",12927,607043
"Miguel Rojas","LAD",114,290,317,76,51,18,0,7,35,27,24,1,46,0,0,3,7,5,0,0.262068965,"Miguel Rojas",7802,500743
"Bryce Harper","PHI",132,501,580,131,72,32,0,27,72,75,70,6,121,6,3,0,5,12,2,0.261477045,"Bryce Harper",11579,547180
"Michael Busch","CHC",155,524,592,137,73,25,5,34,78,90,56,2,139,10,2,0,2,4,0,0.261450381,"Michael Busch",26319,683737
"TJ Friedl","CIN",152,579,685,151,113,22,2,14,82,53,81,0,115,16,5,4,7,12,3,0.260794473,"TJ Friedl",19522,670770
"James McCann","ARI",42,123,137,32,21,6,0,5,18,17,8,0,33,4,1,1,3,0,0,0.260162601,"James McCann",12859,543510
"Nick Gonzales","PIT",96,381,408,99,73,18,3,5,39,30,21,0,73,2,4,0,12,0,2,0.259842519,"Nick Gonzales",27490,693304
"William Contreras","MIL",150,566,659,147,102,28,0,17,89,76,84,4,120,3,6,0,14,6,4,0.259717314,"William Contreras",20503,661388
"Austin Riley","ATL",102,416,447,108,71,20,1,16,54,54,27,1,128,3,1,0,9,2,1,0.259615384,"Austin Riley",18360,663586
"Corbin Carroll","ARI",143,564,642,146,66,32,17,31,107,84,67,4,153,7,4,0,6,32,6,0.258865248,"Corbin Carroll",25878,682998
"Pavin Smith","ARI",87,244,288,63,37,17,1,8,36,28,41,1,92,0,2,0,7,2,2,0.258196721,"Pavin Smith",19892,656976
"Thomas Saggese","STL",82,275,295,71,52,17,0,2,25,25,16,0,83,1,2,1,5,3,0,0.258181818,"Thomas Saggese",27883,695336
"Mookie Betts","LAD",150,589,663,152,107,23,2,20,95,82,61,2,68,3,10,0,15,8,2,0.258064516,"Mookie Betts",13611,605141
"Jordan Beck","COL",148,539,588,139,91,27,5,16,62,53,43,0,174,4,1,0,9,19,8,0.257884972,"Jordan Beck",31431,687597
"Willson Contreras","STL",135,490,563,126,74,31,1,20,70,80,44,1,142,23,4,1,15,5,1,0.257142857,"Willson Contreras",11609,575929
"J.T. Realmuto","PHI",134,502,550,129,90,26,1,12,57,52,35,1,129,9,3,0,13,8,2,0.256972111,"J.T. Realmuto",11739,592663
"CJ Abrams","WSN",144,580,635,149,90,35,5,19,92,60,37,1,125,14,3,1,5,31,3,0.256896551,"CJ Abrams",25768,682928
"Bryson Stott","PHI",147,499,560,128,90,22,3,13,66,66,54,1,91,1,4,2,4,24,5,0.256513026,"Bryson Stott",26294,681082
"Heliot Ramos","SFG",157,620,695,159,113,24,1,21,85,69,52,2,158,17,6,0,16,6,4,0.256451612,"Heliot Ramos",22515,671218
"Jorge Alfaro","WSN",14,39,39,10,8,2,0,0,3,3,0,0,14,0,0,0,0,1,0,0.256410256,"Jorge Alfaro",12180,595751
"Caleb Durbin","MIL",136,445,506,114,78,25,0,11,60,53,30,0,50,24,4,3,10,18,6,0.256179775,"Caleb Durbin",29646,702332
"Francisco Alvarez","NYM",76,246,277,63,39,12,1,11,32,32,27,0,73,4,0,0,6,0,0,0.25609756,"Francisco Alvarez",26121,682626
"James Wood","WSN",157,598,689,153,84,38,0,31,87,94,85,8,221,3,3,0,12,15,7,0.255852842,"James Wood",29518,695578
"Jesús Sánchez","MIA",86,305,337,78,52,12,4,10,40,36,29,1,70,1,2,0,8,9,2,0.255737704,"Jesus Sanchez",19913,660821
"Adam Frazier","PIT",78,235,262,60,47,10,0,3,22,21,17,2,45,6,3,1,8,7,5,0.255319148,"Adam Frazier",15223,624428
"Sal Stewart","CIN",18,55,58,14,8,1,0,5,11,8,3,0,15,0,0,0,1,0,0,0.254545454,"Sal Stewart",31505,701398
"Brett Baty","NYM",130,393,432,100,67,13,2,18,53,50,33,0,108,2,3,0,6,8,0,0.254452926,"Brett Baty",26123,683146
"Danny Jansen","MIL",25,67,78,17,11,3,0,3,10,7,9,0,18,1,1,0,1,0,0,0.253731343,"Danny Jansen",16535,643376
"Thairo Estrada","COL",39,154,165,39,27,9,0,3,14,21,6,0,26,2,3,0,6,1,3,0.253246753,"Thairo Estrada",16426,642731
"Griffin Conine","MIA",24,79,86,20,11,7,0,2,13,8,7,0,25,0,0,0,0,0,1,0.253164556,"Griffin Conine",21626,665052
"Ha-Seong Kim","ATL",24,87,98,22,18,1,0,3,14,12,8,0,16,1,2,0,2,0,1,0.252873563,"Ha-Seong Kim",27506,673490
"Ezequiel Tovar","COL",95,360,390,91,60,18,4,9,44,33,21,0,98,1,2,6,2,5,3,0.252777777,"Ezequiel Tovar",24064,678662
"Masyn Winn","STL",129,491,537,124,88,27,0,9,72,51,34,0,102,8,2,2,11,9,5,0.252545824,"Masyn Winn",27479,691026
"Luis García Jr.","WSN",139,488,526,123,78,28,1,16,67,66,27,1,84,2,9,0,7,14,5,0.25204918,"Luis Garcia Jr.",20391,671277
"Gavin Sheets","SDP",145,492,545,124,76,28,1,19,57,71,44,1,107,5,4,0,9,2,1,0.25203252,"Gavin Sheets",19901,657757
"Warming Bernabel","COL",40,139,146,35,22,8,1,4,15,14,7,0,25,0,0,0,2,1,1,0.251798561,"Warming Bernabel",26536,682653
"Connor Norby","MIA",88,311,337,78,52,17,1,8,42,34,18,0,90,5,3,0,3,8,2,0.250803858,"Connor Norby",29592,681393
"Nick Castellanos","PHI",147,547,589,137,91,27,2,17,72,72,32,0,133,4,6,0,13,4,0,0.250457038,"Nick Castellanos",11737,592206
"Cal Stevenson","PHI",5,8,8,2,2,0,0,0,0,1,0,0,2,0,0,0,0,0,0,0.25,"Cal Stevenson",22411,670276
"Eric Wagaman","MIA",140,476,514,119,79,28,3,9,56,53,32,0,100,1,5,0,11,4,1,0.25,"Eric Wagaman",23395,676572
"Jack Winkler","MIA",14,16,16,4,2,2,0,0,2,0,0,0,4,0,0,0,0,1,0,0.25,"Jack Winkler",29830,676466
"Tyler Black","MIL",5,8,13,2,1,1,0,0,1,1,5,0,1,0,0,0,0,0,1,0.25,"Tyler Black",29949,672012
"Alek Thomas","ARI",143,433,469,108,77,19,3,9,51,38,21,0,122,5,4,6,2,7,4,0.249422632,"Alek Thomas",23792,677950
"Carson Kelly","CHC",111,369,421,92,61,13,1,17,48,50,45,0,80,3,4,0,11,2,0,0.249322493,"Carson Kelly",13620,608348
"Joey Bart","PIT",93,285,332,71,54,12,1,4,21,30,40,0,93,7,0,0,14,1,1,0.249122807,"Joey Bart",21524,663698
"Michael Harris II","ATL",160,611,641,152,100,26,6,20,55,86,16,1,128,3,7,4,7,20,6,0.248772504,"Michael Harris II",25931,671739
"Eugenio Suárez","ARI",106,387,437,96,41,19,0,36,64,87,29,1,117,15,6,0,7,1,0,0.248062015,"Eugenio Suarez",12552,553993
"Lourdes Gurriel Jr.","ARI",129,500,546,124,79,24,2,19,52,80,31,0,76,6,9,0,11,10,4,0.248,"Lourdes Gurriel Jr.",19238,666971
"Keibert Ruiz","WSN",68,255,267,63,49,12,0,2,19,25,8,0,26,3,1,0,4,0,2,0.247058823,"Keibert Ruiz",19610,660688
"Pete Crow-Armstrong","CHC",157,591,647,146,74,37,4,31,91,95,29,1,155,9,12,6,1,35,8,0.247038917,"Pete Crow-Armstrong",27769,691718
"Liam Hicks","MIA",119,332,390,82,62,13,1,6,37,45,43,0,56,9,3,3,5,2,0,0.246987951,"Liam Hicks",29844,689414
"Teoscar Hernández","LAD",134,511,546,126,71,29,1,25,65,89,26,0,134,3,5,0,13,5,2,0.246575342,"Teoscar Hernandez",13066,606192
"Otto Lopez","MIA",143,544,594,134,98,21,0,15,66,77,44,2,82,3,3,0,9,15,6,0.246323529,"Otto Lopez",19608,672640
"Jake Cronenworth","SDP",135,419,515,103,71,20,1,11,61,59,69,1,107,15,7,4,4,3,3,0.245823389,"Jake Cronenworth",18036,630105
"Bryan Reynolds","PIT",154,587,654,144,87,38,3,16,68,73,57,1,173,7,3,0,15,3,2,0.245315161,"Bryan Reynolds",19326,668804
"Jurickson Profar","ATL",80,318,371,78,47,16,1,14,56,43,48,0,59,5,0,0,4,9,2,0.245283018,"Jurickson Profar",10815,595777
"Seiya Suzuki","CHC",151,571,651,140,74,31,3,32,75,103,71,1,164,1,8,0,13,5,2,0.245183887,"Seiya Suzuki",30116,673548
"Tommy Pham","PIT",120,392,449,96,68,17,1,10,44,52,50,3,94,2,5,0,12,5,3,0.244897959,"Tommy Pham",2967,502054
"Vidal Bruján","- - -",60,86,94,21,16,5,0,0,14,8,6,0,21,1,1,0,1,2,1,0.244186046,"Vidal Brujan",20536,660644
"Freddy Fermin","SDP",42,127,139,31,23,6,0,2,15,14,6,0,28,0,0,6,3,0,0,0.244094488,"Freddy Fermin",21840,666023
"Dansby Swanson","CHC",159,590,645,144,93,24,3,24,84,77,47,1,168,2,5,1,9,20,3,0.244067796,"Dansby Swanson",18314,621020
"José Tena","WSN",50,152,169,37,22,13,2,0,19,16,15,0,37,1,1,0,4,3,1,0.243421052,"Jose Tena",23691,677588
"Jeff McNeil","NYM",122,399,462,97,59,21,5,12,42,54,49,4,55,8,4,2,5,3,0,0.243107769,"Jeff McNeil",15362,643446
"Max Muncy","LAD",100,313,388,76,45,10,2,19,48,67,64,2,83,6,5,0,4,4,0,0.242811501,"Max Muncy",13301,571970
"Javier Sanoja","MIA",120,313,342,76,44,22,4,6,40,38,19,0,41,2,4,4,2,6,5,0.242811501,"Javier Sanoja",28253,691594
"Ian Happ","CHC",150,569,663,138,83,32,0,23,87,79,87,2,151,2,5,0,8,6,3,0.242530755,"Ian Happ",17919,664023
"Santiago Espinal","CIN",114,301,328,73,61,12,0,0,25,16,21,0,38,1,2,3,11,2,1,0.242524916,"Santiago Espinal",19997,669289
"Adrian Del Castillo","ARI",44,120,131,29,19,6,0,4,9,17,8,0,47,1,2,0,2,0,0,0.241666666,"Adrian Del Castillo",29554,680728
"Wilmer Flores","SFG",125,419,463,101,75,10,0,16,44,71,34,0,88,7,3,0,14,1,0,0.241050119,"Wilmer Flores",5827,527038
"Jake Fraley","- - -",76,191,217,46,31,9,0,6,31,23,25,1,49,1,0,0,1,4,3,0.240837696,"Jake Fraley",19260,641584
"Blaine Crim","COL",15,54,61,13,6,2,0,5,9,12,5,0,22,0,2,0,0,0,0,0.24074074,"Blaine Crim",25714,688760
"Ryan Ritter","COL",60,187,207,45,32,9,3,1,22,18,10,0,61,5,1,4,7,3,1,0.240641711,"Ryan Ritter",31500,690022
"Ozzie Albies","ATL",157,603,667,145,104,23,2,16,74,74,55,2,94,4,5,0,9,14,3,0.240464344,"Ozzie Albies",16556,645277
"Nick Fortes","MIA",59,129,141,31,22,6,1,2,11,10,7,0,22,2,1,2,4,0,0,0.240310077,"Nick Fortes",21538,663743
"Kyle Schwarber","PHI",162,604,724,145,64,23,2,56,111,132,108,6,197,11,1,0,4,10,2,0.240066225,"Kyle Schwarber",16478,656941
"Randal Grichuk","ARI",70,175,188,42,19,15,1,7,25,22,10,1,39,0,3,0,5,0,1,0.24,"Randal Grichuk",10243,545341
"Andrew McCutchen","PIT",135,477,551,114,79,22,0,13,51,57,67,5,118,2,3,0,12,1,1,0.23899371,"Andrew McCutchen",9847,457705
"Alex Verdugo","ATL",56,197,213,47,37,10,0,0,21,12,14,0,31,2,0,0,1,1,0,0.23857868,"Alex Verdugo",17027,657077
"Spencer Steer","CIN",146,509,568,121,77,21,2,21,66,75,51,0,129,5,2,1,12,7,1,0.237721021,"Spencer Steer",26323,668715
"Jose Trevino","CIN",94,282,302,67,43,20,0,4,30,22,15,0,39,0,4,1,9,0,0,0.237588652,"Jose Trevino",16725,624431
"Josh Bell","WSN",140,468,533,111,72,16,1,22,54,63,57,1,88,5,3,0,15,0,3,0.237179487,"Josh Bell",13145,605137
"Casey Schmitt","SFG",95,312,348,74,47,15,0,12,34,40,27,1,83,5,3,1,6,0,0,0.237179487,"Casey Schmitt",27577,669477
"Nolan Arenado","STL",107,401,436,95,64,18,1,12,48,52,28,4,49,3,4,0,10,3,0,0.23690773,"Nolan Arenado",9777,571448
"Rhys Hoskins","MIL",90,279,328,66,41,12,1,12,30,43,38,2,91,5,6,0,6,2,1,0.236559139,"Rhys Hoskins",16472,656555
"Joey Wiemer","MIA",27,55,61,13,8,2,0,3,7,12,2,1,23,2,2,0,0,0,0,0.236363636,"Joey Wiemer",27690,686894
"Rafael Devers","SFG",90,335,395,79,44,15,0,20,52,51,56,3,116,2,2,0,9,0,0,0.235820895,"Rafael Devers",17350,646240
"Ke'Bryan Hayes","- - -",152,527,570,124,100,16,3,5,50,49,36,1,111,5,1,1,13,12,3,0.235294117,"Ke'Bryan Hayes",18577,663647
"Luken Baker","STL",19,34,41,8,5,3,0,0,3,2,7,0,10,0,0,0,3,0,0,0.235294117,"Luken Baker",21497,663609
"Michael Siani","STL",19,17,19,4,4,0,0,0,4,0,2,0,7,0,0,0,0,0,0,0.235294117,"Michael Siani",22557,672279
"Jake Bauers","MIL",86,183,218,43,27,9,0,7,28,28,32,1,59,2,1,0,1,8,1,0.234972677,"Jake Bauers",15194,641343
"Dane Myers","MIA",106,307,333,72,56,10,0,6,29,31,23,0,77,2,1,0,12,18,5,0.234527687,"Dane Myers",22054,667472
"Eli White","ATL",105,256,271,60,39,8,3,10,43,35,11,1,70,2,1,1,2,10,1,0.234375,"Eli White",19346,642201
"Luisangel Acuña","NYM",95,175,193,41,34,7,0,0,30,8,13,0,37,2,1,2,6,16,1,0.234285714,"Luisangel Acuna",26548,682668
"Nacho Alvarez Jr.","ATL",58,188,208,44,30,12,0,2,18,15,12,0,49,5,1,2,1,0,0,0.234042553,"Nacho Alvarez Jr.",31765,805373
"Lars Nootbaar","STL",135,509,583,119,81,24,1,13,68,48,64,3,119,6,3,1,4,4,5,0.233791748,"Lars Nootbaar",21454,663457
"Ronny Simon","- - -",27,77,88,18,15,3,0,0,10,7,8,0,15,0,2,1,1,1,0,0.233766233,"Ronny Simon",25346,682927
"Brady House","WSN",73,261,274,61,46,11,0,4,26,29,8,0,78,0,5,0,11,5,3,0.233716475,"Brady House",29993,691781
"Otto Kemp","PHI",62,197,218,46,27,11,0,8,26,28,12,0,67,7,2,0,4,2,2,0.233502538,"Otto Kemp",31792,805249
"Mark Vientos","NYM",121,424,463,99,59,21,2,17,44,61,30,0,115,5,4,0,11,1,0,0.233490566,"Mark Vientos",22184,668901
"Brenton Doyle","COL",138,502,538,117,77,23,2,15,57,57,30,0,138,0,4,2,14,18,2,0.233067729,"Brenton Doyle",25479,686668
"Marcell Ozuna","ATL",145,487,592,113,73,19,0,21,61,68,94,2,144,3,7,0,11,0,0,0.232032854,"Marcell Ozuna",10324,542303
"Nick Yorke","PIT",22,69,72,16,12,3,0,1,7,8,3,0,15,0,0,0,1,1,0,0.231884057,"Nick Yorke",27504,694377
"Nasim Nuñez","WSN",39,82,92,19,13,2,0,4,13,13,8,0,20,0,1,1,1,9,1,0.231707317,"Nasim Nunez",25979,683083
"Jacob Young","WSN",120,324,364,75,62,10,1,2,34,31,27,0,65,3,1,9,7,15,11,0.231481481,"Jacob Young",29931,696285
"Brandon Lockridge","- - -",67,134,148,31,23,7,1,0,17,11,8,0,36,1,2,3,2,10,1,0.231343283,"Brandon Lockridge",21496,663604
"Matt Chapman","SFG",128,454,535,105,59,23,2,21,76,61,71,1,126,6,4,0,8,9,4,0.231277533,"Matt Chapman",16505,656305
"Yohel Pozo","STL",67,160,168,37,24,8,0,5,16,19,7,0,22,0,1,0,4,0,0,0.23125,"Yohel Pozo",18848,650968
"Agustín Ramírez","MIA",136,537,585,124,69,33,1,21,72,67,36,2,113,8,4,0,13,16,3,0.230912476,"Agustin Ramirez",26546,682663
"Tyler Stephenson","CIN",88,299,342,69,38,18,0,13,40,50,37,1,116,2,4,0,4,0,1,0.23076923,"Tyler Stephenson",17988,663886
"Mike Yastrzemski","SFG",97,321,372,74,51,14,1,8,38,28,47,4,86,1,1,2,4,6,2,0.230529595,"Mike Yastrzemski",14854,573262
"Blaze Alexander","ARI",74,230,266,53,33,12,1,7,31,28,22,0,86,10,1,3,5,4,6,0.230434782,"Blaze Alexander",23789,677942
"Pedro Pagés","STL",112,361,389,83,57,15,0,11,38,45,19,1,107,3,3,3,9,0,0,0.229916897,"Pedro Pages",25782,686780
"Joey Ortiz","MIL",149,470,506,108,82,18,1,7,62,45,27,0,74,3,0,6,10,14,3,0.229787234,"Joey Ortiz",25493,687401
"Jose Iglesias","SDP",112,306,343,70,56,11,0,3,29,36,24,0,56,7,2,4,7,5,1,0.228758169,"Jose Iglesias",10231,578428
"Jesse Winker","NYM",26,70,81,16,8,5,2,1,8,10,9,1,21,0,2,0,1,1,0,0.228571428,"Jesse Winker",13590,608385
"Eric Haase","MIL",30,70,77,16,11,3,0,2,11,9,4,0,31,2,0,1,1,0,0,0.228571428,"Eric Haase",14111,606992
"Paul DeJong","WSN",57,193,208,44,28,10,0,6,18,23,11,0,70,1,3,0,3,4,0,0.227979274,"Paul DeJong",18015,657557
"Kyle Farmer","COL",97,277,300,63,41,14,0,8,24,31,17,0,66,4,2,0,9,0,1,0.227436823,"Kyle Farmer",14813,571657
"Jared Triolo","PIT",107,331,376,75,48,18,2,7,41,24,39,1,76,2,1,3,4,13,2,0.226586102,"Jared Triolo",25807,669707
"Matt Shaw","CHC",126,393,437,89,52,21,3,13,57,44,38,0,94,2,4,0,2,17,5,0.226463104,"Matt Shaw",33322,807713
"Kyle Karros","COL",43,137,156,31,26,4,0,1,20,9,15,0,41,2,2,0,5,0,0,0.226277372,"Kyle Karros",33252,691720
"Ronny Mauricio","NYM",61,168,184,38,26,6,0,6,19,10,15,1,54,1,0,0,5,4,0,0.226190476,"Ronny Mauricio",23698,677595
"Will Benson","CIN",90,230,253,52,30,8,2,12,31,41,16,1,67,1,6,0,4,2,2,0.226086956,"Will Benson",21853,666181
"Luis Torrens","NYM",93,261,283,59,39,14,1,5,20,29,19,0,56,2,0,1,7,1,0,0.226053639,"Luis Torrens",15905,620443
"Blake Perkins","MIL",54,155,171,35,24,6,2,3,25,19,15,0,47,1,0,0,4,7,2,0.225806451,"Blake Perkins",19921,663368
"Reese McGuire","CHC",45,133,140,30,19,2,0,9,17,24,4,0,27,0,2,1,3,0,0,0.225563909,"Reese McGuire",15674,624512
"Nick Martini","COL",43,102,111,23,18,4,0,1,9,4,9,1,18,0,0,0,1,0,0,0.225490196,"Nick Martini",12005,605361
"Tommy Edman","LAD",97,346,377,78,51,13,1,13,49,49,19,0,61,6,5,1,4,3,1,0.225433526,"Tommy Edman",19470,669242
"Willy Adames","SFG",160,591,686,133,79,22,2,30,94,87,80,2,179,5,9,0,9,12,4,0.225042301,"Willy Adames",15986,642715
"Yanquiel Fernández","COL",52,138,147,31,22,5,0,4,13,11,8,0,44,0,1,0,4,0,0,0.224637681,"Yanquiel Fernandez",28552,692585
"Ben Rortvedt","LAD",18,49,58,11,8,2,0,1,7,4,4,0,9,2,0,3,1,0,0,0.224489795,"Ben Rortvedt",20287,666163
"Johan Rojas","PHI",71,152,172,34,28,3,2,1,23,18,13,0,40,0,3,4,2,12,2,0.22368421,"Johan Rojas",24336,679032
"Graham Pauley","MIA",62,161,184,36,22,9,1,4,18,11,21,0,36,0,1,1,1,2,0,0.223602484,"Graham Pauley",31363,688363
"Robert Hassell III","WSN",70,197,206,44,32,9,0,3,22,18,8,0,62,1,0,0,4,4,0,0.223350253,"Robert Hassell III",27482,690987
"Tyrone Taylor","NYM",113,310,341,69,46,18,3,2,34,27,16,1,76,9,2,3,4,12,2,0.222580645,"Tyrone Taylor",13675,621438
"Patrick Bailey","SFG",135,409,452,91,64,18,3,6,47,55,30,0,133,3,6,4,7,1,0,0.222493887,"Patrick Bailey",27478,672275
"Keston Hiura","COL",8,18,21,4,3,1,0,0,3,1,0,0,7,3,0,0,0,0,0,0.222222222,"Keston Hiura",20003,669374
"Nick Allen","ATL",135,371,416,82,71,11,0,0,32,22,31,0,99,3,3,8,8,8,7,0.221024258,"Nick Allen",22277,669397
"Luis Matos","SFG",57,172,184,38,20,9,1,8,26,22,11,0,27,0,1,0,5,4,0,0.220930232,"Luis Matos",26467,682641
"Andrew Knizner","SFG",33,77,88,17,14,1,1,1,12,5,7,0,10,2,1,1,0,0,0,0.22077922,"Andrew Knizner",19514,668800
"Oscar Gonzalez","SDP",21,59,61,13,12,1,0,0,2,4,2,0,13,0,0,0,1,0,1,0.220338983,"Oscar Gonzalez",20970,660757
"Matt McLain","CIN",147,510,577,112,79,18,0,15,73,50,55,0,167,5,4,3,8,18,2,0.219607843,"Matt McLain",29695,680574
"Justin Turner","CHC",80,169,191,37,27,7,0,3,14,18,17,0,37,1,4,0,3,2,0,0.218934911,"Justin Turner",5235,457759
"Alexander Canario","PIT",87,216,234,47,34,6,1,6,25,20,17,0,80,0,1,0,5,3,1,0.217592592,"Alexander Canario",22842,672744
"Ryan McMahon","COL",100,350,401,76,44,15,1,16,42,35,49,1,127,1,1,0,4,2,1,0.217142857,"Ryan McMahon",15112,641857
"Tyler Fitzgerald","SFG",72,217,243,47,32,10,1,4,19,14,17,0,70,2,1,6,3,9,4,0.216589861,"Tyler Fitzgerald",26208,666149
"Victor Scott II","STL",138,398,463,86,65,15,1,5,54,37,42,0,111,10,3,10,3,34,4,0.216080402,"Victor Scott II",31349,687363
"Nathaniel Lowe","WSN",119,440,490,95,60,17,2,16,50,68,47,0,130,1,2,0,5,1,0,0.21590909,"Nathaniel Lowe",19566,663993
"Max Kepler","PHI",127,417,474,90,53,19,0,18,58,52,48,3,93,4,4,1,10,3,0,0.215827338,"Max Kepler",12144,596146
"Stuart Fairchild","ATL",28,51,55,11,6,4,1,0,7,2,4,0,15,0,0,0,2,2,1,0.215686274,"Stuart Fairchild",20321,656413
"Jordan Walker","STL",111,363,396,78,58,13,1,6,40,41,29,1,126,3,1,0,9,10,3,0.214876033,"Jordan Walker",27475,691023
"Austin Barnes","LAD",13,42,44,9,6,3,0,0,4,2,1,0,14,0,0,1,1,0,0,0.214285714,"Austin Barnes",12158,605131
"Gage Workman","CHC",9,14,15,3,2,1,0,0,0,2,1,0,6,0,0,0,0,1,0,0.214285714,"Gage Workman",27573,669398
"Braxton Fulford","COL",38,108,120,23,15,5,2,1,11,16,7,0,36,2,3,0,1,1,0,0.212962962,"Braxton Fulford",29704,690924
"Derek Hill","MIA",53,127,141,27,18,6,0,3,19,10,9,0,46,2,0,3,3,7,0,0.212598425,"Derek Hill",16947,656537
"Jon Berti","CHC",53,100,107,21,19,2,0,0,12,2,5,0,22,2,0,0,1,11,3,0.21,"Jon Berti",12037,542932
"Rafael Marchán","PHI",42,105,118,22,16,4,0,2,9,13,10,0,17,1,1,1,1,0,0,0.209523809,"Rafael Marchan",21646,665561
"Enmanuel Valdez","PIT",31,91,102,19,11,4,2,2,7,12,11,0,16,0,0,0,2,0,0,0.208791208,"Enmanuel Valdez",21716,665839
"Dylan Crews","WSN",85,293,322,61,41,8,2,10,43,27,24,0,76,5,0,0,4,17,5,0.208191126,"Dylan Crews",33541,686611
"Christian Encarnacion-Strand","CIN",36,130,137,27,17,4,0,6,13,19,3,0,32,2,2,0,1,0,2,0.207692307,"Christian Encarnacion-Strand",30011,687952
"Sam Huff","SFG",20,53,58,11,8,1,0,2,5,4,4,0,25,0,1,0,2,0,0,0.207547169,"Sam Huff",22209,669087
"Garrett Mitchell","MIL",25,68,78,14,9,4,1,0,9,3,7,0,25,1,1,1,0,3,0,0.205882352,"Garrett Mitchell",27555,669003
"Tyler Wade","SDP",60,107,127,22,19,1,2,0,13,9,15,0,31,1,0,4,0,1,2,0.205607476,"Tyler Wade",15730,642180
"Nolan Gorman","STL",111,351,402,72,43,14,1,14,48,46,47,2,136,0,4,0,1,1,1,0.205128205,"Nolan Gorman",22263,669357
"Dalton Rushing","LAD",53,142,155,29,20,5,0,4,15,24,10,0,58,1,2,0,1,0,0,0.204225352,"Dalton Rushing",31382,687221
"Martín Maldonado","SDP",64,147,161,30,20,6,0,4,11,12,8,0,57,0,0,6,3,0,0,0.204081632,"Martin Maldonado",6887,455117
"Elias Díaz","SDP",106,255,283,52,36,7,0,9,34,29,21,0,74,2,0,5,11,0,0,0.203921568,"Elias Diaz",11680,553869
"Jake McCarthy","ARI",67,206,222,42,26,7,5,4,18,20,10,0,40,2,1,3,2,6,0,0.203883495,"Jake McCarthy",21622,664983
"Maximo Acosta","MIA",19,54,61,11,7,1,0,3,7,5,6,0,17,1,0,0,0,1,2,0.203703703,"Maximo Acosta",27963,691185
"Enrique Hernández","LAD",93,232,256,47,29,8,0,10,30,35,18,0,68,0,5,1,7,0,0,0.202586206,"Enrique Hernandez",10472,571771
"Orlando Arcia","- - -",76,203,214,41,30,7,1,3,13,13,10,0,47,0,1,0,4,0,1,0.201970443,"Orlando Arcia",13185,606115
"Tim Tawa","ARI",74,199,225,40,25,8,0,7,29,18,20,0,64,1,3,2,6,8,2,0.201005025,"Tim Tawa",29571,694374
"Chris Taylor","LAD",28,35,35,7,5,2,0,0,4,2,0,0,13,0,0,0,1,0,1,0.2,"Chris Taylor",13757,621035
"Jerar Encarnacion","SFG",19,55,56,11,6,3,0,2,5,7,1,0,15,0,0,0,3,1,0,0.2,"Jerar Encarnacion",21871,666464
"Liover Peguero","PIT",33,80,88,16,11,1,0,4,9,8,6,0,25,2,0,0,3,4,0,0.2,"Liover Peguero",24273,678894
"David Villar","SFG",9,20,25,4,3,1,0,0,4,1,4,0,5,1,0,0,1,0,0,0.2,"David Villar",24782,681584
"Rafael Flores","PIT",7,15,17,3,1,2,0,0,0,0,2,0,7,0,0,0,0,0,0,0.2,"Rafael Flores",31991,804668
"Oneil Cruz","PIT",135,471,544,94,53,18,3,20,62,61,64,4,174,4,5,0,6,38,5,0.199575371,"Oneil Cruz",21711,665833
"Sean Murphy","ATL",94,291,337,58,29,13,0,16,34,45,35,1,105,8,3,0,9,0,0,0.199312714,"Sean Murphy",19352,669221
"Michael Conforto","LAD",138,418,486,83,51,20,0,12,54,36,56,0,121,9,3,0,12,1,0,0.198564593,"Michael Conforto",16376,624424
"Weston Wilson","PHI",54,111,125,22,13,4,0,5,15,17,12,0,34,1,0,1,1,2,3,0.198198198,"Weston Wilson",19358,642215
"Sam Hilliard","COL",20,51,61,10,4,3,1,2,8,3,10,0,23,0,0,0,1,2,1,0.196078431,"Sam Hilliard",17954,656541
"Daz Cameron","MIL",21,41,42,8,6,1,0,1,7,3,1,0,13,0,0,0,1,1,0,0.195121951,"Daz Cameron",18353,663662
"Matt Gorski","PIT",15,41,42,8,5,0,1,2,2,4,1,0,16,0,0,0,1,0,1,0.195121951,"Matt Gorski",25855,685301
"Anthony Seigler","MIL",34,62,73,12,11,1,0,0,6,5,8,0,16,1,1,1,2,2,0,0.193548387,"Anthony Seigler",23802,678011
"Owen Caissie","CHC",12,26,27,5,3,1,0,1,4,4,1,0,11,0,0,0,0,0,0,0.192307692,"Owen Caissie",27496,683357
"Bryan De La Cruz","ATL",16,47,50,9,8,1,0,0,1,0,3,0,18,0,0,0,1,1,0,0.191489361,"Bryan De La Cruz",19600,650559
"Esteury Ruiz","LAD",19,21,23,4,3,0,0,1,2,2,2,0,8,0,0,0,0,4,0,0.19047619,"Esteury Ruiz",21780,665923
"Alex Freeland","LAD",29,84,97,16,11,2,1,2,10,6,11,0,35,1,0,1,3,1,0,0.19047619,"Alex Freeland",31665,690976
"Drew Gilbert","SFG",39,100,109,19,10,5,1,3,12,13,7,0,20,1,1,0,2,1,1,0.19,"Drew Gilbert",31545,687551
"Michael Toglia","COL",88,306,337,58,31,15,1,11,22,32,28,2,132,1,2,0,7,3,0,0.189542483,"Michael Toglia",25845,669911
"Aaron Schunk","COL",16,32,33,6,5,1,0,0,1,0,0,0,10,0,0,1,1,0,0,0.1875,"Aaron Schunk",25524,668845
"Victor Mesa Jr.","MIA",16,32,38,6,3,2,0,1,7,6,5,0,5,0,0,1,0,0,0,0.1875,"Victor Mesa Jr.",25999,683748
"Jose Herrera","ARI",58,166,204,31,23,6,0,2,21,17,23,0,47,1,3,11,2,0,0,0.186746987,"Jose Herrera",17040,645444
"Riley Adams","WSN",83,263,286,49,33,8,0,8,29,24,18,0,110,5,0,0,6,1,0,0.186311787,"Riley Adams",19864,656180
"Jared Young","NYM",23,43,47,8,3,1,0,4,5,6,2,0,16,1,1,0,1,0,0,0.186046511,"Jared Young",20404,676724
"Connor Joe","- - -",42,70,80,13,9,4,0,0,2,4,7,0,20,1,2,0,2,2,2,0.185714285,"Connor Joe",16572,656582
"Brett Wisely","- - -",26,54,63,10,5,4,0,1,5,10,7,0,14,0,0,2,0,1,1,0.185185185,"Brett Wisely",27735,689172
"Austin Nola","COL",15,38,41,7,6,1,0,0,2,1,2,0,5,0,0,1,2,0,0,0.184210526,"Austin Nola",15941,543592
"Cedric Mullins","NYM",42,121,143,22,15,4,1,2,16,10,16,0,35,2,2,2,0,8,0,0.181818181,"Cedric Mullins",17929,656775
"Andrés Chaparro","WSN",34,66,73,12,9,2,0,1,4,5,5,0,22,1,1,0,0,0,0,0.181818181,"Andres Chaparro",21797,665953
"Jordan Lawlar","ARI",28,66,74,12,5,7,0,0,9,5,6,0,26,1,1,0,0,2,0,0.181818181,"Jordan Lawlar",29976,691783
"Hayden Senger","NYM",33,72,78,13,12,1,0,0,8,4,3,0,22,1,1,1,3,0,0,0.180555555,"Hayden Senger",21489,663584
"Nathan Church","STL",27,56,65,10,8,1,0,1,9,8,3,0,18,3,1,2,0,1,0,0.178571428,"Nathan Church",31357,701675
"Adael Amador","COL",41,113,128,20,12,7,0,1,5,10,11,0,27,1,0,3,2,1,1,0.17699115,"Adael Amador",27962,691182
"Jason Heyward","SDP",34,85,95,15,11,2,0,2,9,12,6,0,20,0,3,0,1,0,1,0.176470588,"Jason Heyward",4940,518792
"Alan Trejo","COL",14,40,43,7,5,2,0,0,3,1,1,0,7,0,1,1,3,0,0,0.175,"Alan Trejo",20056,676701
"Matt Mervis","MIA",42,120,134,21,10,4,0,7,15,14,11,1,50,2,1,0,1,0,0,0.175,"Matt Mervis",27845,670223
"Tyler Locklear","ARI",31,103,116,18,15,0,0,3,11,6,10,0,43,3,0,0,3,3,1,0.174757281,"Tyler Locklear",31396,682988
"Endy Rodríguez","PIT",18,52,57,9,5,4,0,0,5,2,5,0,14,0,0,0,0,0,1,0.173076923,"Endy Rodriguez",25332,682848
"Daniel Johnson","SFG",14,29,31,5,2,2,0,1,5,1,2,0,8,0,0,0,0,1,0,0.172413793,"Daniel Johnson",19643,669288
"Willi Castro","CHC",34,100,110,17,13,2,1,1,10,6,8,0,27,2,0,0,3,1,1,0.17,"Willi Castro",17338,650489
"LaMonte Wade Jr.","SFG",50,144,169,24,13,8,2,1,12,15,21,1,35,1,1,2,2,0,0,0.166666666,"LaMonte Wade Jr.",18126,664774
"Brett Sullivan","PIT",3,6,9,1,1,0,0,0,1,2,1,0,3,1,1,0,0,0,0,0.166666666,"Brett Sullivan",18217,664954
"Sean Bouchard","COL",32,66,73,11,9,0,1,1,7,7,7,0,27,0,0,0,2,1,1,0.166666666,"Sean Bouchard",21270,656248
"Jarred Kelenic","ATL",24,60,65,10,6,2,0,2,7,2,5,0,23,0,0,0,1,0,1,0.166666666,"Jarred Kelenic",22558,672284
"Oliver Dunn","MIL",14,36,41,6,4,2,0,0,4,6,2,0,11,0,1,2,0,1,0,0.166666666,"Oliver Dunn",26295,686554
"Tyler Callihan","CIN",4,6,6,1,1,0,0,0,0,1,0,0,1,0,0,0,0,0,0,0.166666666,"Tyler Callihan",27497,682997
"Henry Davis","PIT",87,252,283,42,28,7,0,7,25,22,18,0,76,5,3,3,2,2,1,0.166666666,"Henry Davis",29617,680779
"César Prieto","STL",3,6,6,1,1,0,0,0,0,0,0,0,5,0,0,0,0,0,0,0.166666666,"Cesar Prieto",30163,693409
"Kris Bryant","COL",11,39,41,6,4,2,0,0,2,1,2,0,13,0,0,0,1,0,0,0.153846153,"Kris Bryant",15429,592178
"Blake Dunn","CIN",30,60,75,9,6,2,0,1,10,7,8,0,25,7,0,0,1,1,1,0.15,"Blake Dunn",29487,694362
"Jack Suwinski","PIT",59,150,178,22,12,7,0,3,15,10,24,1,57,4,0,0,1,7,1,0.146666666,"Jack Suwinski",22244,669261
"Trenton Brooks","SDP",25,41,43,6,3,2,0,1,5,2,2,0,13,0,0,0,2,0,0,0.146341463,"Trenton Brooks",19384,670092
"Jacob Stallings","COL",29,84,93,12,9,3,0,0,4,6,5,0,31,3,0,1,1,0,0,0.142857142,"Jacob Stallings",13723,607732
"Garrett Hampson","- - -",62,77,91,11,9,2,0,0,19,1,11,0,29,0,0,3,2,3,1,0.142857142,"Garrett Hampson",19262,641658
"Logan Porter","SFG",5,7,9,1,1,0,0,0,2,1,1,0,2,1,0,0,0,0,0,0.142857142,"Logan Porter",20626,682515
"Owen Miller","COL",9,14,17,2,2,0,0,0,0,1,2,0,4,1,0,0,0,1,0,0.142857142,"Owen Miller",24655,680911
"Jorge Barrosa","ARI",33,71,77,10,6,3,0,1,8,7,2,0,22,1,3,0,1,0,0,0.14084507,"Jorge Barrosa",23968,678489
"Cam Devanney","PIT",14,36,38,5,4,1,0,0,1,1,2,0,21,0,0,0,1,0,1,0.138888888,"Cam Devanney",25688,687478
"José Barrero","STL",22,29,31,4,2,1,0,1,4,3,1,0,9,1,0,0,0,0,0,0.137931034,"Jose Barrero",23378,676480
"Mason McCoy","SDP",18,22,26,3,2,1,0,0,5,1,3,0,7,1,0,0,0,2,0,0.136363636,"Mason McCoy",22232,669200
"Will Wagner","SDP",15,15,17,2,2,0,0,0,2,0,2,0,2,0,0,0,1,0,0,0.133333333,"Will Wagner",29634,695238
"Jimmy Crooks","STL",15,45,46,6,4,0,1,1,3,1,0,0,17,1,0,0,1,0,0,0.133333333,"Jimmy Crooks",31354,699625
"Luke Williams","ATL",45,31,34,4,2,2,0,0,5,5,1,0,9,1,1,0,2,5,0,0.129032258,"Luke Williams",19931,663897
"Eddie Rosario","- - -",5,8,8,1,1,0,0,0,1,0,0,0,2,0,0,0,0,0,0,0.125,"Eddie Rosario",12155,592696
"Donovan Walton","PHI",2,8,9,1,1,0,0,0,1,1,0,0,1,0,0,1,0,0,0,0.125,"Donovan Walton",19314,622268
"Zac Veen","COL",12,34,37,4,2,1,0,1,1,2,2,0,14,1,0,0,0,1,1,0.117647058,"Zac Veen",27770,691728
"Rece Hinds","CIN",15,43,44,5,2,1,0,2,6,3,1,0,21,0,0,0,1,0,0,0.116279069,"Rece Hinds",27493,677956
"Jeimer Candelario","CIN",22,80,91,9,5,2,0,2,3,10,9,0,29,0,2,0,1,0,1,0.1125,"Jeimer Candelario",13621,600869
"Yuli Gurriel","SDP",16,36,40,4,3,1,0,0,2,3,4,0,8,0,0,0,0,0,0,0.111111111,"Yuli Gurriel",19198,493329
"Connor Kaiser","ARI",11,18,19,2,1,1,0,0,1,2,1,0,5,0,0,0,1,0,0,0.111111111,"Connor Kaiser",21535,663731
"Bryce Eldridge","SFG",10,28,37,3,1,2,0,0,1,4,7,0,13,1,1,0,0,0,0,0.107142857,"Bryce Eldridge",33390,805811
"Carlos Santana","CHC",8,19,19,2,1,1,0,0,0,2,0,0,5,0,0,0,0,0,0,0.105263157,"Carlos Santana",2396,467793
"James Outman","LAD",22,39,44,4,1,1,0,2,8,4,4,0,18,1,0,0,0,0,0,0.102564102,"James Outman",24770,681546
"Will Banfield","CIN",7,10,10,1,1,0,0,0,0,0,0,0,6,0,0,0,1,0,0,0.1,"Will Banfield",23790,677943
"Jonah Bride","MIA",12,40,45,4,4,0,0,0,3,2,5,1,15,0,0,0,0,0,0,0.1,"Jonah Bride",24703,681146
"Nick Solak","PIT",4,11,11,1,1,0,0,0,0,0,0,0,2,0,0,0,0,0,0,0.09090909,"Nick Solak",19294,669256
"Grant McCray","SFG",22,22,26,2,1,0,1,0,3,2,2,0,11,0,1,1,1,0,0,0.09090909,"Grant McCray",25690,687529
"Tristin English","ARI",7,22,23,2,1,1,0,0,0,1,1,0,8,0,0,0,0,0,0,0.09090909,"Tristin English",26148,663536
"Sandy León","ATL",5,12,12,1,0,0,0,1,1,3,0,0,4,0,0,0,0,0,0,0.083333333,"Sandy Leon",5273,506702
"Jacob Hurtubise","CIN",12,12,15,1,1,0,0,0,3,0,1,0,6,2,0,0,0,0,0,0.083333333,"Jacob Hurtubise",27599,674441
"Ryan Vilade","- - -",8,13,15,1,1,0,0,0,1,0,2,0,5,0,0,0,1,0,0,0.076923076,"Ryan Vilade",22165,668723
"Vinny Capra","MIL",24,54,59,4,3,0,0,1,6,4,2,0,15,1,1,1,4,1,0,0.074074074,"Vinny Capra",25040,681962
"Tirso Ornelas","SDP",7,14,16,1,1,0,0,0,0,1,2,0,2,0,0,0,1,0,0,0.071428571,"Tirso Ornelas",22566,672359
"Jose Siri","NYM",16,32,36,2,0,2,0,0,7,1,4,0,17,0,0,0,0,2,0,0.0625,"Jose Siri",17452,642350
"Nicky Lopez","CHC",14,18,22,1,1,0,0,0,2,1,4,0,3,0,0,0,1,0,0,0.055555555,"Nicky Lopez",19339,670032
"Ji Hwan Bae","PIT",13,20,25,1,1,0,0,0,4,0,5,0,9,0,0,0,0,4,1,0.05,"Ji Hwan Bae",23818,678225
"Buddy Kennedy","- - -",11,24,26,1,1,0,0,0,1,1,1,0,7,1,0,0,0,0,0,0.041666666,"Buddy Kennedy",22505,671083
"Clayton Kershaw","LAD",23,0,0,0,0,0,0,0,0,0,0,0,0,0,0,0,0,0,0,0,"Clayton Kershaw",2036,477132
"Charlie Morton","ATL",1,0,0,0,0,0,0,0,0,0,0,0,0,0,0,0,0,0,0,0,"Charlie Morton",4676,450203
"Jesse Chavez","ATL",4,0,0,0,0,0,0,0,0,0,0,0,0,0,0,0,0,0,0,0,"Jesse Chavez",5448,445926
"Ryan Brasier","CHC",28,0,0,0,0,0,0,0,0,0,0,0,0,0,0,0,0,0,0,0,"Ryan Brasier",5615,518489
"Huascar Brazobán","NYM",52,0,0,0,0,0,0,0,0,0,0,0,0,0,0,0,0,0,0,0,"Huascar Brazoban",6107,623211
"Carlos Carrasco","ATL",3,0,0,0,0,0,0,0,0,0,0,0,0,0,0,0,0,0,0,0,"Carlos Carrasco",6632,471911
"Craig Kimbrel","ATL",1,0,0,0,0,0,0,0,0,0,0,0,0,0,0,0,0,0,0,0,"Craig Kimbrel",6655,518886
"Luis García","- - -",38,0,0,0,0,0,0,0,0,0,0,0,0,0,0,0,0,0,0,0,"Luis Garcia",6984,472610
"Ryan Pressly","CHC",44,0,0,0,0,0,0,0,0,0,0,0,0,0,0,0,0,0,0,0,"Ryan Pressly",7005,519151
"David Robertson","PHI",20,0,0,0,0,0,0,0,0,0,0,0,0,0,0,0,0,0,0,0,"David Robertson",8241,502085
"Justin Verlander","SFG",29,0,0,0,0,0,0,0,0,0,0,0,0,0,0,0,0,0,0,0,"Justin Verlander",8700,434378
"Wade Miley","CIN",3,0,0,0,0,0,0,0,0,0,0,0,0,0,0,0,0,0,0,0,"Wade Miley",8779,489119
"Kirby Yates","LAD",50,0,0,0,0,0,0,0,0,0,0,0,0,0,0,0,0,0,0,0,"Kirby Yates",9073,489446
"Casey Kelly","ARI",2,0,0,0,0,0,0,0,0,0,0,0,0,0,0,0,0,0,0,0,"Casey Kelly",9174,543391
"Miles Mikolas","STL",31,0,0,0,0,0,0,0,0,0,0,0,0,0,0,0,0,0,0,0,"Miles Mikolas",9803,571945
"Brooks Raley","NYM",30,0,0,0,0,0,0,0,0,0,0,0,0,0,0,0,0,0,0,0,"Brooks Raley",10061,548384
"Caleb Thielbar","CHC",67,0,0,0,0,0,0,0,0,0,0,0,0,0,0,0,0,0,0,0,"Caleb Thielbar",10078,573204
"Shelby Miller","- - -",48,0,0,0,0,0,0,0,0,0,0,0,0,0,0,0,0,0,0,0,"Shelby Miller",10197,571946
"Zack Wheeler","PHI",24,0,0,0,0,0,0,0,0,0,0,0,0,0,0,0,0,0,0,0,"Zack Wheeler",10310,554430
"Scott Alexander","- - -",21,0,0,0,0,0,0,0,0,0,0,0,0,0,0,0,0,0,0,0,"Scott Alexander",10591,518397
"Chris Sale","ATL",21,0,0,0,0,0,0,0,0,0,0,0,0,0,0,0,0,0,0,0,"Chris Sale",10603,519242
"Merrill Kelly","ARI",22,0,0,0,0,0,0,0,0,0,0,0,0,0,0,0,0,0,0,0,"Merrill Kelly",11156,518876
"Jose Quintana","MIL",24,0,0,0,0,0,0,0,0,0,0,0,0,0,0,0,0,0,0,0,"Jose Quintana",11423,500779
"Drew Pomeranz","CHC",57,0,0,0,0,0,0,0,0,0,0,0,0,0,0,0,0,0,0,0,"Drew Pomeranz",11426,519141
"Robbie Ray","SFG",32,0,0,0,0,0,0,0,0,0,0,0,0,0,0,0,0,0,0,0,"Robbie Ray",11486,592662
"José Ureña","- - -",3,0,0,0,0,0,0,0,0,0,0,0,0,0,0,0,0,0,0,0,"Jose Urena",11589,570632
"Jameson Taillon","CHC",23,0,0,0,0,0,0,0,0,0,0,0,0,0,0,0,0,0,0,0,"Jameson Taillon",11674,592791
"Héctor Neris","ATL",2,0,0,0,0,0,0,0,0,0,0,0,0,0,0,0,0,0,0,0,"Hector Neris",11804,593576
"Taijuan Walker","PHI",34,0,0,0,0,0,0,0,0,0,0,0,0,0,0,0,0,0,0,0,"Taijuan Walker",11836,592836
"Jason Adam","SDP",65,0,0,0,0,0,0,0,0,0,0,0,0,0,0,0,0,0,0,0,"Jason Adam",11861,592094
"Scott McGough","ARI",7,0,0,0,0,0,0,0,0,0,0,0,0,0,0,0,0,0,0,0,"Scott McGough",12056,543518
"Colin Rea","CHC",32,1,1,0,0,0,0,0,0,0,0,0,1,0,0,0,0,0,0,0,"Colin Rea",12317,607067
"Blake Treinen","LAD",32,0,0,0,0,0,0,0,0,0,0,0,0,0,0,0,0,0,0,0,"Blake Treinen",12572,595014
"Nick Martinez","CIN",40,0,0,0,0,0,0,0,0,0,0,0,0,0,0,0,0,0,0,0,"Nick Martinez",12730,607259
"Rafael Montero","ATL",36,0,0,0,0,0,0,0,0,0,0,0,0,0,0,0,0,0,0,0,"Rafael Montero",12760,606160
"Chris Devenski","NYM",13,0,0,0,0,0,0,0,0,0,0,0,0,0,0,0,0,0,0,0,"Chris Devenski",12763,606965
"Sonny Gray","STL",32,0,0,0,0,0,0,0,0,0,0,0,0,0,0,0,0,0,0,0,"Sonny Gray",12768,543243
"John Brebbia","ATL",3,0,0,0,0,0,0,0,0,0,0,0,0,0,0,0,0,0,0,0,"John Brebbia",12777,605154
"Andrew Kittredge","CHC",23,0,0,0,0,0,0,0,0,0,0,0,0,0,0,0,0,0,0,0,"Andrew Kittredge",12828,552640
"Joe Ross","PHI",37,0,0,0,0,0,0,0,0,0,0,0,0,0,0,0,0,0,0,0,"Joe Ross",12972,605452
"Andrew Chafin","WSN",26,0,0,0,0,0,0,0,0,0,0,0,0,0,0,0,0,0,0,0,"Andrew Chafin",12988,605177
"Anthony DeSclafani","ARI",13,0,0,0,0,0,0,0,0,0,0,0,0,0,0,0,0,0,0,0,"Anthony DeSclafani",13050,543101
"Yu Darvish","SDP",15,0,0,0,0,0,0,0,0,0,0,0,0,0,0,0,0,0,0,0,"Yu Darvish",13074,506433
"Eduardo Rodriguez","ARI",29,0,0,0,0,0,0,0,0,0,0,0,0,0,0,0,0,0,0,0,"Eduardo Rodriguez",13164,593958
"Michael Fulmer","CHC",2,0,0,0,0,0,0,0,0,0,0,0,0,0,0,0,0,0,0,0,"Michael Fulmer",13218,605242
"Steven Matz","STL",32,0,0,0,0,0,0,0,0,0,0,0,0,0,0,0,0,0,0,0,"Steven Matz",13361,571927
"Pierce Johnson","ATL",65,0,0,0,0,0,0,0,0,0,0,0,0,0,0,0,0,0,0,0,"Pierce Johnson",13435,572955
"Taylor Rogers","- - -",57,0,0,0,0,0,0,0,0,0,0,0,0,0,0,0,0,0,0,0,"Taylor Rogers",13449,573124
"Lucas Sims","WSN",18,0,0,0,0,0,0,0,0,0,0,0,0,0,0,0,0,0,0,0,"Lucas Sims",13470,608371
"Blake Snell","LAD",11,0,0,0,0,0,0,0,0,0,0,0,0,0,0,0,0,0,0,0,"Blake Snell",13543,605483
"Clay Holmes","NYM",33,0,0,0,0,0,0,0,0,0,0,0,0,0,0,0,0,0,0,0,"Clay Holmes",13649,605280
"Tayler Scott","ARI",6,0,0,0,0,0,0,0,0,0,0,0,0,0,0,0,0,0,0,0,"Tayler Scott",13652,605463
"Chris Stratton","LAD",3,0,0,0,0,0,0,0,0,0,0,0,0,0,0,0,0,0,0,0,"Chris Stratton",13761,608717
"Travis Jankowski","NYM",5,0,1,0,0,0,0,0,1,0,0,0,0,0,0,1,0,0,0,0,"Travis Jankowski",13768,608671
"Matt Strahm","PHI",66,0,0,0,0,0,0,0,0,0,0,0,0,0,0,0,0,0,0,0,"Matt Strahm",13799,621381
"Chris Flexen","CHC",21,0,0,0,0,0,0,0,0,0,0,0,0,0,0,0,0,0,0,0,"Chris Flexen",13896,623167
"Brent Suter","CIN",48,0,0,0,0,0,0,0,0,0,0,0,0,0,0,0,0,0,0,0,"Brent Suter",13942,608718
"Wandy Peralta","SDP",71,0,0,0,0,0,0,0,0,0,0,0,0,0,0,0,0,0,0,0,"Wandy Peralta",14295,593974
"Frankie Montas","NYM",9,0,0,0,0,0,0,0,0,0,0,0,0,0,0,0,0,0,0,0,"Frankie Montas",14309,593423
"Joel Payamps","- - -",30,0,0,0,0,0,0,0,0,0,0,0,0,0,0,0,0,0,0,0,"Joel Payamps",14332,606303
"Tyler Glasnow","LAD",18,0,0,0,0,0,0,0,0,0,0,0,0,0,0,0,0,0,0,0,"Tyler Glasnow",14374,607192
"Jorge López","WSN",26,0,0,0,0,0,0,0,0,0,0,0,0,0,0,0,0,0,0,0,"Jorge Lopez",14527,605347
"José Ruiz","- - -",18,0,0,0,0,0,0,0,0,0,0,0,0,0,0,0,0,0,0,0,"Jose Ruiz",14552,614179
"Anthony Banda","LAD",71,0,0,0,0,0,0,0,0,0,0,0,0,0,0,0,0,0,0,0,"Anthony Banda",14706,607455
"Edwin Díaz","NYM",62,0,0,0,0,0,0,0,0,0,0,0,0,0,0,0,0,0,0,0,"Edwin Diaz",14710,621242
"Paul Blackburn","NYM",7,0,0,0,0,0,0,0,0,0,0,0,0,0,0,0,0,0,0,0,"Paul Blackburn",14739,621112
"Emilio Pagán","CIN",70,0,0,0,0,0,0,0,0,0,0,0,0,0,0,0,0,0,0,0,"Emilio Pagan",14771,641941
"Joe Mantiply","ARI",10,0,0,0,0,0,0,0,0,0,0,0,0,0,0,0,0,0,0,0,"Joe Mantiply",14857,573009
"Sam Moll","CIN",23,0,0,0,0,0,0,0,0,0,0,0,0,0,0,0,0,0,0,0,"Sam Moll",14874,594580
"Scott Barlow","CIN",75,0,0,0,0,0,0,0,0,0,0,0,0,0,0,0,0,0,0,0,"Scott Barlow",14993,605130
"Kyle Finnegan","WSN",40,0,0,0,0,0,0,0,0,0,0,0,0,0,0,0,0,0,0,0,"Kyle Finnegan",15009,640448
"Germán Márquez","COL",26,0,0,0,0,0,0,0,0,0,0,0,0,0,0,0,0,0,0,0,"German Marquez",15038,608566
"Tim Mayza","- - -",15,0,0,0,0,0,0,0,0,0,0,0,0,0,0,0,0,0,0,0,"Tim Mayza",15042,641835
"Lou Trivino","- - -",47,0,0,0,0,0,0,0,0,0,0,0,0,0,0,0,0,0,0,0,"Lou Trivino",15043,642152
"Rob Zastryzny","MIL",26,0,0,0,0,0,0,0,0,0,0,0,0,0,0,0,0,0,0,0,"Rob Zastryzny",15094,642239
"Kevin Herget","- - -",7,0,0,0,0,0,0,0,0,0,0,0,0,0,0,0,0,0,0,0,"Kevin Herget",15369,643361
"Andrew Heaney","- - -",27,0,0,0,0,0,0,0,0,0,0,0,0,0,0,0,0,0,0,0,"Andrew Heaney",15423,571760
"Matthew Boyd","CHC",31,0,0,0,0,0,0,0,0,0,0,0,0,0,0,0,0,0,0,0,"Matthew Boyd",15440,571510
"Nick Pivetta","SDP",31,0,0,0,0,0,0,0,0,0,0,0,0,0,0,0,0,0,0,0,"Nick Pivetta",15454,601713
"Antonio Senzatela","COL",30,0,0,0,0,0,0,0,0,0,0,0,0,0,0,0,0,0,0,0,"Antonio Senzatela",15488,622608
"Kendall Graveman","ARI",19,0,0,0,0,0,0,0,0,0,0,0,0,0,0,0,0,0,0,0,"Kendall Graveman",15514,608665
"Tyler Rogers","- - -",81,0,0,0,0,0,0,0,0,0,0,0,0,0,0,0,0,0,0,0,"Tyler Rogers",15541,643511
"Brad Keller","CHC",68,0,0,0,0,0,0,0,0,0,0,0,0,0,0,0,0,0,0,0,"Brad Keller",15734,641745
"Zack Littell","CIN",10,0,0,0,0,0,0,0,0,0,0,0,0,0,0,0,0,0,0,0,"Zack Littell",15823,641793
"Wander Suero","ATL",5,0,0,0,0,0,0,0,0,0,0,0,0,0,0,0,0,0,0,0,"Wander Suero",15855,593833
"Sean Manaea","NYM",15,0,0,0,0,0,0,0,0,0,0,0,0,0,0,0,0,0,0,0,"Sean Manaea",15873,640455
"Ryne Stanek","NYM",65,0,0,0,0,0,0,0,0,0,0,0,0,0,0,0,0,0,0,0,"Ryne Stanek",15947,592773
"Zach Thompson","ATL",2,0,0,0,0,0,0,0,0,0,0,0,0,0,0,0,0,0,0,0,"Zach Thompson",16094,605507
"Jordan Romano","PHI",49,0,0,0,0,0,0,0,0,0,0,0,0,0,0,0,0,0,0,0,"Jordan Romano",16122,605447
"John Curtiss","ARI",30,0,0,0,0,0,0,0,0,0,0,0,0,0,0,0,0,0,0,0,"John Curtiss",16128,595928
"Aaron Nola","PHI",17,0,0,0,0,0,0,0,0,0,0,0,0,0,0,0,0,0,0,0,"Aaron Nola",16149,605400
"Brandon Woodruff","MIL",12,0,0,0,0,0,0,0,0,0,0,0,0,0,0,0,0,0,0,0,"Brandon Woodruff",16162,605540
"Kyle Freeland","COL",31,0,0,0,0,0,0,0,0,0,0,0,0,0,0,0,0,0,0,0,"Kyle Freeland",16256,607536
"Aaron Bummer","ATL",42,0,0,0,0,0,0,0,0,0,0,0,0,0,0,0,0,0,0,0,"Aaron Bummer",16258,607481
"Jesus Tinoco","MIA",20,0,0,0,0,0,0,0,0,0,0,0,0,0,0,0,0,0,0,0,"Jesus Tinoco",16300,622786
"Ryan Borucki","PIT",35,0,0,0,0,0,0,0,0,0,0,0,0,0,0,0,0,0,0,0,"Ryan Borucki",16350,621366
"Reynaldo López","ATL",1,0,0,0,0,0,0,0,0,0,0,0,0,0,0,0,0,0,0,0,"Reynaldo Lopez",16400,625643
"Sergio Alcántara","SFG",1,4,4,0,0,0,0,0,0,0,0,0,2,0,0,0,0,0,0,0,"Sergio Alcantara",16417,642727
"Scott Blewett","ATL",11,0,0,0,0,0,0,0,0,0,0,0,0,0,0,0,0,0,0,0,"Scott Blewett",16427,656240
"Austin Gomber","COL",12,0,0,0,0,0,0,0,0,0,0,0,0,0,0,0,0,0,0,0,"Austin Gomber",16561,596295
"J.P. Feyereisen","- - -",4,0,0,0,0,0,0,0,0,0,0,0,0,0,0,0,0,0,0,0,"J.P. Feyereisen",16610,656420
"Jeff Brigham","ARI",4,0,0,0,0,0,0,0,0,0,0,0,0,0,0,0,0,0,0,0,"Jeff Brigham",16631,656257
"Ryan Thompson","ARI",48,0,0,0,0,0,0,0,0,0,0,0,0,0,0,0,0,0,0,0,"Ryan Thompson",16647,657044
"Julian Merryweather","CHC",21,0,0,0,0,0,0,0,0,0,0,0,0,0,0,0,0,0,0,0,"Julian Merryweather",16703,657240
"Brock Stewart","LAD",4,0,0,0,0,0,0,0,0,0,0,0,0,0,0,0,0,0,0,0,"Brock Stewart",16727,592779
"Reed Garrett","NYM",58,0,0,0,0,0,0,0,0,0,0,0,0,0,0,0,0,0,0,0,"Reed Garrett",16866,657585
"Aramis Garcia","ARI",2,4,4,0,0,0,0,0,0,0,0,0,3,0,0,0,0,0,0,0,"Aramis Garcia",16925,605244
"Grant Holmes","ATL",22,0,0,0,0,0,0,0,0,0,0,0,0,0,0,0,0,0,0,0,"Grant Holmes",16944,656550
"Chadwick Tromp","ATL",2,5,6,0,0,0,0,0,0,0,1,0,2,0,0,0,1,0,0,0,"Chadwick Tromp",16953,644433
"Trevor Williams","WSN",17,0,0,0,0,0,0,0,0,0,0,0,0,0,0,0,0,0,0,0,"Trevor Williams",16977,592866
"Tanner Banks","PHI",69,0,0,0,0,0,0,0,0,0,0,0,0,0,0,0,0,0,0,0,"Tanner Banks",16990,621383
"Raisel Iglesias","ATL",70,0,0,0,0,0,0,0,0,0,0,0,0,0,0,0,0,0,0,0,"Raisel Iglesias",17130,628452
"José Castillo","- - -",21,0,0,0,0,0,0,0,0,0,0,0,0,0,0,0,0,0,0,0,"Jose Castillo",17169,620454
"Jalen Beeks","ARI",61,0,0,0,0,0,0,0,0,0,0,0,0,0,0,0,0,0,0,0,"Jalen Beeks",17192,656222
"Ranger Suárez","PHI",26,0,0,0,0,0,0,0,0,0,0,0,0,0,0,0,0,0,0,0,"Ranger Suarez",17277,624133
"Michael Kopech","LAD",14,0,0,0,0,0,0,0,0,0,0,0,0,0,0,0,0,0,0,0,"Michael Kopech",17282,656629
"Justin Steele","CHC",4,0,0,0,0,0,0,0,0,0,0,0,0,0,0,0,0,0,0,0,"Justin Steele",17312,657006
"Matt Gage","SFG",27,0,0,0,0,0,0,0,0,0,0,0,0,0,0,0,0,0,0,0,"Matt Gage",17381,657424
"Erick Fedde","- - -",32,0,0,0,0,0,0,0,0,0,0,0,0,0,0,0,0,0,0,0,"Erick Fedde",17425,607200
"Génesis Cabrera","- - -",24,0,0,0,0,0,0,0,0,0,0,0,0,0,0,0,0,0,0,0,"Genesis Cabrera",17490,650893
"Jimmy Herget","COL",59,0,0,0,0,0,0,0,0,0,0,0,0,0,0,0,0,0,0,0,"Jimmy Herget",17556,623474
"JT Brubaker","SFG",5,0,0,0,0,0,0,0,0,0,0,0,0,0,0,0,0,0,0,0,"JT Brubaker",17578,664141
"Tanner Scott","LAD",61,0,0,0,0,0,0,0,0,0,0,0,0,0,0,0,0,0,0,0,"Tanner Scott",17586,656945
"Mitch Keller","PIT",32,0,0,0,0,0,0,0,0,0,0,0,0,0,0,0,0,0,0,0,"Mitch Keller",17594,656605
"Tanner Rainey","PIT",11,0,0,0,0,0,0,0,0,0,0,0,0,0,0,0,0,0,0,0,"Tanner Rainey",17610,663432
"Justin Lawrence","PIT",17,0,0,0,0,0,0,0,0,0,0,0,0,0,0,0,0,0,0,0,"Justin Lawrence",17639,664875
"Trevor Megill","MIL",50,0,0,0,0,0,0,0,0,0,0,0,0,0,0,0,0,0,0,0,"Trevor Megill",17722,656730
"Nabil Crismatt","ARI",8,0,0,0,0,0,0,0,0,0,0,0,0,0,0,0,0,0,0,0,"Nabil Crismatt",17732,622503
"Evan Phillips","LAD",7,0,0,0,0,0,0,0,0,0,0,0,0,0,0,0,0,0,0,0,"Evan Phillips",17734,623465
"Tyler Alexander","MIL",21,0,0,0,0,0,0,0,0,0,0,0,0,0,0,0,0,0,0,0,"Tyler Alexander",17735,641302
"José Alvarado","PHI",28,0,0,0,0,0,0,0,0,0,0,0,0,0,0,0,0,0,0,0,"Jose Alvarado",17780,621237
"Ian Gibaut","CIN",25,0,0,0,0,0,0,0,0,0,0,0,0,0,0,0,0,0,0,0,"Ian Gibaut",17871,664139
"Nestor Cortes","- - -",8,0,0,0,0,0,0,0,0,0,0,0,0,0,0,0,0,0,0,0,"Nestor Cortes",17874,641482
"Dennis Santana","PIT",70,0,0,0,0,0,0,0,0,0,0,0,0,0,0,0,0,0,0,0,"Dennis Santana",17878,642701
"Logan Webb","SFG",34,0,0,0,0,0,0,0,0,0,0,0,0,0,0,0,0,0,0,0,"Logan Webb",17995,657277
"Phil Maton","STL",40,0,0,0,0,0,0,0,0,0,0,0,0,0,0,0,0,0,0,0,"Phil Maton",18064,664208
"Garrett Stubbs","PHI",5,1,1,0,0,0,0,0,2,0,0,0,0,0,0,0,0,0,0,0,"Garrett Stubbs",18067,596117
"Ryan Helsley","- - -",58,0,0,0,0,0,0,0,0,0,0,0,0,0,0,0,0,0,0,0,"Ryan Helsley",18138,664854
"Tyler Kinley","- - -",73,0,0,0,0,0,0,0,0,0,0,0,0,0,0,0,0,0,0,0,"Tyler Kinley",18297,641755
"Nick Anderson","COL",12,0,0,0,0,0,0,0,0,0,0,0,0,0,0,0,0,0,0,0,"Nick Anderson",18337,623433
"Julian Fernández","- - -",4,0,0,0,0,0,0,0,0,0,0,0,0,0,0,0,0,0,0,0,"Julian Fernandez",18341,642759
"Brandon Waddell","NYM",11,0,0,0,0,0,0,0,0,0,0,0,0,0,0,0,0,0,0,0,"Brandon Waddell",18347,663399
"Michael Soroka","- - -",22,0,0,0,0,0,0,0,0,0,0,0,0,0,0,0,0,0,0,0,"Michael Soroka",18383,647336
"Enyel De Los Santos","ATL",43,0,0,0,0,0,0,0,0,0,0,0,0,0,0,0,0,0,0,0,"Enyel De Los Santos",18403,660853
"Danny Young","NYM",10,0,0,0,0,0,0,0,0,0,0,0,0,0,0,0,0,0,0,0,"Danny Young",18439,664849
"Dylan Cease","SDP",32,0,0,0,0,0,0,0,0,0,0,0,0,0,0,0,0,0,0,0,"Dylan Cease",18525,656302
"A.J. Minter","NYM",13,0,0,0,0,0,0,0,0,0,0,0,0,0,0,0,0,0,0,0,"A.J. Minter",18655,621345
"Jake Woodford","ARI",22,0,0,0,0,0,0,0,0,0,0,0,0,0,0,0,0,0,0,0,"Jake Woodford",18674,663765
"Freddy Peralta","MIL",33,0,0,0,0,0,0,0,0,0,0,0,0,0,0,0,0,0,0,0,"Freddy Peralta",18679,642547
"Sandy Alcantara","MIA",31,0,0,0,0,0,0,0,0,0,0,0,0,0,0,0,0,0,0,0,"Sandy Alcantara",18684,645261
"Lake Bachar","MIA",53,0,0,0,0,0,0,0,0,0,0,0,0,0,0,0,0,0,0,0,"Lake Bachar",19222,669199
"Zac Gallen","ARI",33,0,0,0,0,0,0,0,0,0,0,0,0,0,0,0,0,0,0,0,"Zac Gallen",19291,668678
"Trevor Richards","ARI",2,0,0,0,0,0,0,0,0,0,0,0,0,0,0,0,0,0,0,0,"Trevor Richards",19309,670950
"Cal Quantrill","- - -",26,0,0,0,0,0,0,0,0,0,0,0,0,0,0,0,0,0,0,0,"Cal Quantrill",19312,615698
"Joey Lucchesi","SFG",38,0,0,0,0,0,0,0,0,0,0,0,0,0,0,0,0,0,0,0,"Joey Lucchesi",19320,664192
"Richard Lovelady","NYM",8,0,0,0,0,0,0,0,0,0,0,0,0,0,0,0,0,0,0,0,"Richard Lovelady",19337,663992
"A.J. Puk","ARI",8,0,0,0,0,0,0,0,0,0,0,0,0,0,0,0,0,0,0,0,"A.J. Puk",19343,640462
"Caleb Ferguson","PIT",45,0,0,0,0,0,0,0,0,0,0,0,0,0,0,0,0,0,0,0,"Caleb Ferguson",19349,657571
"Corbin Burnes","ARI",11,0,0,0,0,0,0,0,0,0,0,0,0,0,0,0,0,0,0,0,"Corbin Burnes",19361,669203
"Walker Buehler","PHI",3,0,0,0,0,0,0,0,0,0,0,0,0,0,0,0,0,0,0,0,"Walker Buehler",19374,621111
"Tony Gonsolin","LAD",7,0,0,0,0,0,0,0,0,0,0,0,0,0,0,0,0,0,0,0,"Tony Gonsolin",19388,664062
"Colin Poche","- - -",14,0,0,0,0,0,0,0,0,0,0,0,0,0,0,0,0,0,0,0,"Colin Poche",19403,621363
"Dane Dunning","ATL",7,0,0,0,0,0,0,0,0,0,0,0,0,0,0,0,0,0,0,0,"Dane Dunning",19409,641540
"Yohan Ramírez","PIT",24,0,0,0,0,0,0,0,0,0,0,0,0,0,0,0,0,0,0,0,"Yohan Ramirez",19444,670990
"Jorge Alcala","STL",15,0,0,0,0,0,0,0,0,0,0,0,0,0,0,0,0,0,0,0,"Jorge Alcala",19459,660896
"Aaron Civale","- - -",10,0,0,0,0,0,0,0,0,0,0,0,0,0,0,0,0,0,0,0,"Aaron Civale",19479,650644
"Alan Rangel","PHI",5,0,0,0,0,0,0,0,0,0,0,0,0,0,0,0,0,0,0,0,"Alan Rangel",19524,660604
"David Bednar","PIT",42,0,0,0,0,0,0,0,0,0,0,0,0,0,0,0,0,0,0,0,"David Bednar",19569,670280
"JoJo Romero","STL",65,0,0,0,0,0,0,0,0,0,0,0,0,0,0,0,0,0,0,0,"JoJo Romero",19574,668941
"Jordan Hicks","SFG",13,0,0,0,0,0,0,0,0,0,0,0,0,0,0,0,0,0,0,0,"Jordan Hicks",19618,663855
"Kyle Hart","SDP",20,0,0,0,0,0,0,0,0,0,0,0,0,0,0,0,0,0,0,0,"Kyle Hart",19646,606996
"Gregory Soto","NYM",25,0,0,0,0,0,0,0,0,0,0,0,0,0,0,0,0,0,0,0,"Gregory Soto",19677,642397
"Connor Seabold","ATL",4,0,0,0,0,0,0,0,0,0,0,0,0,0,0,0,0,0,0,0,"Connor Seabold",19695,657756
"Dustin May","LAD",19,0,0,0,0,0,0,0,0,0,0,0,0,0,0,0,0,0,0,0,"Dustin May",19716,669160
"Anthony Bender","MIA",51,0,0,0,0,0,0,0,0,0,0,0,0,0,0,0,0,0,0,0,"Anthony Bender",19742,669622
"Reiver Sanmartin","CIN",1,0,0,0,0,0,0,0,0,0,0,0,0,0,0,0,0,0,0,0,"Reiver Sanmartin",19754,665665
"Justin Garza","NYM",5,0,0,0,0,0,0,0,0,0,0,0,0,0,0,0,0,0,0,0,"Justin Garza",19784,621057
"Chuckie Robinson","LAD",1,1,2,0,0,0,0,0,1,0,0,0,0,0,0,1,0,0,0,0,"Chuckie Robinson",19824,642020
"Michael King","SDP",15,0,0,0,0,0,0,0,0,0,0,0,0,0,0,0,0,0,0,0,"Michael King",19853,650633
"Griffin Canning","NYM",16,0,0,0,0,0,0,0,0,0,0,0,0,0,0,0,0,0,0,0,"Griffin Canning",19867,656288
"Kevin Ginkel","ARI",29,0,0,0,0,0,0,0,0,0,0,0,0,0,0,0,0,0,0,0,"Kevin Ginkel",19876,656464
"José Suarez","ATL",7,0,0,0,0,0,0,0,0,0,0,0,0,0,0,0,0,0,0,0,"Jose Suarez",19911,660761
"Bryan Hudson","MIL",12,0,0,0,0,0,0,0,0,0,0,0,0,0,0,0,0,0,0,0,"Bryan Hudson",19924,663542
"Tony Santillan","CIN",80,0,0,0,0,0,0,0,0,0,0,0,0,0,0,0,0,0,0,0,"Tony Santillan",19926,663574
"Jesús Luzardo","PHI",32,0,0,0,0,0,0,0,0,0,0,0,0,0,0,0,0,0,0,0,"Jesus Luzardo",19959,666200
"Joey Wentz","- - -",33,0,0,0,0,0,0,0,0,0,0,0,0,0,0,0,0,0,0,0,"Joey Wentz",19962,666214
"Dylan Lee","ATL",74,0,0,0,0,0,0,0,0,0,0,0,0,0,0,0,0,0,0,0,"Dylan Lee",19996,669276
"Rico Garcia","NYM",8,0,0,0,0,0,0,0,0,0,0,0,0,0,0,0,0,0,0,0,"Rico Garcia",20023,670329
"Adrian Morejon","SDP",75,0,0,0,0,0,0,0,0,0,0,0,0,0,0,0,0,0,0,0,"Adrian Morejon",20039,670970
"Bailey Falter","PIT",22,0,0,0,0,0,0,0,0,0,0,0,0,0,0,0,0,0,0,0,"Bailey Falter",20070,663559
"Calvin Faucher","MIA",65,0,0,0,0,0,0,0,0,0,0,0,0,0,0,0,0,0,0,0,"Calvin Faucher",20116,676534
"Nate Pearson","CHC",11,0,0,0,0,0,0,0,0,0,0,0,0,0,0,0,0,0,0,0,"Nate Pearson",20160,663878
"Zach Pop","NYM",1,0,0,0,0,0,0,0,0,0,0,0,0,0,0,0,0,0,0,0,"Zach Pop",20185,647315
"Eli Morgan","CHC",7,0,0,0,0,0,0,0,0,0,0,0,0,0,0,0,0,0,0,0,"Eli Morgan",20203,669212
"Daysbel Hernández","ATL",39,0,0,0,0,0,0,0,0,0,0,0,0,0,0,0,0,0,0,0,"Daysbel Hernandez",20271,678226
"David Peterson","NYM",30,0,0,0,0,0,0,0,0,0,0,0,0,0,0,0,0,0,0,0,"David Peterson",20302,656849
"Nick Raquet","STL",2,0,0,0,0,0,0,0,0,0,0,0,0,0,0,0,0,0,0,0,"Nick Raquet",20333,675919
"Riley O'Brien","STL",42,0,0,0,0,0,0,0,0,0,0,0,0,0,0,0,0,0,0,0,"Riley O'Brien",20348,676617
"Bruce Zimmermann","MIL",1,0,0,0,0,0,0,0,0,0,0,0,0,0,0,0,0,0,0,0,"Bruce Zimmermann",20370,669145
"Tyler Zuber","- - -",10,0,0,0,0,0,0,0,0,0,0,0,0,0,0,0,0,0,0,0,"Tyler Zuber",20379,676604
"Isaac Mattson","PIT",44,0,0,0,0,0,0,0,0,0,0,0,0,0,0,0,0,0,0,0,"Isaac Mattson",20385,676755
"Ryan Walker","SFG",68,0,0,0,0,0,0,0,0,0,0,0,0,0,0,0,0,0,0,0,"Ryan Walker",20423,676254
"Kyle Nelson","ARI",3,0,0,0,0,0,0,0,0,0,0,0,0,0,0,0,0,0,0,0,"Kyle Nelson",20515,669459
"Grant Anderson","MIL",66,0,0,0,0,0,0,0,0,0,0,0,0,0,0,0,0,0,0,0,"Grant Anderson",20546,681982
"Kody Clemens","PHI",7,6,7,0,0,0,0,0,0,0,1,0,0,0,0,0,0,0,0,0,"Kody Clemens",20572,665019
"Tyler Phillips","MIA",54,0,0,0,0,0,0,0,0,0,0,0,0,0,0,0,0,0,0,0,"Tyler Phillips",20629,663969
"Cristopher Sánchez","PHI",32,0,0,0,0,0,0,0,0,0,0,0,0,0,0,0,0,0,0,0,"Cristopher Sanchez",20778,650911
"Michael Petersen","- - -",15,0,0,0,0,0,0,0,0,0,0,0,0,0,0,0,0,0,0,0,"Michael Petersen",20827,656848
"Elvin Rodríguez","MIL",6,0,0,0,0,0,0,0,0,0,0,0,0,0,0,0,0,0,0,0,"Elvin Rodriguez",20962,660730
"Jhoan Duran","PHI",23,0,0,0,0,0,0,0,0,0,0,0,0,0,0,0,0,0,0,0,"Jhoan Duran",21029,661395
"Seth Martinez","MIA",6,0,0,0,0,0,0,0,0,0,0,0,0,0,0,0,0,0,0,0,"Seth Martinez",21045,661527
"Dauri Moreta","PIT",18,0,0,0,0,0,0,0,0,0,0,0,0,0,0,0,0,0,0,0,"Dauri Moreta",21101,664294
"Alexis Díaz","- - -",18,0,0,0,0,0,0,0,0,0,0,0,0,0,0,0,0,0,0,0,"Alexis Diaz",21132,664747
"Brooks Kriske","CHC",4,0,0,0,0,0,0,0,0,0,0,0,0,0,0,0,0,0,0,0,"Brooks Kriske",21189,621139
"Daniel Robert","PHI",15,0,0,0,0,0,0,0,0,0,0,0,0,0,0,0,0,0,0,0,"Daniel Robert",21229,642016
"Jake Bird","COL",45,0,0,0,0,0,0,0,0,0,0,0,0,0,0,0,0,0,0,0,"Jake Bird",21267,656234
"Lucas Gilbreath","COL",1,0,0,0,0,0,0,0,0,0,0,0,0,0,0,0,0,0,0,0,"Lucas Gilbreath",21290,656458
"Tylor Megill","NYM",14,0,0,0,0,0,0,0,0,0,0,0,0,0,0,0,0,0,0,0,"Tylor Megill",21318,656731
"Ryan Feltner","COL",6,0,0,0,0,0,0,0,0,0,0,0,0,0,0,0,0,0,0,0,"Ryan Feltner",21446,663372
"Konnor Pilkington","WSN",32,0,0,0,0,0,0,0,0,0,0,0,0,0,0,0,0,0,0,0,"Konnor Pilkington",21453,663455
"Sean Hjelle","SFG",12,0,0,0,0,0,0,0,0,0,0,0,0,0,0,0,0,0,0,0,"Sean Hjelle",21481,663546
"Stephen Kolek","SDP",14,0,0,0,0,0,0,0,0,0,0,0,0,0,0,0,0,0,0,0,"Stephen Kolek",21487,663568
"Jake Irvin","WSN",33,0,0,0,0,0,0,0,0,0,0,0,0,0,0,0,0,0,0,0,"Jake Irvin",21504,663623
"Chase Shugart","PIT",35,0,0,0,0,0,0,0,0,0,0,0,0,0,0,0,0,0,0,0,"Chase Shugart",21544,663767
"Justin Hagenman","NYM",9,0,0,0,0,0,0,0,0,0,0,0,0,0,0,0,0,0,0,0,"Justin Hagenman",21546,663795
"Tristan Beck","SFG",31,0,0,0,0,0,0,0,0,0,0,0,0,0,0,0,0,0,0,0,"Tristan Beck",21584,663941
"Elvis Peguero","MIL",6,0,0,0,0,0,0,0,0,0,0,0,0,0,0,0,0,0,0,0,"Elvis Peguero",21652,665625
"Edward Cabrera","MIA",26,0,0,0,0,0,0,0,0,0,0,0,0,0,0,0,0,0,0,0,"Edward Cabrera",21690,665795
"Javier Assad","CHC",8,0,0,0,0,0,0,0,0,0,0,0,0,0,0,0,0,0,0,0,"Javier Assad",21741,665871
"Mason Thompson","WSN",14,0,0,0,0,0,0,0,0,0,0,0,0,0,0,0,0,0,0,0,"Mason Thompson",21850,666168
"George Soriano","MIA",24,0,0,0,0,0,0,0,0,0,0,0,0,0,0,0,0,0,0,0,"George Soriano",21863,666277
"Sauryn Lao","WSN",6,0,0,0,0,0,0,0,0,0,0,0,0,0,0,0,0,0,0,0,"Sauryn Lao",21922,666659
"Juan Morillo","ARI",42,0,0,0,0,0,0,0,0,0,0,0,0,0,0,0,0,0,0,0,"Juan Morillo",21924,666661
"Joel Peguero","SFG",17,0,0,0,0,0,0,0,0,0,0,0,0,0,0,0,0,0,0,0,"Joel Peguero",21951,666711
"Camilo Doval","SFG",47,0,0,0,0,0,0,0,0,0,0,0,0,0,0,0,0,0,0,0,"Camilo Doval",21992,666808
"John King","STL",51,0,0,0,0,0,0,0,0,0,0,0,0,0,0,0,0,0,0,0,"John King",22051,667463
"Max Kranick","NYM",24,0,0,0,0,0,0,0,0,0,0,0,0,0,0,0,0,0,0,0,"Max Kranick",22175,668820
"Easton McGee","MIL",9,0,0,0,0,0,0,0,0,0,0,0,0,0,0,0,0,0,0,0,"Easton McGee",22176,668834
"Hunter Greene","CIN",19,0,0,0,0,0,0,0,0,0,0,0,0,0,0,0,0,0,0,0,"Hunter Greene",22182,668881
"Tobias Myers","MIL",22,0,0,0,0,0,0,0,0,0,0,0,0,0,0,0,0,0,0,0,"Tobias Myers",22191,668964
"Ryan Rolison","COL",31,0,0,0,0,0,0,0,0,0,0,0,0,0,0,0,0,0,0,0,"Ryan Rolison",22200,669020
"MacKenzie Gore","WSN",30,0,0,0,0,0,0,0,0,0,0,0,0,0,0,0,0,0,0,0,"MacKenzie Gore",22201,669022
"DL Hall","MIL",20,0,0,0,0,0,0,0,0,0,0,0,0,0,0,0,0,0,0,0,"DL Hall",22207,669084
"Jeremiah Estrada","SDP",77,0,0,0,0,0,0,0,0,0,0,0,0,0,0,0,0,0,0,0,"Jeremiah Estrada",22210,669093
"Luis Campusano","SDP",10,21,27,0,0,0,0,0,0,0,6,0,11,0,0,0,2,0,0,0,"Luis Campusano",22217,669134
"Sean Reynolds","SDP",19,0,0,0,0,0,0,0,0,0,0,0,0,0,0,0,0,0,0,0,"Sean Reynolds",22253,669308
"Matt Sauer","LAD",10,0,0,0,0,0,0,0,0,0,0,0,0,0,0,0,0,0,0,0,"Matt Sauer",22284,669422
"Matthew Liberatore","STL",29,0,0,0,0,0,0,0,0,0,0,0,0,0,0,0,0,0,0,0,"Matthew Liberatore",22294,669461
"Colin Holderman","PIT",24,0,0,0,0,0,0,0,0,0,0,0,0,0,0,0,0,0,0,0,"Colin Holderman",22361,670059
"Logan Gillaspie","SDP",3,0,0,0,0,0,0,0,0,0,0,0,0,0,0,0,0,0,0,0,"Logan Gillaspie",22461,670810
"Johan Oviedo","PIT",9,0,0,0,0,0,0,0,0,0,0,0,0,0,0,0,0,0,0,0,"Johan Oviedo",22487,670912
"Carlos Hernández","PHI",25,0,0,0,0,0,0,0,0,0,0,0,0,0,0,0,0,0,0,0,"Carlos Hernandez",22713,672578
"Steward Berroa","MIL",2,5,6,0,0,0,0,0,0,0,1,0,2,0,0,0,0,1,0,0,"Steward Berroa",22766,672642
"Roansy Contreras","COL",4,0,0,0,0,0,0,0,0,0,0,0,0,0,0,0,0,0,0,0,"Roansy Contreras",22810,672710
"Yoendrys Gómez","LAD",3,0,0,0,0,0,0,0,0,0,0,0,0,0,0,0,0,0,0,0,"Yoendrys Gomez",22872,672782
"Dedniel Núñez","NYM",10,0,0,0,0,0,0,0,0,0,0,0,0,0,0,0,0,0,0,0,"Dedniel Nunez",23055,673380
"Robinson Piña","MIA",1,0,0,0,0,0,0,0,0,0,0,0,0,0,0,0,0,0,0,0,"Robinson Pina",23091,673820
"Eduardo Salazar","WSN",30,0,0,0,0,0,0,0,0,0,0,0,0,0,0,0,0,0,0,0,"Eduardo Salazar",23135,674285
"Eduarniel Núñez","SDP",4,0,0,0,0,0,0,0,0,0,0,0,0,0,0,0,0,0,0,0,"Eduarniel Nunez",23162,674384
"Michael Mercado","PHI",3,0,0,0,0,0,0,0,0,0,0,0,0,0,0,0,0,0,0,0,"Michael Mercado",23223,675650
"Juan Mejia","COL",55,0,0,0,0,0,0,0,0,0,0,0,0,0,0,0,0,0,0,0,"Juan Mejia",23237,675848
"Janson Junk","MIA",21,0,0,0,0,0,0,0,0,0,0,0,0,0,0,0,0,0,0,0,"Janson Junk",23301,676083
"José Buttó","- - -",55,0,0,0,0,0,0,0,0,0,0,0,0,0,0,0,0,0,0,0,"Jose Butto",23313,676130
"Freddy Tarnok","MIA",5,0,0,0,0,0,0,0,0,0,0,0,0,0,0,0,0,0,0,0,"Freddy Tarnok",23324,676206
"Hunter Feduccia","LAD",2,2,3,0,0,0,0,0,0,0,1,0,1,0,0,0,0,0,0,0,"Hunter Feduccia",23372,676439
"Nolan Hoffman","PHI",1,0,0,0,0,0,0,0,0,0,0,0,0,0,0,0,0,0,0,0,"Nolan Hoffman",23381,676510
"PJ Poulin","WSN",28,0,0,0,0,0,0,0,0,0,0,0,0,0,0,0,0,0,0,0,"PJ Poulin",23394,676571
"Max Lazar","PHI",36,0,0,0,0,0,0,0,0,0,0,0,0,0,0,0,0,0,0,0,"Max Lazar",23426,676661
"JP Sears","SDP",5,0,0,0,0,0,0,0,0,0,0,0,0,0,0,0,0,0,0,0,"JP Sears",23429,676664
"Tom Cosgrove","CHC",2,0,0,0,0,0,0,0,0,0,0,0,0,0,0,0,0,0,0,0,"Tom Cosgrove",23443,676680
"Hunter Stratton","- - -",15,0,0,0,0,0,0,0,0,0,0,0,0,0,0,0,0,0,0,0,"Hunter Stratton",23455,676702
"Cam Sanders","PIT",6,0,0,0,0,0,0,0,0,0,0,0,0,0,0,0,0,0,0,0,"Cam Sanders",23479,676742
"Ron Marinaccio","SDP",7,0,0,0,0,0,0,0,0,0,0,0,0,0,0,0,0,0,0,0,"Ron Marinaccio",23488,676760
"Keaton Winn","SFG",7,0,0,0,0,0,0,0,0,0,0,0,0,0,0,0,0,0,0,0,"Keaton Winn",23499,676775
"Aaron Ashby","MIL",43,0,0,0,0,0,0,0,0,0,0,0,0,0,0,0,0,0,0,0,"Aaron Ashby",23550,676879
"Ben Brown","CHC",25,0,0,0,0,0,0,0,0,0,0,0,0,0,0,0,0,0,0,0,"Ben Brown",23590,676962
"Brett de Geus","PHI",1,0,0,0,0,0,0,0,0,0,0,0,0,0,0,0,0,0,0,0,"Brett de Geus",23592,676969
"Braxton Ashcraft","PIT",26,0,0,0,0,0,0,0,0,0,0,0,0,0,0,0,0,0,0,0,"Braxton Ashcraft",23793,677952
"Ryan Weathers","MIA",8,0,0,0,0,0,0,0,0,0,0,0,0,0,0,0,0,0,0,0,"Ryan Weathers",23796,677960
"Luarbert Arias","MIA",7,0,0,0,0,0,0,0,0,0,0,0,0,0,0,0,0,0,0,0,"Luarbert Arias",23811,678215
"Omar Cruz","SDP",2,0,0,0,0,0,0,0,0,0,0,0,0,0,0,0,0,0,0,0,"Omar Cruz",23875,678316
"Valente Bellozo","MIA",32,0,0,0,0,0,0,0,0,0,0,0,0,0,0,0,0,0,0,0,"Valente Bellozo",23899,678368
"Randy Rodríguez","SFG",50,0,0,0,0,0,0,0,0,0,0,0,0,0,0,0,0,0,0,0,"Randy Rodriguez",23974,678495
"Jose A. Ferrer","WSN",72,0,0,0,0,0,0,0,0,0,0,0,0,0,0,0,0,0,0,0,"Jose A. Ferrer",24017,678606
"Ronny Henriquez","MIA",69,0,0,0,0,0,0,0,0,0,0,0,0,0,0,0,0,0,0,0,"Ronny Henriquez",24094,678692
"Luis Peralta","COL",22,0,0,0,0,0,0,0,0,0,0,0,0,0,0,0,0,0,0,0,"Luis Peralta",24203,678821
"Kai-Wei Teng","SFG",8,0,0,0,0,0,0,0,0,0,0,0,0,0,0,0,0,0,0,0,"Kai-Wei Teng",24282,678906
"Justin Martinez","ARI",17,0,0,0,0,0,0,0,0,0,0,0,0,0,0,0,0,0,0,0,"Justin Martinez",24453,679885
"Lyon Richardson","CIN",34,0,0,0,0,0,0,0,0,0,0,0,0,0,0,0,0,0,0,0,"Lyon Richardson",24581,680689
"Austin Cox","ATL",13,0,0,0,0,0,0,0,0,0,0,0,0,0,0,0,0,0,0,0,"Austin Cox",24604,680735
"Victor Vodnik","COL",52,0,0,0,0,0,0,0,0,0,0,0,0,0,0,0,0,0,0,0,"Victor Vodnik",24614,680767
"Randy Vásquez","SDP",28,0,0,0,0,0,0,0,0,0,0,0,0,0,0,0,0,0,0,0,"Randy Vasquez",24719,681190
"Mike Burrows","PIT",23,0,0,0,0,0,0,0,0,0,0,0,0,0,0,0,0,0,0,0,"Mike Burrows",24728,681347
"Kyle Leahy","STL",62,0,0,0,0,0,0,0,0,0,0,0,0,0,0,0,0,0,0,0,"Kyle Leahy",24763,681517
"Ryan Fernandez","STL",32,0,0,0,0,0,0,0,0,0,0,0,0,0,0,0,0,0,0,0,"Ryan Fernandez",24862,681676
"Ethan Roberts","CHC",10,0,0,0,0,0,0,0,0,0,0,0,0,0,0,0,0,0,0,0,"Ethan Roberts",24930,681799
"Austin Warren","NYM",5,0,0,0,0,0,0,0,0,0,0,0,0,0,0,0,0,0,0,0,"Austin Warren",24937,681810
"Evan Sisk","PIT",14,0,0,0,0,0,0,0,0,0,0,0,0,0,0,0,0,0,0,0,"Evan Sisk",24995,681895
"Justin Dean","LAD",18,2,2,0,0,0,0,0,0,0,0,0,1,0,0,0,0,1,0,0,"Justin Dean",25005,681909
"Alex Vesia","LAD",68,0,0,0,0,0,0,0,0,0,0,0,0,0,0,0,0,0,0,0,"Alex Vesia",25007,681911
"Drew Avans","MIL",1,2,3,0,0,0,0,0,0,1,0,0,1,0,1,0,0,0,0,0,"Drew Avans",25183,682183
"Roddery Muñoz","STL",9,0,0,0,0,0,0,0,0,0,0,0,0,0,0,0,0,0,0,0,"Roddery Munoz",25311,682610
"Abner Uribe","MIL",75,0,0,0,0,0,0,0,0,0,0,0,0,0,0,0,0,0,0,0,"Abner Uribe",25327,682842
"Nick Mears","MIL",63,0,0,0,0,0,0,0,0,0,0,0,0,0,0,0,0,0,0,0,"Nick Mears",25376,683232
"Brady Singer","CIN",32,0,0,0,0,0,0,0,0,0,0,0,0,0,0,0,0,0,0,0,"Brady Singer",25377,663903
"Gavin Hollowell","CHC",7,0,0,0,0,0,0,0,0,0,0,0,0,0,0,0,0,0,0,0,"Gavin Hollowell",25427,668970
"Nathan Wiles","ATL",1,0,0,0,0,0,0,0,0,0,0,0,0,0,0,0,0,0,0,0,"Nathan Wiles",25474,686249
"Joe La Sorsa","CIN",5,0,0,0,0,0,0,0,0,0,0,0,0,0,0,0,0,0,0,0,"Joe La Sorsa",25481,686747
"Matt Waldron","SDP",1,0,0,0,0,0,0,0,0,0,0,0,0,0,0,0,0,0,0,0,"Matt Waldron",25550,663362
"Xzavion Curry","MIA",3,0,0,0,0,0,0,0,0,0,0,0,0,0,0,0,0,0,0,0,"Xzavion Curry",25595,675540
"Luis Mey","CIN",23,0,0,0,0,0,0,0,0,0,0,0,0,0,0,0,0,0,0,0,"Luis Mey",25620,682825
"Ty Adcock","NYM",3,0,0,0,0,0,0,0,0,0,0,0,0,0,0,0,0,0,0,0,"Ty Adcock",25651,686654
"Randy Wynne","CIN",1,0,0,0,0,0,0,0,0,0,0,0,0,0,0,0,0,0,0,0,"Randy Wynne",25804,691094
"C.J. Stubbs","WSN",1,3,3,0,0,0,0,0,0,0,0,0,0,0,0,0,0,0,0,0,"C.J. Stubbs",25814,667690
"Noah Davis","LAD",5,0,0,0,0,0,0,0,0,0,0,0,0,0,0,0,0,0,0,0,"Noah Davis",25862,663562
"Connor Thomas","MIL",2,0,0,0,0,0,0,0,0,0,0,0,0,0,0,0,0,0,0,0,"Connor Thomas",25873,671162
"Josh Simpson","MIA",31,0,0,0,0,0,0,0,0,0,0,0,0,0,0,0,0,0,0,0,"Josh Simpson",25957,681006
"Quinn Priester","MIL",29,0,0,0,0,0,0,0,0,0,0,0,0,0,0,0,0,0,0,0,"Quinn Priester",25977,682990
"Seth Johnson","PHI",10,0,0,0,0,0,0,0,0,0,0,0,0,0,0,0,0,0,0,0,"Seth Johnson",26020,686751
"Andre Pallante","STL",31,0,0,0,0,0,0,0,0,0,0,0,0,0,0,0,0,0,0,0,"Andre Pallante",26108,669467
"Austin Pope","ARI",1,0,0,0,0,0,0,0,0,0,0,0,0,0,0,0,0,0,0,0,"Austin Pope",26136,687166
"Jack Little","LAD",2,0,0,0,0,0,0,0,0,0,0,0,0,0,0,0,0,0,0,0,"Jack Little",26152,669193
"Connor Gillispie","MIA",6,0,0,0,0,0,0,0,0,0,0,0,0,0,0,0,0,0,0,0,"Connor Gillispie",26171,687362
"Andrew Saalfrank","ARI",28,0,0,0,0,0,0,0,0,0,0,0,0,0,0,0,0,0,0,0,"Andrew Saalfrank",26203,685314
"Jackson Rutledge","WSN",63,0,0,0,0,0,0,0,0,0,0,0,0,0,0,0,0,0,0,0,"Jackson Rutledge",26215,671131
"Orlando Ribalta","WSN",22,0,0,0,0,0,0,0,0,0,0,0,0,0,0,0,0,0,0,0,"Orlando Ribalta",26247,687377
"Erik Miller","SFG",36,0,0,0,0,0,0,0,0,0,0,0,0,0,0,0,0,0,0,0,"Erik Miller",26252,669062
"Drey Jameson","ARI",3,0,0,0,0,0,0,0,0,0,0,0,0,0,0,0,0,0,0,0,"Drey Jameson",26260,686753
"Tommy Henry","ARI",2,0,0,0,0,0,0,0,0,0,0,0,0,0,0,0,0,0,0,0,"Tommy Henry",26285,674072
"Bryan Hoeing","SDP",7,0,0,0,0,0,0,0,0,0,0,0,0,0,0,0,0,0,0,0,"Bryan Hoeing",26304,663773
"Taylor Rashi","ARI",10,0,0,0,0,0,0,0,0,0,0,0,0,0,0,0,0,0,0,0,"Taylor Rashi",26344,688497
"Nick Lodolo","CIN",29,0,0,0,0,0,0,0,0,0,0,0,0,0,0,0,0,0,0,0,"Nick Lodolo",26378,666157
"Porter Hodge","CHC",36,0,0,0,0,0,0,0,0,0,0,0,0,0,0,0,0,0,0,0,"Porter Hodge",26413,687863
"Bradley Blalock","COL",14,0,0,0,0,0,0,0,0,0,0,0,0,0,0,0,0,0,0,0,"Bradley Blalock",26419,687134
"Ryan Gusto","MIA",3,0,0,0,0,0,0,0,0,0,0,0,0,0,0,0,0,0,0,0,"Ryan Gusto",26440,687473
"Trevor McDonald","SFG",3,0,0,0,0,0,0,0,0,0,0,0,0,0,0,0,0,0,0,0,"Trevor McDonald",26448,686790
"Alex Carrillo","NYM",3,0,0,0,0,0,0,0,0,0,0,0,0,0,0,0,0,0,0,0,"Alex Carrillo",26463,692024
"Angel Chivilli","COL",43,0,0,0,0,0,0,0,0,0,0,0,0,0,0,0,0,0,0,0,"Angel Chivilli",26790,683409
"Edgardo Henriquez","LAD",22,0,0,0,0,0,0,0,0,0,0,0,0,0,0,0,0,0,0,0,"Edgardo Henriquez",26944,683618
"Anthony Molina","COL",17,0,0,0,0,0,0,0,0,0,0,0,0,0,0,0,0,0,0,0,"Anthony Molina",26952,683627
"Juan Burgos","ARI",9,0,0,0,0,0,0,0,0,0,0,0,0,0,0,0,0,0,0,0,"Juan Burgos",27271,686228
"Rolddy Muñoz","ATL",3,0,0,0,0,0,0,0,0,0,0,0,0,0,0,0,0,0,0,0,"Rolddy Munoz",27407,691548
"Anthony Veneziano","- - -",26,0,0,0,0,0,0,0,0,0,0,0,0,0,0,0,0,0,0,0,"Anthony Veneziano",27453,685107
"Cade Cavalli","WSN",10,0,0,0,0,0,0,0,0,0,0,0,0,0,0,0,0,0,0,0,"Cade Cavalli",27473,676917
"Max Meyer","MIA",12,0,0,0,0,0,0,0,0,0,0,0,0,0,0,0,0,0,0,0,"Max Meyer",27474,676974
"Bryce Jarvis","ARI",12,0,0,0,0,0,0,0,0,0,0,0,0,0,0,0,0,0,0,0,"Bryce Jarvis",27477,686826
"Bobby Miller","LAD",2,0,0,0,0,0,0,0,0,0,0,0,0,0,0,0,0,0,0,0,"Bobby Miller",27483,676272
"Landon Knack","LAD",10,0,0,0,0,0,0,0,0,0,0,0,0,0,0,0,0,0,0,0,"Landon Knack",27487,689017
"Clayton Beeter","WSN",24,0,0,0,0,0,0,0,0,0,0,0,0,0,0,0,0,0,0,0,"Clayton Beeter",27494,690925
"Spencer Strider","ATL",23,0,0,0,0,0,0,0,0,0,0,0,0,0,0,0,0,0,0,0,"Spencer Strider",27498,675911
"Jared Koenig","MIL",72,0,0,0,0,0,0,0,0,0,0,0,0,0,0,0,0,0,0,0,"Jared Koenig",27517,657649
"Graham Ashcraft","CIN",62,0,0,0,0,0,0,0,0,0,0,0,0,0,0,0,0,0,0,0,"Graham Ashcraft",27552,668933
"Cole Henry","WSN",57,0,0,0,0,0,0,0,0,0,0,0,0,0,0,0,0,0,0,0,"Cole Henry",27570,669371
"Carmen Mlodzinski","PIT",34,0,0,0,0,0,0,0,0,0,0,0,0,0,0,0,0,0,0,0,"Carmen Mlodzinski",27572,669387
"Davis Daniel","ATL",3,0,0,0,0,0,0,0,0,0,0,0,0,0,0,0,0,0,0,0,"Davis Daniel",27582,669721
"Mitchell Parker","WSN",33,0,0,0,0,0,0,0,0,0,0,0,0,0,0,0,0,0,0,0,"Mitchell Parker",27636,680730
"Connor Phillips","CIN",21,0,0,0,0,0,0,0,0,0,0,0,0,0,0,0,0,0,0,0,"Connor Phillips",27649,683175
"Christian Roa","MIA",2,0,0,0,0,0,0,0,0,0,0,0,0,0,0,0,0,0,0,0,"Christian Roa",27662,685005
"Tanner Gordon","COL",15,0,0,0,0,0,0,0,0,0,0,0,0,0,0,0,0,0,0,0,"Tanner Gordon",27669,685299
"Carson Spiers","CIN",3,0,0,0,0,0,0,0,0,0,0,0,0,0,0,0,0,0,0,0,"Carson Spiers",27685,686730
"Mick Abel","PHI",7,0,0,0,0,0,0,0,0,0,0,0,0,0,0,0,0,0,0,0,"Mick Abel",27756,690953
"Kyle Harrison","SFG",8,0,0,0,0,0,0,0,0,0,0,0,0,0,0,0,0,0,0,0,"Kyle Harrison",27758,690986
"Drew Romo","COL",3,3,3,0,0,0,0,0,0,0,0,0,3,0,0,0,0,0,0,0,"Drew Romo",27763,691011
"Yosver Zulueta","CIN",7,0,0,0,0,0,0,0,0,0,0,0,0,0,0,0,0,0,0,0,"Yosver Zulueta",27765,691172
"Eury Pérez","MIA",20,0,0,0,0,0,0,0,0,0,0,0,0,0,0,0,0,0,0,0,"Eury Perez",27768,691587
"Kyle Nicolas","PIT",31,0,0,0,0,0,0,0,0,0,0,0,0,0,0,0,0,0,0,0,"Kyle Nicolas",27775,693312
"Bryce Elder","ATL",28,0,0,0,0,0,0,0,0,0,0,0,0,0,0,0,0,0,0,0,"Bryce Elder",27779,693821
"Brandon Pfaadt","ARI",33,0,0,0,0,0,0,0,0,0,0,0,0,0,0,0,0,0,0,0,"Brandon Pfaadt",27782,694297
"Zach Brzykcy","WSN",26,0,0,0,0,0,0,0,0,0,0,0,0,0,0,0,0,0,0,0,"Zach Brzykcy",27783,694350
"Will Klein","LAD",14,0,0,0,0,0,0,0,0,0,0,0,0,0,0,0,0,0,0,0,"Will Klein",27787,694361
"Dugan Darnell","COL",9,0,0,0,0,0,0,0,0,0,0,0,0,0,0,0,0,0,0,0,"Dugan Darnell",27812,699911
"Daniel Palencia","CHC",54,0,0,0,0,0,0,0,0,0,0,0,0,0,0,0,0,0,0,0,"Daniel Palencia",27914,694037
"Andry Lara","WSN",9,0,0,0,0,0,0,0,0,0,0,0,0,0,0,0,0,0,0,0,"Andry Lara",27967,691251
"Cristian Mena","ARI",3,0,0,0,0,0,0,0,0,0,0,0,0,0,0,0,0,0,0,0,"Cristian Mena",27974,691441
"Luke Little","CHC",2,0,0,0,0,0,0,0,0,0,0,0,0,0,0,0,0,0,0,0,"Luke Little",28036,681432
"Tsung-Che Cheng","PIT",3,7,7,0,0,0,0,0,0,0,0,0,3,0,0,0,0,0,1,0,"Tsung-Che Cheng",28344,691907
"Bradgley Rodriguez","SDP",7,0,0,0,0,0,0,0,0,0,0,0,0,0,0,0,0,0,0,0,"Bradgley Rodriguez",29107,699134
"Yilber Díaz","ARI",1,0,0,0,0,0,0,0,0,0,0,0,0,0,0,0,0,0,0,0,"Yilber Diaz",29271,700270
"Gordon Graceffo","STL",26,0,0,0,0,0,0,0,0,0,0,0,0,0,0,0,0,0,0,0,"Gordon Graceffo",29519,700669
"Ryan Loutos","- - -",12,0,0,0,0,0,0,0,0,0,0,0,0,0,0,0,0,0,0,0,"Ryan Loutos",29521,702795
"Andre Granillo","STL",14,0,0,0,0,0,0,0,0,0,0,0,0,0,0,0,0,0,0,0,"Andre Granillo",29542,701552
"Patrick Monteverde","MIA",1,0,0,0,0,0,0,0,0,0,0,0,0,0,0,0,0,0,0,0,"Patrick Monteverde",29564,687287
"Kyle Backhus","ARI",32,0,0,0,0,0,0,0,0,0,0,0,0,0,0,0,0,0,0,0,"Kyle Backhus",29615,679775
"Alek Jacob","SDP",29,0,0,0,0,0,0,0,0,0,0,0,0,0,0,0,0,0,0,0,"Alek Jacob",29628,689690
"Matt Svanson","STL",39,0,0,0,0,0,0,0,0,0,0,0,0,0,0,0,0,0,0,0,"Matt Svanson",29629,694335
"Andrew Hoffmann","ARI",8,0,0,0,0,0,0,0,0,0,0,0,0,0,0,0,0,0,0,0,"Andrew Hoffmann",29633,694851
"Robert Gasser","MIL",2,0,0,0,0,0,0,0,0,0,0,0,0,0,0,0,0,0,0,0,"Robert Gasser",29812,688107
"Emmet Sheehan","LAD",15,0,0,0,0,0,0,0,0,0,0,0,0,0,0,0,0,0,0,0,"Emmet Sheehan",29839,686218
"Ryan Bergert","SDP",11,0,0,0,0,0,0,0,0,0,0,0,0,0,0,0,0,0,0,0,"Ryan Bergert",29863,686701
"Bubba Chandler","PIT",7,0,0,0,0,0,0,0,0,0,0,0,0,0,0,0,0,0,0,0,"Bubba Chandler",29868,696149
"Michael McGreevy","STL",17,0,0,0,0,0,0,0,0,0,0,0,0,0,0,0,0,0,0,0,"Michael McGreevy",29869,700241
"Andrew Abbott","CIN",29,0,0,0,0,0,0,0,0,0,0,0,0,0,0,0,0,0,0,0,"Andrew Abbott",29911,671096
"Andrew Alvarez","WSN",5,0,0,0,0,0,0,0,0,0,0,0,0,0,0,0,0,0,0,0,"Andrew Alvarez",29914,674841
"Dylan Dodd","ATL",28,0,0,0,0,0,0,0,0,0,0,0,0,0,0,0,0,0,0,0,"Dylan Dodd",29928,689266
"AJ Smith-Shawver","ATL",9,0,0,0,0,0,0,0,0,0,0,0,0,0,0,0,0,0,0,0,"AJ Smith-Shawver",29960,700363
"McCade Brown","COL",7,0,0,0,0,0,0,0,0,0,0,0,0,0,0,0,0,0,0,0,"McCade Brown",30004,685326
"Landen Roupp","SFG",22,0,0,0,0,0,0,0,0,0,0,0,0,0,0,0,0,0,0,0,"Landen Roupp",30076,694738
"Carson Seymour","SFG",16,0,0,0,0,0,0,0,0,0,0,0,0,0,0,0,0,0,0,0,"Carson Seymour",30084,693313
"Ben Casparius","LAD",46,0,0,0,0,0,0,0,0,0,0,0,0,0,0,0,0,0,0,0,"Ben Casparius",30085,676508
"Jordan Wicks","CHC",8,0,0,0,0,0,0,0,0,0,0,0,0,0,0,0,0,0,0,0,"Jordan Wicks",30094,696136
"Chad Patrick","MIL",27,0,0,0,0,0,0,0,0,0,0,0,0,0,0,0,0,0,0,0,"Chad Patrick",30113,694477
"Robert Suarez","SDP",70,0,0,0,0,0,0,0,0,0,0,0,0,0,0,0,0,0,0,0,"Robert Suarez",30115,663158
"Dom Hamel","NYM",1,0,0,0,0,0,0,0,0,0,0,0,0,0,0,0,0,0,0,0,"Dom Hamel",30153,687589
"Carlos Rodriguez","MIL",4,0,0,0,0,0,0,0,0,0,0,0,0,0,0,0,0,0,0,0,"Carlos Rodriguez",30161,692230
"Chase Petty","CIN",3,0,0,0,0,0,0,0,0,0,0,0,0,0,0,0,0,0,0,0,"Chase Petty",30170,695534
"Mason Black","SFG",1,0,0,0,0,0,0,0,0,0,0,0,0,0,0,0,0,0,0,0,"Mason Black",30171,696131
"Christian Montes De Oca","ARI",1,0,0,0,0,0,0,0,0,0,0,0,0,0,0,0,0,0,0,0,"Christian Montes De Oca",30206,801216
"Spencer Bivens","SFG",54,0,0,0,0,0,0,0,0,0,0,0,0,0,0,0,0,0,0,0,"Spencer Bivens",30226,702352
"Jack Dreyer","LAD",67,0,0,0,0,0,0,0,0,0,0,0,0,0,0,0,0,0,0,0,"Jack Dreyer",30249,676263
"Jaden Hill","COL",28,0,0,0,0,0,0,0,0,0,0,0,0,0,0,0,0,0,0,0,"Jaden Hill",30250,677955
"Didier Fuentes","ATL",4,0,0,0,0,0,0,0,0,0,0,0,0,0,0,0,0,0,0,0,"Didier Fuentes",30661,800311
"Justin Wrobleski","LAD",24,0,0,0,0,0,0,0,0,0,0,0,0,0,0,0,0,0,0,0,"Justin Wrobleski",31204,680736
"Chris Roycroft","STL",20,0,0,0,0,0,0,0,0,0,0,0,0,0,0,0,0,0,0,0,"Chris Roycroft",31261,688297
"Logan Henderson","MIL",5,0,0,0,0,0,0,0,0,0,0,0,0,0,0,0,0,0,0,0,"Logan Henderson",31475,701656
"Michael Darrell-Hicks","PIT",1,0,0,0,0,0,0,0,0,0,0,0,0,0,0,0,0,0,0,0,"Michael Darrell-Hicks",31501,690382
"Zach Agnos","COL",30,0,0,0,0,0,0,0,0,0,0,0,0,0,0,0,0,0,0,0,"Zach Agnos",31552,688642
"Paul Gervase","LAD",1,0,0,0,0,0,0,0,0,0,0,0,0,0,0,0,0,0,0,0,"Paul Gervase",31571,801434
"Zach Maxwell","CIN",8,0,0,0,0,0,0,0,0,0,0,0,0,0,0,0,0,0,0,0,"Zach Maxwell",31610,687209
"Carson Palmquist","COL",9,0,0,0,0,0,0,0,0,0,0,0,0,0,0,0,0,0,0,0,"Carson Palmquist",31612,687223
"David Morgan","SDP",41,0,0,0,0,0,0,0,0,0,0,0,0,0,0,0,0,0,0,0,"David Morgan",31616,688158
"Jacob Misiorowski","MIL",15,0,0,0,0,0,0,0,0,0,0,0,0,0,0,0,0,0,0,0,"Jacob Misiorowski",31623,694819
"Hayden Birdsong","SFG",21,0,0,0,0,0,0,0,0,0,0,0,0,0,0,0,0,0,0,0,"Hayden Birdsong",31635,806185
"Carson Whisenhunt","SFG",5,0,0,0,0,0,0,0,0,0,0,0,0,0,0,0,0,0,0,0,"Carson Whisenhunt",31676,687931
"Blade Tidwell","NYM",4,0,0,0,0,0,0,0,0,0,0,0,0,0,0,0,0,0,0,0,"Blade Tidwell",31701,694918
"Mason Miller","SDP",22,0,0,0,0,0,0,0,0,0,0,0,0,0,0,0,0,0,0,0,"Mason Miller",31757,695243
"Orion Kerkering","PHI",69,0,0,0,0,0,0,0,0,0,0,0,0,0,0,0,0,0,0,0,"Orion Kerkering",31776,689147
"Cade Gibson","MIA",44,0,0,0,0,0,0,0,0,0,0,0,0,0,0,0,0,0,0,0,"Cade Gibson",31815,806188
"Kodai Senga","NYM",22,0,0,0,0,0,0,0,0,0,0,0,0,0,0,0,0,0,0,0,"Kodai Senga",31838,673540
"Spencer Schwellenbach","ATL",17,0,0,0,0,0,0,0,0,0,0,0,0,0,0,0,0,0,0,0,"Spencer Schwellenbach",31846,680885
"Cade Horton","CHC",23,0,0,0,0,0,0,0,0,0,0,0,0,0,0,0,0,0,0,0,"Cade Horton",31872,690990
"Adam Mazur","MIA",6,0,0,0,0,0,0,0,0,0,0,0,0,0,0,0,0,0,0,0,"Adam Mazur",31900,800049
"Hayden Harris","ATL",3,0,0,0,0,0,0,0,0,0,0,0,0,0,0,0,0,0,0,0,"Hayden Harris",31913,802686
"Brad Lord","WSN",48,0,0,0,0,0,0,0,0,0,0,0,0,0,0,0,0,0,0,0,"Brad Lord",31972,695418
"Thomas Harrington","PIT",3,0,0,0,0,0,0,0,0,0,0,0,0,0,0,0,0,0,0,0,"Thomas Harrington",31989,802419
"Jonah Tong","NYM",5,0,0,0,0,0,0,0,0,0,0,0,0,0,0,0,0,0,0,0,"Jonah Tong",32157,804636
"Hunter Barco","PIT",2,0,0,0,0,0,0,0,0,0,0,0,0,0,0,0,0,0,0,0,"Hunter Barco",33174,682995
"Craig Yoho","MIL",8,0,0,0,0,0,0,0,0,0,0,0,0,0,0,0,0,0,0,0,"Craig Yoho",33248,684974
"Seth Halvorsen","COL",42,0,0,0,0,0,0,0,0,0,0,0,0,0,0,0,0,0,0,0,"Seth Halvorsen",33294,678020
"Chase Dollander","COL",21,0,0,0,0,0,0,0,0,0,0,0,0,0,0,0,0,0,0,0,"Chase Dollander",33482,801403
"Hurston Waldrep","ATL",10,0,0,0,0,0,0,0,0,0,0,0,0,0,0,0,0,0,0,0,"Hurston Waldrep",33527,694462
"Brandyn Garcia","ARI",12,0,0,0,0,0,0,0,0,0,0,0,0,0,0,0,0,0,0,0,"Brandyn Garcia",33568,805299
"Paul Skenes","PIT",32,0,0,0,0,0,0,0,0,0,0,0,0,0,0,0,0,0,0,0,"Paul Skenes",33677,694973
"Nolan McLean","NYM",8,0,0,0,0,0,0,0,0,0,0,0,0,0,0,0,0,0,0,0,"Nolan McLean",33703,690997
"Philip Abner","ARI",5,0,0,0,0,0,0,0,0,0,0,0,0,0,0,0,0,0,0,0,"Philip Abner",33821,691769
"Yoshinobu Yamamoto","LAD",30,0,0,0,0,0,0,0,0,0,0,0,0,0,0,0,0,0,0,0,"Yoshinobu Yamamoto",33825,808967
"Yuki Matsui","SDP",61,0,0,0,0,0,0,0,0,0,0,0,0,0,0,0,0,0,0,0,"Yuki Matsui",33826,673513
"Shota Imanaga","CHC",25,0,0,0,0,0,0,0,0,0,0,0,0,0,0,0,0,0,0,0,"Shota Imanaga",33829,684007
"Brandon Sproat","NYM",4,0,0,0,0,0,0,0,0,0,0,0,0,0,0,0,0,0,0,0,"Brandon Sproat",33850,687075
"Jonathan Pintaro","NYM",1,0,0,0,0,0,0,0,0,0,0,0,0,0,0,0,0,0,0,0,"Jonathan Pintaro",33980,702752
"Roki Sasaki","LAD",10,0,0,0,0,0,0,0,0,0,0,0,0,0,0,0,0,0,0,0,"Roki Sasaki",35323,808963
"Shinnosuke Ogasawara","WSN",23,1,1,0,0,0,0,0,0,0,0,0,1,0,0,0,0,0,0,0,"Shinnosuke Ogasawara",35324,829272
"Chase Burns","CIN",13,0,0,0,0,0,0,0,0,0,0,0,0,0,0,0,0,0,0,0,"Chase Burns",35333,695505