Name,Team,W,L,QS,ERA,G,GS,SV,HLD,IP,TBF,H,R,ER,HR,BB,IBB,HBP,SO,K/9,BB/9,K/BB,HR/9,K%,BB%,K-BB%,AVG,WHIP,BABIP,LOB%,GB%,HR/FB,FIP,WAR,RA9-WAR,ADP,InterSD,InterSK,IntraSD,PlayerId
"Aaron Nola","PHI",13,9,,3.83509,32,32,0,0,195,794,178,90,83,22,39,,6,203,9.36359,1.79303,5.22222,0.996126,0.255782,0.0489796,0.20680271089076996,0.238095,1.11234,0.298969,0.682081,,,3.31038,5.32131,3.7882,52.81999969482422,,,,"16149"
"Spencer Strider","ATL",16,7,,3.28386,31,31,0,0,176,713,132,69,64,21,53,,10,254,13.0241,2.72727,4.77551,1.05751,0.356164,0.0745814,0.2815829664468765,0.203673,1.05751,0.297688,0.740997,,,2.96438,5.087,4.80095,5.170000076293945,,,,"27498"
"Zack Wheeler","PHI",12,8,,3.61047,32,32,0,0,192,797,173,84,77,18,54,,8,192,9,2.51163,3.58333,0.837209,0.241234,0.0673212,0.17391304671764374,0.235562,1.18023,0.295745,0.708749,,,3.42365,5.07418,4.21804,23.399999618530273,,,,"10310"
"Logan Webb","SFG",14,9,,3.32812,32,32,0,0,201,824,189,80,74,17,43,,7,173,7.78125,1.92187,4.04878,0.75,0.21066,0.0520305,0.15862945094704628,0.244595,1.15625,0.295699,0.726453,,,3.35921,4.33987,4.88774,50.25,,,,"17995"
"Yoshinobu Yamamoto","LAD",16,8,,3.62522,29,29,0,0,192,739,146,84,77,24,40,,6,188,8.82662,1.89142,4.66667,1.10333,0.254932,0.0546282,0.20030346512794495,0.210356,0.96906,0.254079,0.666179,,,3.6053,4.33259,3.95234,999,,,,"33825"
"Max Fried","ATL",15,7,,3.27146,31,31,0,0,173,715,159,68,63,15,47,,5,158,8.21346,2.43619,3.37143,0.765661,0.220974,0.0655431,0.15543071925640106,0.240404,1.19103,0.295082,0.743146,,,3.44066,3.80465,4.69706,59.08000183105469,,,,"13743"
"Shota Imanaga","CHC",9,6,,3.54745,29,29,0,0,160,670,146,68,63,17,47,,7,170,9.59124,2.62774,3.65,0.985402,0.254355,0.0696864,0.18466899544000626,0.236742,1.20438,0.299728,0.743056,,,3.55431,3.52857,3.61197,170.22999572753906,,,,"sa3023346"
"Dylan Cease","SDP",10,7,,3.58289,31,31,0,0,173,731,141,74,69,19,73,,7,209,10.9091,3.79679,2.87324,1.01604,0.286517,0.0997191,0.18679774552583694,0.216088,1.23589,0.287105,0.749724,,,3.68879,3.47087,3.49068,97.83000183105469,,,,"18525"
"Jesús Luzardo","MIA",9,10,,3.88235,31,31,0,0,173,727,154,80,75,23,60,,7,196,10.1765,3.11765,3.26415,1.17647,0.26947,0.0825545,0.18691588193178177,0.233276,1.23529,0.297436,0.732919,,,3.84981,3.11982,3.33518,79.31999969482422,,,,"19959"
"Yu Darvish","SDP",12,11,,3.96421,29,29,0,0,177,725,156,84,78,23,46,,11,170,8.67171,2.35375,3.68421,1.17688,0.234506,0.0636516,0.17085428535938263,0.232727,1.14246,0.278772,0.695839,,,3.99833,3.08583,2.66732,175.6699981689453,,,,"13074"
"Mitch Keller","PIT",10,11,,4.11305,32,32,0,0,186,800,181,92,85,21,60,,12,177,8.55081,2.92243,2.92593,1.02826,0.22067,0.075419,0.14525139331817627,0.248848,1.29886,0.301688,0.707497,,,4.01271,3.07526,3.0591,156.8699951171875,,,,"17594"
"Joe Musgrove","SDP",12,6,,3.3758,29,29,0,0,172,711,154,69,64,19,41,,15,162,8.47134,2.16561,3.91176,1.01911,0.22735,0.0581197,0.16923077031970024,0.235621,1.13942,0.284615,0.750361,,,3.82121,3.02932,3.99118,93.05000305175781,,,,"12970"
"Zac Gallen","ARI",14,9,,3.57488,32,32,0,0,195,801,172,84,77,24,57,,7,183,8.45411,2.657,3.18182,1.11111,0.22846,0.0718016,0.15665795654058456,0.234375,1.18089,0.280632,0.745474,,,3.97968,2.97283,4.39856,40.02000045776367,,,,"19291"
"Justin Steele","CHC",11,9,,3.63992,31,31,0,0,172,727,165,75,70,19,51,,8,156,8.16047,2.64188,3.08889,0.998043,0.21517,0.0696594,0.14551084488630295,0.247475,1.25245,0.296804,0.743163,,,3.90083,2.97173,3.67794,94.83000183105469,,,,"17312"
"Walker Buehler","LAD",9,5,,3.558,23,23,0,0,140,563,122,60,55,17,34,,5,136,8.74919,2.15813,4.05405,1.10823,0.241546,0.0595813,0.18196456879377365,0.231433,1.10823,0.280488,0.727147,,,3.72814,2.95247,3.01536,182.27999877929688,,,,"19374"
"Freddy Peralta","MIL",10,9,,3.8563,29,29,0,0,157,645,126,72,67,21,58,,8,179,10.2637,3.32235,3.08929,1.18655,0.277689,0.0898876,0.18780095130205154,0.218247,1.17337,0.278689,0.72,,,3.95379,2.9054,3.07152,50.47999954223633,,,,"18679"
"Tyler Glasnow","LAD",12,6,,3.57566,26,26,0,0,139,566,115,60,55,21,44,,0,173,11.1834,2.81488,3.97297,1.3694,0.30625,0.0770833,0.2291666716337204,0.221219,1.14117,0.28777,0.765027,,,3.68615,2.83364,2.94113,37.97999954223633,,,,"14374"
"Blake Snell","SFG",12,9,,3.52495,29,29,0,0,159,682,132,67,62,17,79,,3,200,11.314,4.49147,2.51899,0.966519,0.29351,0.116519,0.17699117213487625,0.219799,1.3266,0.3,0.767991,,,3.69092,2.80845,3.43737,73.19000244140625,,,,"13543"
"Michael King","SDP",11,7,,3.48837,41,24,0,1,163,680,130,69,63,23,61,,9,215,11.8605,3.3887,3.5,1.29568,0.31565,0.0901857,0.22546419501304626,0.213018,1.17386,0.286408,0.774487,,,3.7866,2.79227,3.16401,132.4499969482422,,,,"19853"
"Bobby Miller","LAD",11,6,,3.73634,26,26,0,0,137,564,119,62,57,14,40,,7,128,8.39039,2.622,3.2,0.917698,0.226148,0.0706714,0.15547702461481094,0.229287,1.15805,0.278515,0.695839,,,3.74302,2.77385,2.59006,66.5,,,,"27483"
"Chris Sale","ATL",9,6,,3.84447,28,28,0,0,140,589,125,64,60,20,43,,11,171,11.0405,2.76013,4,1.28149,0.290909,0.0727273,0.21818183362483978,0.234286,1.20482,0.306667,0.740741,,,3.80269,2.76319,2.83765,107.16999816894531,,,,"10603"
"Sonny Gray","STL",9,7,,3.56494,31,31,0,0,169,704,153,73,67,19,54,,8,147,7.83117,2.86364,2.73469,0.993506,0.209375,0.0765625,0.1328125074505806,0.238014,1.22078,0.281755,0.742996,,,4.04075,2.59987,3.57487,132.3800048828125,,,,"12768"
"Edwin Díaz","NYM",5,2,,2.61818,64,0,35,1,64,258,42,20,19,5,21,,6,101,14.2364,2.94545,4.83333,0.654545,0.391892,0.0810811,0.3108108192682266,0.180905,0.981818,0.296296,0.764463,,,2.2914,2.50485,2.18542,42.86000061035156,,,,"14710"
"Brandon Pfaadt","ARI",9,9,,3.97149,26,26,0,0,141,594,136,67,62,18,35,,7,137,8.73727,2.19959,3.97222,1.1609,0.231018,0.0581583,0.17285944521427155,0.246528,1.20842,0.297101,0.713342,,,3.86604,2.4783,2.51571,206.6699981689453,,,,"27782"
"Eduardo Rodriguez","ARI",11,8,,3.65217,24,24,0,0,134,571,131,59,54,16,42,,3,131,8.80435,2.80435,3.13953,1.04348,0.229983,0.0732538,0.15672912448644638,0.249538,1.28986,0.305128,0.751928,,,3.80576,2.4628,2.88118,216.1300048828125,,,,"13164"
"Sean Manaea","NYM",9,11,,4.53982,26,26,0,0,171,733,168,94,86,26,53,,8,173,9.07965,2.78761,3.25714,1.35398,0.235537,0.0723141,0.16322313249111176,0.25,1.29204,0.300319,0.687398,,,4.25504,2.46207,1.31757,319.7300109863281,,,,"15873"
"Kodai Senga","NYM",9,6,,3.63354,23,23,0,0,130,553,107,57,53,15,62,,4,154,10.6211,4.24845,2.5,1.00621,0.278184,0.111274,0.16691067814826965,0.219269,1.29193,0.28934,0.754923,,,3.85752,2.44186,2.51334,225.10000610351562,,,,"31838"
"Graham Ashcraft","CIN",7,10,,4.80916,28,28,0,0,150,655,151,87,80,18,52,,10,127,7.62595,3.0916,2.46667,1.09924,0.194396,0.0788091,0.11558668315410614,0.255319,1.35115,0.297436,0.653299,,,4.38481,2.39617,1.51572,413.8500061035156,,,,"27552"
"Alex Cobb","SFG",7,6,,3.83824,24,24,0,0,127,558,135,59,54,10,42,,4,113,8.00735,2.97794,2.68889,0.727941,0.20268,0.0753769,0.12730318307876587,0.262774,1.38971,0.319712,0.725806,,,3.60798,2.35195,2.14869,422.8900146484375,,,,"6562"
"Hunter Greene","CIN",9,9,,4.30815,28,28,0,0,136,568,110,70,65,22,49,,11,172,11.3762,3.23111,3.52083,1.48093,0.303411,0.0861759,0.21723518520593643,0.216867,1.16679,0.28013,0.694888,,,4.18997,2.34271,2.21406,140.0399932861328,,,,"22182"
"Ranger Suárez","PHI",8,7,,4.02085,28,28,0,0,150,640,147,72,67,17,53,,4,127,7.63961,3.21668,2.375,1.00521,0.198261,0.0834783,0.11478260904550552,0.25239,1.34028,0.296954,0.72327,,,4.1709,2.32642,2.62424,335.3900146484375,,,,"17277"
"Nick Martinez","CIN",7,6,,4.03789,46,19,0,1,142,614,137,69,64,18,51,,4,149,9.42173,3.23031,2.91667,1.1665,0.242494,0.0831409,0.1593533530831337,0.246193,1.32602,0.304348,0.731707,,,4.01277,2.30351,2.25159,433.07000732421875,,,,"12730"
"Martín Pérez","PIT",7,10,,4.16345,26,26,0,0,155,676,163,78,72,16,53,,6,116,6.73092,3.0532,2.20455,0.902082,0.171681,0.0778761,0.09380531311035156,0.263566,1.38782,0.302956,0.710754,,,4.19567,2.28874,2.41519,576.780029296875,,,,"6902"
"Merrill Kelly","ARI",11,11,,3.97403,31,31,0,0,182,762,175,88,81,25,56,,4,156,7.71429,2.74675,2.80851,1.22727,0.204969,0.0729814,0.1319875791668892,0.249158,1.26623,0.287982,0.730676,,,4.28751,2.18993,3.09235,139.86000061035156,,,,"11156"
"MacKenzie Gore","WSN",8,8,,4.26724,28,28,0,0,138,597,127,70,65,19,58,,4,153,10.0086,3.80172,2.63265,1.24138,0.256461,0.0974155,0.1590457335114479,0.237251,1.34483,0.297386,0.726048,,,4.16883,2.17777,2.02281,267.3399963378906,,,,"22201"
"Eury Pérez","MIA",6,6,,3.62903,23,23,0,0,104,428,89,45,42,13,34,,3,115,9.94355,2.97581,3.34146,1.08871,0.268627,0.0803922,0.1882353127002716,0.227957,1.18548,0.290735,0.738095,,,3.70665,2.1486,2.3237,125.13999938964844,,,,"27768"
"Charlie Morton","ATL",12,8,,4.08818,28,28,0,0,153,660,137,75,69,19,65,,13,169,9.97996,3.8477,2.59375,1.14228,0.256569,0.0989181,0.15765070915222168,0.235088,1.32265,0.298701,0.723454,,,4.23032,2.02787,2.58554,224.50999450683594,,,,"4676"
"Frankie Montas","CIN",8,10,,4.64919,26,26,0,0,145,624,144,81,75,25,47,,6,151,9.36777,2.91442,3.21429,1.5266,0.241935,0.0752688,0.1666666716337204,0.252446,1.31843,0.30226,0.706134,,,4.46553,2.00792,1.75375,325.8299865722656,,,,"14309"
"Lance Lynn","STL",9,12,,4.4586,29,29,0,0,165,713,164,89,82,24,56,,8,154,8.40764,3.05732,2.75,1.33758,0.216039,0.0785597,0.1374795287847519,0.253597,1.33758,0.297767,0.70802,,,4.48646,1.99683,1.64748,311.5299987792969,,,,"2520"
"Steven Matz","STL",7,7,,3.99229,35,23,0,1,129,556,129,62,57,16,40,,5,125,8.76567,2.77724,3.15625,1.12825,0.225446,0.0714286,0.1540178656578064,0.252427,1.31148,0.305369,0.730051,,,3.97828,1.97163,1.90082,389.55999755859375,,,,"13361"
"Jakob Junis","MIL",6,6,,4.26156,33,19,0,1,137,585,136,70,65,22,37,,6,141,9.23337,2.43517,3.79167,1.42052,0.240741,0.0634921,0.17724868655204773,0.251429,1.26268,0.302041,0.725108,,,4.20205,1.92535,1.84852,543.8200073242188,,,,"13619"
"Taijuan Walker","PHI",9,11,,4.67296,29,29,0,0,160,689,161,90,83,22,58,,6,125,7.03978,3.27714,2.14815,1.21376,0.181818,0.0846395,0.09717869013547897,0.257785,1.36885,0.291855,0.685714,,,4.6576,1.91003,1.49,475.5,,,,"11836"
"Miles Mikolas","STL",10,11,,4.36364,31,31,0,0,181,766,192,95,88,27,41,,7,126,6.27273,2.01818,3.10811,1.36364,0.164993,0.0530846,0.11190817505121231,0.267584,1.28485,0.291829,0.711864,,,4.61262,1.86766,2.07003,407.20001220703125,,,,"9803"
"Trevor Rogers","MIA",7,8,,4.05882,29,23,0,1,116,499,113,57,52,14,39,,6,117,9.08823,3,3.02941,1.05882,0.23516,0.0776256,0.15753424167633057,0.24812,1.30392,0.306338,0.714286,,,3.9119,1.828,1.80392,321.6300048828125,,,,"22286"
"Kyle Gibson","STL",9,11,,4.50902,31,31,0,0,171,750,177,92,86,21,65,,8,136,7.15431,3.42685,2.08772,1.08216,0.180851,0.0866261,0.09422492980957031,0.260943,1.41617,0.299781,0.701285,,,4.51089,1.82143,1.73073,454.1700134277344,,,,"10123"
"Braxton Garrett","MIA",6,6,,4.01609,24,24,0,0,127,545,128,61,57,16,36,,8,116,8.2297,2.56767,3.20513,1.11924,0.212947,0.0664395,0.14650766551494598,0.25603,1.29481,0.304786,0.724543,,,4.0963,1.81653,2.21269,247.0800018310547,,,,"21844"
"A.J. Puk","MIA",9,9,,3.72414,42,15,0,1,100,427,90,45,41,14,31,,7,131,11.7931,2.7931,4.22222,1.24138,0.306452,0.0725806,0.2338709756731987,0.230088,1.2069,0.309859,0.748299,,,3.56539,1.78195,1.56016,271.2900085449219,,,,"19343"
"Jose Quintana","NYM",7,7,,4.60381,29,29,0,0,148,661,161,82,76,18,58,,3,128,7.76329,3.52056,2.20513,1.08325,0.193694,0.0878378,0.10585585981607437,0.26799,1.47442,0.314754,0.706605,,,4.32826,1.76313,1.07204,394.7200012207031,,,,"11423"
"Jameson Taillon","CHC",7,8,,4.41112,26,26,0,0,141,592,139,74,69,22,38,,5,122,7.83467,2.43599,3.21622,1.38259,0.206957,0.0643478,0.14260870218276978,0.253283,1.25823,0.290076,0.701262,,,4.4328,1.76262,1.7185,385.9100036621094,,,,"11674"
"Kyle Hendricks","CHC",8,9,,4.40844,28,28,0,0,146,622,154,77,72,22,35,,7,113,6.98568,2.17031,3.21875,1.35644,0.182301,0.0566372,0.12566370889544487,0.265655,1.29616,0.29703,0.708333,,,4.52105,1.75609,1.74197,442.2200012207031,,,,"12049"
"Andrew Abbott","CIN",5,6,,4.40559,19,19,0,0,96,408,88,51,47,15,36,,3,105,9.81818,3.3986,2.88889,1.38462,0.256158,0.0886699,0.16748768836259842,0.239564,1.3007,0.294906,0.708763,,,4.29001,1.72507,1.41013,295.6000061035156,,,,"29911"
"David Bednar","PIT",4,2,,3.15789,68,0,32,3,68,277,55,26,24,8,21,,2,82,10.9091,2.72727,4,1.00478,0.298039,0.0745098,0.2235293984413147,0.217949,1.11643,0.291391,0.76412,,,3.28694,1.70079,1.8105,79.20999908447266,,,,"19569"
"Luis Severino","NYM",6,9,,4.79722,26,26,0,0,130,562,128,75,69,18,44,,6,119,8.2387,3.02433,2.72414,1.25145,0.211796,0.077748,0.13404826074838638,0.25,1.32097,0.293173,0.658436,,,4.37903,1.64559,0.647201,258.5,,,,"15890"
"DL Hall","MIL",5,5,,3.89253,43,19,0,1,102,443,84,48,44,13,50,,5,133,11.6776,4.36435,2.67568,1.17955,0.299094,0.111782,0.18731115758419037,0.217241,1.31062,0.292818,0.744186,,,3.97588,1.64219,1.45286,309.70001220703125,,,,"22207"
"Josiah Gray","WSN",9,11,,4.49051,31,31,0,0,168,725,154,91,84,27,75,,8,163,8.72804,3.98454,2.19048,1.45467,0.22549,0.102941,0.12254902720451355,0.239852,1.35629,0.28084,0.721393,,,4.89243,1.61029,1.89027,383.6400146484375,,,,"24580"
"Cristopher Sánchez","PHI",5,6,,4.36402,34,21,0,1,130,551,127,69,63,18,38,,6,114,7.84259,2.65636,2.95238,1.26493,0.206323,0.0698835,0.1364392638206482,0.251812,1.27196,0.291667,0.69281,,,4.3724,1.57179,1.46041,214.32000732421875,,,,"20778"
"Raisel Iglesias","ATL",7,4,,3.09222,66,0,31,3,66,267,56,25,23,8,16,,1,84,11.3924,2.11573,5.38461,1.13924,0.3125,0.0580357,0.2544642835855484,0.22381,1.08499,0.300752,0.776892,,,3.12846,1.56721,1.7932,61.150001525878906,,,,"17130"
"Nick Lodolo","CIN",4,6,,4.62366,36,23,0,1,118,521,109,65,61,18,41,,18,142,10.7527,3.11828,3.44828,1.39785,0.271739,0.0788044,0.1929347738623619,0.236196,1.26643,0.300469,0.683371,,,4.39005,1.55406,1.34105,260.04998779296875,,,,"26378"
"Reynaldo López","ATL",10,6,,3.67105,51,16,0,1,107,449,94,48,44,13,39,,3,118,9.94737,3.31579,3,1.06579,0.2625,0.0875,0.17499998956918716,0.231034,1.25,0.294416,0.740291,,,3.7682,1.52024,1.64186,362.6700134277344,,,,"16400"
"Colin Rea","MIL",6,6,,4.55191,33,23,0,1,128,543,130,71,65,21,35,,3,112,7.82609,2.4756,3.16129,1.43744,0.205882,0.065126,0.140756294131279,0.257919,1.2866,0.294479,0.692821,,,4.49728,1.51236,1.19358,489.8299865722656,,,,"12317"
"Austin Gomber","COL",8,12,,5.32544,28,28,0,0,151,654,166,97,89,26,47,,4,110,6.54269,2.81488,2.32432,1.52156,0.167969,0.0722656,0.0957031100988388,0.275424,1.41167,0.300546,0.654676,,,5.01328,1.51215,1.4356,733.7899780273438,,,,"16561"
"Ryan Feltner","COL",6,7,,5.14563,23,23,0,0,109,483,113,67,63,17,45,,4,98,8.05825,3.68932,2.18421,1.35922,0.202934,0.0929095,0.11002445966005325,0.26087,1.44552,0.302583,0.673077,,,4.7545,1.43957,1.29199,740.9600219726562,,,,"21446"
"Kyle Harrison","SFG",3,3,,4.2333,28,28,0,0,110,481,93,56,52,13,55,,9,132,10.7526,4.4873,2.39623,1.10066,0.273707,0.114224,0.15948276966810226,0.223881,1.34525,0.293893,0.713141,,,4.20518,1.43857,1.34836,235.39999389648438,,,,"27758"
"Trevor Megill","MIL",2,2,,3.47107,64,0,9,9,64,280,56,26,25,9,23,,2,90,12.6446,3.22314,3.92308,1.23967,0.320755,0.081761,0.23899370431900024,0.22069,1.23967,0.303371,0.789474,,,3.39278,1.43438,1.33086,475.4100036621094,,,,"17722"
"Clayton Kershaw","LAD",6,4,,3.46457,13,13,0,0,70,284,63,29,27,10,17,,1,70,9.05512,2.20472,4.10714,1.25984,0.247312,0.060215,0.18709678202867508,0.236782,1.14611,0.286184,0.764273,,,3.84997,1.41109,1.61447,477.5,,,,"2036"
"Cal Quantrill","COL",7,9,,4.93344,28,28,0,0,149,654,164,89,82,22,49,,9,97,5.84965,2.96006,1.97619,1.33908,0.148479,0.0751342,0.07334526628255844,0.275049,1.42522,0.297297,0.682111,,,5.06397,1.39845,1.98868,692.0999755859375,,,,"19312"
"José Alvarado","PHI",4,3,,3.57853,65,0,22,6,65,274,53,28,26,8,27,,1,88,12.167,3.75746,3.2381,1.07356,0.320755,0.0990566,0.2216981053352356,0.215789,1.2326,0.301724,0.746269,,,3.41409,1.38907,1.22378,158.8000030517578,,,,"17780"
"Jhony Brito","SDP",10,9,,4.02632,54,18,0,1,131,554,126,63,59,16,38,,7,106,7.26316,2.60526,2.78788,1.10526,0.191268,0.0686071,0.12266112118959427,0.246606,1.24561,0.282738,0.710784,,,4.26381,1.36137,1.37429,481.9100036621094,,,,"25386"
"Kyle Freeland","COL",8,11,,5.24399,29,29,0,0,154,684,181,96,90,25,46,,7,98,5.70284,2.68755,2.12195,1.4421,0.142623,0.0672131,0.07540983706712723,0.285968,1.47123,0.306167,0.67757,,,5.09772,1.30625,1.71123,654.3900146484375,,,,"16256"
"Tanner Scott","MIA",7,5,,3.37331,66,0,27,4,66,279,51,27,25,7,28,,5,92,12.5487,3.77811,3.32143,0.944528,0.329787,0.0992908,0.23049644380807877,0.208835,1.1994,0.302013,0.754986,,,3.31501,1.3014,1.45453,104.87999725341797,,,,"17586"
"James Paxton","LAD",10,8,,4.51231,35,21,0,1,118,512,116,63,59,20,46,,2,125,9.51686,3.5278,2.69767,1.5588,0.243697,0.0903361,0.15336134284734726,0.25058,1.37648,0.300676,0.73955,,,4.62241,1.26586,1.0248,302.6499938964844,,,,"11828"
"Jared Jones","PIT",5,6,,4.46218,27,21,0,1,105,461,101,57,52,12,42,,8,94,8.01681,3.55462,2.25532,1.05882,0.203846,0.0903846,0.11346155405044556,0.24569,1.35294,0.290698,0.685997,,,4.4147,1.25915,1.23566,999,,,,"sa3014459"
"A.J. Minter","ATL",6,3,,3.65625,64,0,3,12,64,263,55,28,26,8,19,,2,77,10.8281,2.67188,4.05263,1.125,0.292776,0.0722433,0.22053231298923492,0.227273,1.15625,0.299363,0.732484,,,3.45817,1.22015,1.09627,445.8399963378906,,,,"18655"
"Robert Gasser","MIL",4,4,,4.28571,22,16,0,1,90,389,84,47,43,12,32,,8,91,9.07143,3.14286,2.88636,1.21429,0.233886,0.0810313,0.15285451710224152,0.239754,1.27778,0.290698,0.699708,,,4.30266,1.20456,1.09233,999,,,,"sa3017310"
"Adrian Houser","NYM",7,8,,4.44744,24,24,0,0,125,543,126,66,62,15,48,,5,89,6.38814,3.47709,1.83721,1.05121,0.1639,0.0892116,0.07468879967927933,0.257471,1.39263,0.28863,0.701754,,,4.62072,1.19005,1.23364,532.5999755859375,,,,"12718"
"Jordan Wicks","CHC",5,6,,4.40616,31,23,0,1,108,464,106,57,53,14,38,,4,92,7.66999,3.18223,2.41026,1.14234,0.198312,0.0822785,0.11603377014398575,0.25058,1.33273,0.291022,0.698587,,,4.37018,1.17956,1.17465,436.7900085449219,,,,"30094"
"Edward Cabrera","MIA",7,9,,4.40784,23,23,0,0,110,471,96,58,54,15,52,,7,113,9.29653,4.24755,2.18868,1.20214,0.240664,0.109959,0.13070539385080338,0.232227,1.34461,0.285223,0.707692,,,4.52842,1.11988,1.39691,340.2099914550781,,,,"21690"
"Wade Miley","MIL",7,8,,4.24297,24,24,0,0,128,551,132,65,60,17,46,,3,87,6.11967,3.26383,1.875,1.22393,0.157563,0.0840336,0.07352941483259201,0.263279,1.39619,0.28863,0.736842,,,4.83256,1.1162,1.8586,529.9199829101562,,,,"8779"
"Max Meyer","MIA",5,5,,4.2464,26,18,0,1,88,385,85,45,42,10,38,,2,84,8.61075,3.89253,2.21212,1.0616,0.218563,0.0988024,0.11976047605276108,0.247492,1.40236,0.299539,0.720339,,,4.25111,1.10253,1.1424,400.79998779296875,,,,"27474"
"Hunter Harvey","WSN",5,3,,3.74322,64,0,13,8,64,262,56,29,27,8,17,,2,71,9.92767,2.44123,4.06667,1.13924,0.269912,0.0663717,0.20353984087705612,0.229665,1.13924,0.29078,0.714286,,,3.6167,1.05176,0.915828,256.6000061035156,,,,"15507"
"Quinn Priester","PIT",5,7,,4.67195,32,15,0,1,96,422,95,54,50,11,38,,6,80,7.52704,3.56885,2.10909,1.03821,0.190476,0.090312,0.10016420483589172,0.251376,1.38428,0.292978,0.67217,,,4.46629,1.03963,0.697182,711.1699829101562,,,,"25977"
"Giovanny Gallegos","STL",5,4,,3.65079,68,0,4,13,68,276,56,30,28,10,19,,2,80,10.6349,2.53968,4.1875,1.26984,0.291304,0.0695652,0.22173912823200226,0.221698,1.11111,0.284672,0.733591,,,3.67832,1.0248,0.967462,498.5,,,,"14986"
"Dakota Hudson","COL",7,11,,5.11954,29,23,0,1,133,594,149,82,75,18,51,,8,81,5.49052,3.48722,1.57447,1.18714,0.13628,0.0865562,0.04972375929355621,0.278119,1.50866,0.300752,0.672478,,,5.08521,1.0153,1.50338,748.75,,,,"19206"
"Jordan Hicks","SFG",9,9,,4.20968,51,21,0,1,114,501,96,57,53,13,64,,7,136,10.7419,5.08065,2.11429,1.01613,0.272059,0.128676,0.14338234066963196,0.223176,1.40323,0.296053,0.725389,,,4.22278,0.962057,1.12312,320.07000732421875,,,,"19618"
"Bryce Elder","ATL",6,4,,4.22321,37,16,0,1,109,469,107,55,51,13,41,,6,90,7.41915,3.36715,2.20339,1.08434,0.19174,0.0870207,0.10471975803375244,0.252046,1.35067,0.292208,0.713519,,,4.44718,0.961545,1.31272,491.2200012207031,,,,"27779"
"Matt Waldron","SDP",5,4,,4.48839,25,13,0,1,85,363,85,46,42,12,26,,4,70,7.42906,2.70851,2.74286,1.31556,0.192771,0.0702811,0.12248996645212173,0.253275,1.29837,0.286957,0.691824,,,4.53621,0.939384,0.61822,660.0399780273438,,,,"25550"
"Jake Irvin","WSN",4,5,,4.87824,23,23,0,0,111,484,109,65,60,17,45,,9,93,7.56481,3.67636,2.05769,1.34328,0.192793,0.0936937,0.09909909218549728,0.25355,1.39042,0.288828,0.678191,,,4.97539,0.912492,0.779531,622.6699829101562,,,,"21504"
"Ryan Helsley","STL",6,5,,3.46154,65,0,30,4,65,264,51,28,25,9,26,,0,78,10.7308,3.63462,2.95238,1.21154,0.293839,0.0995261,0.19431278854608536,0.215789,1.19231,0.280992,0.766284,,,3.83196,0.904903,1.09824,92.54000091552734,,,,"18138"
"Marco Gonzales","PIT",6,12,,4.70085,24,24,0,0,135,581,145,75,70,20,41,,4,87,5.81197,2.73504,2.125,1.36752,0.14978,0.0704846,0.07929515093564987,0.26969,1.37702,0.289552,0.701468,,,4.93595,0.90208,1.41055,634.219970703125,,,,"15467"
"Alexis Díaz","CIN",7,6,,3.89552,68,0,31,3,68,277,48,31,29,8,32,,7,81,10.7463,4.29851,2.5,1.07463,0.29304,0.117216,0.17582418769598007,0.200855,1.1791,0.267123,0.707965,,,4.16549,0.897644,1.23047,77.36000061035156,,,,"21132"
"Aroldis Chapman","PIT",5,5,,3.6961,64,0,5,11,64,273,49,29,26,9,35,,1,100,14.0452,4.98973,2.81481,1.29363,0.365385,0.129808,0.23557692766189575,0.205556,1.31417,0.309278,0.774908,,,3.72732,0.896648,0.95693,346.42999267578125,,,,"10233"
"Domingo Germán","PIT",3,4,,3.96111,22,8,0,1,60,244,54,28,26,8,16,,2,59,8.8434,2.48721,3.55556,1.19754,0.24,0.0675,0.17249999195337296,0.238482,1.17707,0.288462,0.71281,,,3.97152,0.875408,0.954551,602.739990234375,,,,"17149"
"Paul Skenes","PIT",2,3,,4.56693,13,13,0,0,64,268,62,35,33,8,23,,0,50,6.92913,3.14961,2.2,1.10236,0.184874,0.0840336,0.10084033012390137,0.252294,1.31234,0.287425,0.667178,,,4.3574,0.851564,0.722142,294.7200012207031,,,,"sa3023079"
"Ryan Borucki","PIT",3,3,,3.72093,63,0,1,15,63,257,54,28,26,7,21,,3,63,9.06977,3.02326,3,0.930233,0.246835,0.0822785,0.16455695778131485,0.230769,1.18863,0.29,0.717822,,,3.746,0.846536,0.866347,749.4299926757812,,,,"16350"
"Camilo Doval","SFG",7,4,,3.66516,66,0,36,2,66,281,53,29,27,7,30,,5,83,11.267,4.0724,2.76667,0.950226,0.294326,0.106383,0.1879432648420334,0.214575,1.25189,0.292994,0.737705,,,3.70753,0.81504,0.960449,57.290000915527344,,,,"21992"
"David Peterson","NYM",4,5,,4.48931,39,11,0,1,85,378,81,46,43,10,39,,5,93,9.83373,4.13302,2.37931,1.06888,0.246429,0.103571,0.1428571492433548,0.242424,1.40934,0.307018,0.700637,,,4.15765,0.811792,0.449989,718.5599975585938,,,,"20302"
"Adbert Alzolay","CHC",4,4,,3.73494,67,0,29,4,67,274,58,30,28,9,18,,4,70,9.39759,2.40964,3.9,1.20482,0.254902,0.0653595,0.1895424723625183,0.231317,1.13788,0.284974,0.71831,,,3.911,0.809011,1.02184,119.30000305175781,,,,"17859"
"Gavin Stone","LAD",4,3,,4.46087,34,10,0,1,75,322,72,40,37,10,27,,1,75,9,3.2087,2.80488,1.25217,0.232794,0.082996,0.14979757368564606,0.24612,1.32174,0.296875,0.694444,,,4.18547,0.803769,0.545362,344.2900085449219,,,,"27792"
"Evan Phillips","LAD",5,2,,3.51687,66,0,30,5,66,270,55,28,26,9,21,,4,75,10.2309,2.87744,3.55556,1.27886,0.278261,0.0782609,0.19999998807907104,0.22488,1.15453,0.284672,0.762082,,,3.94776,0.766257,1.17975,81.95999908447266,,,,"17734"
"Andrew Nardi","MIA",4,6,,3.89948,64,0,2,12,64,275,57,30,28,8,26,,4,74,10.4506,3.58752,2.91304,1.09185,0.270161,0.0927419,0.17741936445236206,0.230769,1.2825,0.29932,0.732087,,,3.91362,0.753446,0.778888,463.2099914550781,,,,"25942"
"Aaron Ashby","MIL",6,6,,4.07701,50,10,0,1,85,380,78,42,39,11,42,,5,97,10.1925,4.38279,2.32558,1.12118,0.254453,0.109415,0.1450381577014923,0.234783,1.4043,0.299145,0.745856,,,4.24032,0.727773,0.813697,462.95001220703125,,,,"23550"
"Patrick Corbin","WSN",8,15,,5.45061,29,29,0,0,162,731,191,106,98,29,57,,5,124,6.87815,3.17952,2.16327,1.62221,0.169059,0.0781499,0.09090909361839294,0.285714,1.53569,0.31377,0.685393,,,5.21611,0.725905,0.120263,641.3900146484375,,,,"9323"
"Héctor Neris","CHC",5,5,,3.89948,70,0,6,12,70,290,58,33,30,10,27,,5,80,10.2946,3.43154,3,1.24783,0.276151,0.0920502,0.18410040438175201,0.225352,1.21317,0.28777,0.731293,,,4.12159,0.703945,0.75888,411.489990234375,,,,"11804"
"Peter Lambert","COL",4,7,,5.383,40,16,0,1,105,472,114,68,63,17,42,,7,86,7.36621,3.58867,2.05263,1.41658,0.18267,0.088993,0.09367681294679642,0.26893,1.47954,0.303448,0.658333,,,5.04937,0.695935,0.658993,999,,,,"17969"
"Devin Williams","MIL",4,2,,3,35,0,14,5,35,142,24,13,12,4,16,,1,51,13.1053,4.10526,3.19231,1.10526,0.357759,0.112069,0.24568965286016464,0.191176,1.14035,0.280702,0.797101,,,3.41294,0.684412,0.966098,147.8800048828125,,,,"15816"
"Jeff Hoffman","PHI",5,5,,4.12698,66,0,2,12,66,270,54,33,30,9,28,,2,76,10.3175,3.80952,2.70833,1.26984,0.280172,0.103448,0.1767241358757019,0.223301,1.23457,0.285714,0.714286,,,4.17215,0.678131,0.519956,437.6000061035156,,,,"17432"
"Luis L. Ortiz","PIT",5,7,,4.55963,40,15,0,1,101,443,102,55,51,13,41,,5,85,7.57599,3.6477,2.07692,1.19252,0.190813,0.0918728,0.0989399254322052,0.255906,1.41855,0.295039,0.707965,,,4.65021,0.677751,0.900403,668.530029296875,,,,"27646"
"Randy Vásquez","SDP",5,6,,4.23823,44,11,0,1,89,387,83,45,42,12,35,,7,80,8.06094,3.57341,2.25581,1.16343,0.206823,0.0916844,0.11513859033584595,0.241627,1.32964,0.283388,0.715434,,,4.55698,0.674046,0.581979,630.2100219726562,,,,"24719"
"Keaton Winn","SFG",4,4,,4.28128,32,11,0,1,78,337,77,40,37,10,26,,6,72,8.28335,2.97828,2.78125,1.11686,0.213429,0.0767386,0.1366906389594078,0.251323,1.31334,0.299639,0.69873,,,4.23746,0.673227,0.593318,450.82000732421875,,,,"23499"
"Julian Merryweather","CHC",3,2,,3.96825,63,0,2,14,63,269,53,30,28,9,27,,2,83,11.9048,3.80952,3.125,1.26984,0.309917,0.0991736,0.21074380725622177,0.222222,1.26984,0.300752,0.740132,,,3.81941,0.663758,0.543089,536.3800048828125,,,,"16703"
"Brandon Williamson","CIN",3,5,,5.05066,28,13,0,1,77,340,78,47,43,12,34,,4,69,8.13718,3.99844,2.03509,1.40296,0.203509,0.1,0.10350876301527023,0.256917,1.45752,0.297297,0.685535,,,4.96977,0.646609,0.51552,686.6500244140625,,,,"25463"
"Justin Lawrence","COL",5,5,,4.54545,66,0,17,7,66,291,60,36,33,8,30,,7,72,9.87013,4.15584,2.375,1.03896,0.248366,0.104575,0.1437908485531807,0.235955,1.37085,0.300546,0.680191,,,4.25071,0.645213,0.797063,374.4599914550781,,,,"17639"
"Kevin Ginkel","ARI",5,4,,3.6,64,0,9,10,64,268,54,28,26,7,26,,2,70,9.9,3.6,2.75,1.05,0.262948,0.0956175,0.16733068227767944,0.226667,1.25,0.289474,0.751534,,,3.87171,0.625032,1.04945,461.07000732421875,,,,"19876"
"Ryne Nelson","ARI",4,5,,4.3215,45,10,0,1,88,377,88,46,42,12,29,,3,70,7.13987,2.94363,2.42553,1.18998,0.185366,0.0764228,0.10894308984279633,0.255773,1.32916,0.290698,0.705596,,,4.47286,0.620482,0.685591,481.0899963378906,,,,"26253"
"Kyle Finnegan","WSN",5,6,,4.13115,66,0,22,7,66,281,63,32,30,9,25,,1,64,8.70492,3.39344,2.56522,1.18033,0.226923,0.0884615,0.13846155256032944,0.245763,1.32787,0.295858,0.730659,,,4.20586,0.594602,0.70214,220.39999389648438,,,,"15009"
"Paul Sewald","ARI",4,2,,3.6,54,0,26,4,54,220,45,24,22,8,19,,2,65,10.8,3.10909,3.47368,1.30909,0.294643,0.0848214,0.2098214402794838,0.226601,1.18182,0.294574,0.762082,,,3.8914,0.592008,0.894938,92.12999725341797,,,,"13892"
"Joe Jiménez","ATL",4,1,,3.61377,67,0,2,16,67,279,56,29,27,10,22,,5,87,11.7017,2.92543,4,1.37667,0.311927,0.0779816,0.23394493013620377,0.22335,1.16635,0.297521,0.763052,,,3.84777,0.582734,1.01449,668.6099853515625,,,,"15761"
"Taylor Rogers","SFG",7,6,,3.97351,63,0,3,14,63,274,57,31,28,8,24,,6,81,11.5232,3.37748,3.41176,1.19205,0.294416,0.0862944,0.20812183618545532,0.232955,1.28035,0.3125,0.725806,,,3.80692,0.582454,0.311924,655.0599975585938,,,,"13449"
"JoJo Romero","STL",5,4,,3.67973,64,0,2,15,64,275,58,28,26,9,24,,2,75,10.5792,3.37308,3.13636,1.22658,0.273809,0.0873016,0.1865079030394554,0.232456,1.27768,0.298013,0.768025,,,3.9024,0.554472,0.803358,686.6500244140625,,,,"19574"
"Pierce Johnson","ATL",5,4,,4.03509,63,0,1,13,63,275,58,31,28,10,26,,0,86,12.2807,3.68421,3.33333,1.40351,0.3125,0.09375,0.2187499701976776,0.231527,1.32554,0.312,0.757042,,,3.78136,0.540318,0.419333,646.1900024414062,,,,"13435"
"Yuki Matsui","SDP",2,2,,3.95122,64,0,6,10,64,279,48,30,28,8,37,,3,86,12.0732,5.26829,2.29167,1.09756,0.307263,0.134078,0.1731843650341034,0.202614,1.34146,0.27957,0.75,,,4.05992,0.53697,0.524309,999,,,,"33826"
"Matt Strahm","PHI",6,5,,3.92338,70,0,2,12,70,284,60,33,31,10,19,,3,78,9.98679,2.4967,4,1.30779,0.273616,0.0684039,0.20521172136068344,0.229682,1.13606,0.287234,0.708215,,,3.87591,0.534726,0.45385,496.2799987792969,,,,"13799"
"Javier Assad","CHC",4,4,,4.33071,50,10,0,1,97,426,97,50,47,13,38,,6,78,7.16535,3.54331,2.02222,1.1811,0.182,0.09,0.09200000017881393,0.254464,1.39108,0.289474,0.724638,,,4.73361,0.533166,0.693517,522.760009765625,,,,"21741"
"Brooks Raley","NYM",1,3,,4.4,64,0,1,15,64,282,58,34,31,7,28,,6,71,10,4,2.5,1,0.252525,0.10101,0.1515151709318161,0.235632,1.35556,0.302521,0.685185,,,4.07726,0.525587,-0.0292339,732.6500244140625,,,,"10061"
"Jackson Rutledge","WSN",4,5,,5.25,23,15,0,1,76,343,81,48,45,11,31,,7,55,6.41667,3.66667,1.75,1.25,0.158763,0.0907217,0.06804125010967255,0.264501,1.46296,0.292035,0.656934,,,5.13467,0.523651,0.159119,750.22998046875,,,,"26215"
"Emilio Pagán","CIN",4,5,,4.63588,66,0,2,12,66,274,61,36,34,12,22,,1,67,9.1119,3.0373,3,1.59858,0.24359,0.0811966,0.16239316016435623,0.242991,1.2611,0.285714,0.701754,,,4.60495,0.514189,0.325813,657.9199829101562,,,,"14771"
"Joe Ross","MIL",6,6,,4.78582,38,16,0,1,103,449,105,59,55,17,38,,8,86,7.57755,3.32349,2.28,1.46233,0.192568,0.0844595,0.10810811072587967,0.259399,1.38848,0.292929,0.699746,,,5.0128,0.513931,0.663957,684.4299926757812,,,,"12972"
"Seranthony Domínguez","PHI",7,6,,4.15385,63,0,3,13,63,267,55,32,29,8,30,,1,71,10.2115,4.32692,2.36,1.21154,0.268182,0.113636,0.15454546362161636,0.231959,1.34615,0.296875,0.730897,,,4.23581,0.510811,0.359999,598.6699829101562,,,,"19249"
"Cade Cavalli","WSN",3,3,,4.40636,20,6,0,1,45,199,41,24,22,4,22,,3,45,8.92289,4.29621,2.07692,0.881273,0.224377,0.108033,0.11634349822998047,0.237342,1.39535,0.295154,0.690661,,,4.19751,0.510125,0.442864,674.6799926757812,,,,"27473"
"Trevor Williams","WSN",5,6,,5.14286,37,16,0,1,101,454,114,62,58,18,35,,5,82,7.3125,3.13393,2.33333,1.60714,0.181275,0.0776892,0.10358564555644989,0.275109,1.47321,0.305476,0.70073,,,5.13004,0.501981,0.310558,738.7100219726562,,,,"16977"
"Emmet Sheehan","LAD",4,2,,4.35341,34,6,0,1,61,257,51,32,29,8,27,,4,66,9.8618,3.99803,2.46667,1.24383,0.25814,0.104651,0.153488390147686,0.226913,1.29319,0.283465,0.70018,,,4.37054,0.501044,0.398461,359.95001220703125,,,,"29839"
"Tylor Megill","NYM",5,7,,4.82517,45,13,0,1,98,436,105,57,53,14,39,,4,85,7.76224,3.56643,2.17647,1.32867,0.194056,0.0891608,0.10489510744810104,0.265504,1.46076,0.305699,0.700124,,,4.75465,0.467452,0.157297,416.44000244140625,,,,"21318"
"Brusdar Graterol","LAD",4,2,,3.68852,54,0,8,10,54,223,50,24,22,6,13,,4,43,7.22951,2.21311,3.26667,1.03279,0.194444,0.0595238,0.1349206231534481,0.24569,1.18033,0.284091,0.723473,,,4.12389,0.454144,0.741403,486.6199951171875,,,,"20367"
"Alex Vesia","LAD",5,3,,3.85502,60,0,0,11,60,251,48,28,26,9,24,,3,77,11.5651,3.55848,3.25,1.33443,0.307087,0.0944882,0.21259842813014984,0.215859,1.20264,0.285714,0.745033,,,3.94697,0.444855,0.29612,737.4199829101562,,,,"25007"
"Orion Kerkering","PHI",4,2,,3.89948,63,0,4,9,63,262,58,29,27,9,16,,2,69,9.82669,2.33969,4.2,1.24783,0.2625,0.0625,0.20000001788139343,0.237668,1.17851,0.296053,0.721831,,,3.75764,0.43664,0.400914,418.94000244140625,,,,"31776"
"Germán Márquez","COL",1,2,,4.75422,5,5,0,0,28,117,27,16,15,4,9,,1,24,7.72561,3.03742,2.54348,1.18855,0.201724,0.0793103,0.12241379916667938,0.254237,1.32795,0.295455,0.661104,,,4.33354,0.427553,0.437045,749.47998046875,,,,"15038"
"Ben Brown","CHC",4,4,,4.23198,38,6,0,1,61,266,56,31,29,8,26,,3,62,9.02821,3.8558,2.34146,1.12853,0.231884,0.0990338,0.13285024464130402,0.238482,1.34796,0.291188,0.713013,,,4.28952,0.424816,0.405343,999,,,,"sa3005122"
"Joan Adon","WSN",3,4,,4.9916,30,8,0,1,62,276,63,37,34,8,26,,4,51,7.48739,3.78151,1.98,1.13445,0.186441,0.094162,0.09227871894836426,0.257384,1.44538,0.297222,0.668874,,,4.66681,0.424631,0.192777,999,,,,"22925"
"Joel Payamps","MIL",5,5,,4.01538,67,0,4,14,67,286,62,32,30,9,25,,3,66,8.86154,3.32308,2.66667,1.24615,0.231047,0.0866426,0.1444043293595314,0.24,1.29231,0.288136,0.742297,,,4.33196,0.417824,0.612954,361.9800109863281,,,,"14332"
"Scott McGough","ARI",4,4,,4.2,63,0,2,14,63,271,60,32,29,8,25,,1,67,9.6,3.6,2.66667,1.2,0.248062,0.0930233,0.1550387516617775,0.244635,1.35,0.304348,0.730659,,,4.10504,0.411828,0.348368,728.6199951171875,,,,"12056"
"Tyler Kinley","COL",3,3,,5.06702,64,0,8,9,64,275,63,39,36,10,26,,2,62,8.68633,3.6193,2.4,1.44772,0.225,0.09375,0.1312500163912773,0.256944,1.3941,0.303922,0.665138,,,4.70276,0.384012,0.223872,461.4800109863281,,,,"18297"
"Adam Ottavino","NYM",5,4,,3.98077,63,0,2,12,63,274,56,30,28,6,30,,6,67,9.51923,4.32692,2.2,0.865385,0.243363,0.110619,0.13274335116147995,0.234694,1.36538,0.301471,0.71875,,,4.12043,0.36985,0.478267,608.3200073242188,,,,"1247"
"Enyel De Los Santos","SDP",4,3,,3.9375,66,0,1,15,66,273,56,31,29,8,23,,3,65,8.85938,3.09375,2.86364,1.125,0.237736,0.0830189,0.15471698343753815,0.225,1.1875,0.272189,0.709877,,,4.08317,0.364171,0.449248,741.5700073242188,,,,"18403"
"Ryan Brasier","LAD",2,1,,4.15385,64,0,1,16,64,260,58,32,30,9,21,,2,55,7.78846,2.94231,2.64706,1.21154,0.21327,0.0805687,0.13270142674446106,0.244792,1.23077,0.285714,0.701107,,,4.37043,0.355222,0.31075,736.0700073242188,,,,"5615"
"Ryan Walker","SFG",4,4,,4.02985,60,0,0,12,60,262,56,29,27,7,23,,4,71,10.6119,3.49254,3.03846,1.07463,0.269625,0.0887372,0.1808873564004898,0.235741,1.31343,0.306818,0.729167,,,3.79235,0.354012,0.22798,748.9600219726562,,,,"20423"
"Abner Uribe","MIL",1,1,,3.74322,63,0,6,10,63,269,44,28,26,7,40,,3,83,11.8807,5.6962,2.08571,0.976492,0.309322,0.148305,0.16101697087287903,0.19697,1.33816,0.277311,0.746951,,,4.08687,0.347846,0.682027,401.5,,,,"25327"
"Anthony Bender","MIA",3,4,,4.21546,60,0,3,11,60,256,53,31,28,7,22,,6,63,9.48478,3.37237,2.8125,1.05386,0.247253,0.0879121,0.15934065729379654,0.234568,1.26464,0.294643,0.680851,,,4.07471,0.33939,0.22482,647.3099975585938,,,,"19742"
"Hayden Wesneski","CHC",3,3,,4.51327,33,5,0,1,53,228,51,29,27,7,19,,2,49,8.31858,3.27434,2.54054,1.23894,0.216092,0.0850575,0.1310344785451889,0.246193,1.3176,0.29021,0.690559,,,4.40548,0.324414,0.214177,618.52001953125,,,,"27581"
"Robbie Ray","SFG",3,2,,4.13874,12,6,0,1,44,187,42,22,20,8,16,,1,48,9.89088,3.36711,2.9375,1.54326,0.256831,0.0874317,0.16939891129732132,0.245473,1.32502,0.299401,0.761494,,,4.50212,0.309158,0.504388,544.0399780273438,,,,"11486"
"Dylan Lee","ATL",4,2,,3.375,48,0,0,4,48,197,44,19,18,6,11,,0,52,9.75,2.0625,4.72727,1.125,0.263959,0.0558376,0.20812181383371353,0.236559,1.14583,0.296875,0.772532,,,3.40087,0.308752,0.372429,750.8300170898438,,,,"19996"
"Bailey Falter","PIT",3,4,,4.35356,47,3,0,1,60,255,62,31,29,8,16,,2,44,6.64908,2.45383,2.70968,1.18734,0.173913,0.0641822,0.10973083972930908,0.260579,1.30167,0.291429,0.700787,,,4.38961,0.306449,0.281819,737.7000122070312,,,,"20070"
"Ryan Yarbrough","LAD",4,3,,4.66938,38,3,0,1,57,243,59,32,29,9,12,,5,47,7.41607,1.92269,3.85714,1.4649,0.192399,0.0498812,0.1425178200006485,0.262755,1.26144,0.294915,0.679134,,,4.60804,0.297688,0.155193,630.1799926757812,,,,"16502"
"Tommy Henry","ARI",2,2,,4.43151,29,5,0,1,50,216,49,26,24,6,20,,2,38,6.92928,3.62578,1.91111,1.04745,0.176955,0.0925926,0.08436214178800583,0.254005,1.3966,0.289941,0.703919,,,4.54421,0.291881,0.295554,717.5,,,,"26285"
"Eric Lauer","PIT",2,3,,4.41509,13,5,0,1,33,142,32,18,16,5,13,,1,30,8.06604,3.39623,2.375,1.27358,0.210177,0.0884956,0.12168139964342117,0.24878,1.33962,0.29,0.710744,,,4.49089,0.291708,0.358081,727.5900268554688,,,,"19316"
"Matthew Liberatore","STL",5,5,,4.36319,56,5,0,4,75,329,73,39,36,9,31,,5,67,7.98685,3.69762,2.16,1.10929,0.202627,0.0938086,0.10881801694631577,0.248421,1.38044,0.292614,0.707483,,,4.51223,0.289933,0.241748,674.8499755859375,,,,"22294"
"Zack Thompson","STL",5,6,,4.45161,48,6,0,1,73,325,68,39,36,9,37,,4,68,8.41935,4.54839,1.85106,1.06452,0.210654,0.113801,0.09685229510068893,0.240997,1.44086,0.288973,0.708263,,,4.59913,0.288903,0.251123,599.77001953125,,,,"25918"
"Aaron Bummer","ATL",6,3,,4.11335,62,0,0,12,62,270,53,31,28,8,28,,5,78,11.3528,4.11335,2.76,1.15174,0.289916,0.105042,0.18487396091222763,0.22488,1.31627,0.300752,0.723473,,,3.9863,0.275683,0.283147,746.5399780273438,,,,"16258"
"Fernando Cruz","CIN",3,2,,4.14365,62,0,1,11,62,282,58,31,29,10,29,,6,82,11.9337,4.14365,2.88,1.49171,0.291498,0.101215,0.19028340280056,0.235023,1.39963,0.308824,0.772871,,,4.41526,0.273258,0.370516,732.2899780273438,,,,"7048"
"Andrew Kittredge","STL",6,4,,3.97674,62,0,2,12,62,260,63,30,27,9,13,,3,46,6.69767,1.88372,3.55556,1.25581,0.177778,0.05,0.12777778133749962,0.260355,1.23256,0.290076,0.717489,,,4.34806,0.269248,0.347235,658.9400024414062,,,,"12828"
"Ryan Weathers","MIA",3,6,,4.75703,56,5,0,6,75,333,80,43,39,10,30,,3,60,7.21228,3.60614,2,1.1509,0.179732,0.0898662,0.08986616134643555,0.266949,1.47485,0.305785,0.697368,,,4.61906,0.268939,0.129646,477.7099914550781,,,,"23796"
"Tristan Beck","SFG",2,2,,4.40426,17,3,0,1,36,155,36,19,17,5,12,,2,32,8.04255,3.15957,2.54545,1.14894,0.204878,0.0804878,0.12439024448394775,0.257373,1.37234,0.303249,0.7041,,,4.30823,0.268827,0.297174,750.8400268554688,,,,"21584"
"AJ Smith-Shawver","ATL",2,2,,4.54455,25,6,0,1,45,196,41,24,23,6,24,,2,46,9.26733,4.72277,1.96226,1.24752,0.235828,0.120181,0.11564626544713974,0.239583,1.43564,0.293233,0.717703,,,4.69068,0.264255,0.324722,419.0899963378906,,,,"29960"
"Michael Grove","LAD",2,1,,4.45997,43,3,0,1,55,238,54,29,27,8,20,,1,57,9.37738,3.20203,2.92857,1.3723,0.240469,0.0821114,0.15835777670145035,0.247588,1.33418,0.299539,0.714286,,,4.29697,0.263691,0.156415,598.7999877929688,,,,"23221"
"Tyler Rogers","SFG",4,4,,3.95455,64,0,3,12,64,268,65,30,28,8,15,,4,49,6.95455,2.04545,3.4,1.09091,0.184783,0.0543478,0.1304347775876522,0.2607,1.24242,0.29798,0.720339,,,4.14898,0.26331,0.593038,695.4600219726562,,,,"15541"
"Hoby Milner","MIL",2,1,,3.87792,62,0,0,12,62,262,59,29,27,9,17,,4,60,8.72531,2.4237,3.6,1.29264,0.229787,0.0638298,0.16595744341611862,0.24537,1.22083,0.292208,0.739437,,,4.20657,0.254459,0.413127,742.030029296875,,,,"13346"
"Gregory Soto","PHI",4,4,,4.5234,62,0,2,11,62,269,54,33,31,10,29,,3,78,11.3865,4.21144,2.7037,1.40381,0.292,0.108,0.18400000035762787,0.227273,1.33449,0.297101,0.714286,,,4.31223,0.246178,0.139405,602.6799926757812,,,,"19677"
"Víctor Arano","WSN",1,1,,3.92371,28,0,0,0,28,121,25,13,12,3,11,,2,30,9.56403,3.43324,2.78571,0.980926,0.246835,0.0886076,0.1582278460264206,0.234043,1.28065,0.295918,0.724638,,,3.93624,0.23048,0.257687,999,,,,"15915"
"Joey Lucchesi","NYM",2,3,,4.93036,19,5,0,1,39,171,41,23,21,5,17,,1,31,7.2702,3.92758,1.85106,1.25348,0.18239,0.0985325,0.0838574543595314,0.264637,1.48561,0.301538,0.690647,,,4.84278,0.21672,0.0423209,735.6099853515625,,,,"19320"
"Mason Black","SFG",2,2,,4.34822,24,5,0,1,39,168,37,20,19,5,15,,3,37,8.6144,3.5278,2.44186,1.14859,0.220126,0.0901468,0.12997904419898987,0.246479,1.34913,0.296417,0.708723,,,4.39451,0.211687,0.25777,999,,,,"sa3018146"
"Carmen Mlodzinski","PIT",4,4,,4.26778,61,0,0,12,61,266,60,31,29,7,26,,2,53,7.78243,3.76569,2.06667,1.00418,0.198083,0.0958467,0.10223641991615295,0.24911,1.3947,0.293839,0.709459,,,4.31501,0.207727,0.308817,999,,,,"27572"
"Lucas Sims","CIN",5,6,,4.90909,64,0,2,14,64,273,50,37,35,9,37,,8,77,10.8,5.23636,2.0625,1.30909,0.280851,0.13617,0.14468085765838623,0.219388,1.36364,0.286885,0.673981,,,4.87322,0.205635,0.0284865,623.1300048828125,,,,"13470"
"Tanner Rainey","WSN",2,4,,5,60,0,5,12,60,267,53,36,33,9,33,,2,69,10.3333,5,2.06667,1.33333,0.258333,0.125,0.13333332538604736,0.230769,1.44444,0.289855,0.688623,,,4.66245,0.204937,-0.314535,724.0700073242188,,,,"17610"
"Joe Kelly","LAD",5,4,,4.46064,62,0,3,12,62,268,52,33,31,9,31,,5,80,11.5452,4.46064,2.58824,1.31195,0.297297,0.114865,0.18243244290351868,0.226562,1.34111,0.303797,0.717949,,,4.33376,0.195255,0.0407987,710.25,,,,"9761"
"Miguel Castro","ARI",5,4,,3.96825,62,0,1,12,62,265,54,30,27,8,27,,4,68,9.84127,3.96825,2.48,1.11111,0.256198,0.103306,0.15289253741502762,0.230047,1.30511,0.291667,0.732087,,,4.20742,0.194531,0.427074,747.0800170898438,,,,"15684"
"Mitchell Parker","WSN",2,2,,4.87179,15,5,0,1,31,140,31,18,17,4,16,,1,28,8.20513,4.61538,1.77778,1.19658,0.202105,0.113684,0.0884210467338562,0.253589,1.51947,0.298701,0.698006,,,4.78401,0.193931,0.157489,999,,,,"sa3014973"
"Ian Anderson","ATL",2,2,,4.43714,17,3,0,1,30,132,29,16,15,4,14,,0,29,8.43057,3.99343,2.11111,1.18324,0.216319,0.102467,0.11385200172662735,0.245763,1.39688,0.292398,0.711382,,,4.4465,0.190482,0.174783,749.5399780273438,,,,"19951"
"Spencer Howard","SFG",4,4,,4.5234,50,2,0,4,55,241,53,30,28,8,22,,3,58,9.51473,3.58752,2.65217,1.24783,0.241107,0.0909091,0.1501976102590561,0.246696,1.36915,0.303797,0.707965,,,4.2949,0.189337,-0.000598304,748.9500122070312,,,,"23252"
"Jake Bird","COL",2,3,,4.74903,63,0,1,11,63,277,64,36,33,8,24,,6,54,7.76062,3.35907,2.31034,1.1583,0.195906,0.0847953,0.1111111119389534,0.25817,1.38996,0.30131,0.680851,,,4.59352,0.182892,0.351484,750.4199829101562,,,,"21267"
"Brent Suter","CIN",4,5,,4.67337,70,0,1,13,70,304,73,40,36,11,26,,2,59,7.53769,3.31658,2.27273,1.35678,0.19305,0.0849421,0.10810810327529907,0.26383,1.40704,0.301136,0.70028,,,4.74583,0.181751,0.0621981,750.7999877929688,,,,"13942"
"Spencer Turnbull","PHI",4,5,,5.67291,44,10,0,1,75,340,79,51,47,13,32,,8,69,8.27939,3.83305,2.16,1.53322,0.202247,0.093633,0.1086142286658287,0.262712,1.48211,0.302326,0.643836,,,5.21415,0.173606,-0.215509,647.22998046875,,,,"16207"
"Drew Smyly","CHC",5,6,,4.53719,62,2,1,11,68,296,69,37,35,11,23,,3,66,8.6281,3.04959,2.82927,1.4876,0.221797,0.0783939,0.14340344816446304,0.255765,1.34711,0.29912,0.718519,,,4.62694,0.171881,-0.00396577,661.4600219726562,,,,"11760"
"Connor Phillips","CIN",1,2,,5.0218,19,3,0,1,30,132,27,18,17,5,16,,2,33,10.0436,4.7864,2.09836,1.41238,0.25,0.119141,0.130859375,0.239278,1.45597,0.296296,0.691114,,,4.86794,0.170583,0.125244,687.6599731445312,,,,"27649"
"Tom Cosgrove","SDP",2,2,,4.02235,56,0,0,9,56,237,47,27,25,7,25,,4,59,9.55307,4.02235,2.375,1.17318,0.251101,0.105727,0.14537443965673447,0.226131,1.28492,0.281481,0.726351,,,4.39098,0.169807,0.155461,750.75,,,,"23443"
"Ty Blach","COL",1,2,,5.48276,15,3,0,1,30,137,37,20,19,5,8,,1,20,5.7931,2.27586,2.54545,1.44828,0.143223,0.056266,0.08695652708411217,0.29235,1.48276,0.314189,0.658135,,,4.92171,0.167351,0.120001,999,,,,"14361"
"Drew Smith","NYM",5,5,,4.35754,62,0,0,13,62,262,55,32,30,9,27,,3,65,9.38548,3.85475,2.43478,1.34078,0.246696,0.101322,0.14537446200847626,0.238806,1.32216,0.291971,0.719064,,,4.55858,0.161991,0.0666312,999,,,,"17755"
"Carlos F. Rodriguez","MIL",1,1,,4.51167,3,3,0,0,15,67,14,8,8,2,7,,1,16,9.02334,3.96716,2.27451,1.2446,0.230159,0.10119,0.1289682537317276,0.23702,1.34831,0.286174,0.696108,,,4.62928,0.160563,0.179751,999,,,,"sa3018116"
"Kyle Hurt","LAD",3,3,,4.44156,52,2,0,4,57,250,48,31,28,8,29,,4,71,11.1039,4.55844,2.4359,1.28571,0.282738,0.116071,0.1666666641831398,0.222603,1.35065,0.290323,0.711061,,,4.35894,0.158549,0.0274797,636.1400146484375,,,,"27514"
"Cade Horton","CHC",1,1,,4.5,3,3,0,0,13,54,12,7,6,2,4,,0,11,7.43023,2.93023,2.53571,1.25581,0.197772,0.0779944,0.119777150452137,0.248485,1.27907,0.283401,0.686695,,,4.42946,0.156298,0.140817,999,,,,"sa3020860"
"Buck Farmer","CIN",3,4,,4.92537,61,0,0,10,61,266,56,36,33,10,29,,3,68,10,4.32836,2.31034,1.49254,0.254753,0.110266,0.1444866806268692,0.238095,1.39303,0.292208,0.685714,,,4.78075,0.154905,-0.0494199,750.9199829101562,,,,"14814"
"Kyle Nelson","ARI",5,5,,4.04082,58,0,0,10,58,251,53,28,26,8,24,,4,63,9.73469,3.67347,2.65,1.28571,0.25,0.0943396,0.15566037595272064,0.238095,1.32653,0.294574,0.742754,,,4.35708,0.154259,0.272511,750.6099853515625,,,,"20515"
"Michael McGreevy","STL",1,1,,4.39184,9,3,0,1,22,96,24,12,11,3,7,,0,14,5.57174,2.8842,1.93182,1.11435,0.144312,0.0747029,0.06960950791835785,0.264706,1.36926,0.28733,0.706456,,,4.60974,0.154154,0.127619,999,,,,"sa3017598"
"Huascar Ynoa","ATL",3,2,,4.35277,35,2,0,1,41,177,38,22,20,5,17,,2,41,9.08962,3.71266,2.44828,1.1522,0.232787,0.095082,0.13770491629838943,0.241758,1.35135,0.295337,0.703884,,,4.265,0.14112,0.155182,737.8400268554688,,,,"20468"
"Slade Cecconi","ARI",2,1,,4.11997,23,2,0,1,30,126,30,15,14,4,8,,2,24,7.17443,2.34412,3.06061,1.13654,0.187384,0.0612245,0.12615954875946045,0.255533,1.26283,0.292105,0.704942,,,4.29687,0.139428,0.227411,747.8599853515625,,,,"27500"
"Kolby Allard","PHI",2,2,,4.95897,26,2,0,1,32,139,32,19,18,5,11,,1,31,8.54631,3.05979,2.7931,1.47714,0.220708,0.0790191,0.14168936759233475,0.252976,1.33646,0.294606,0.667373,,,4.57978,0.131978,-0.00423572,999,,,,"18694"
"Ian Gibaut","CIN",3,4,,4.64516,54,0,0,4,54,239,52,30,28,8,23,,3,57,9.58065,3.77419,2.53846,1.30645,0.240876,0.0948905,0.14598540216684341,0.244898,1.3871,0.3,0.694823,,,4.41633,0.123275,0.0462466,750.260009765625,,,,"17871"
"Colin Holderman","PIT",1,2,,4.5,56,0,1,9,56,242,54,30,28,7,22,,3,50,8.1,3.6,2.25,1.08,0.208333,0.0925926,0.11574075371026993,0.248705,1.36,0.295775,0.687919,,,4.39504,0.11717,0.081566,744.6300048828125,,,,"22361"
"Bryan Hudson","MIL",3,4,,4.32247,57,0,0,5,57,249,52,29,27,8,26,,3,64,10.0343,4.1681,2.40741,1.23499,0.254902,0.105882,0.14901959896087646,0.235556,1.37221,0.296053,0.726744,,,4.35281,0.115275,0.106717,999,,,,"19924"
"Sixto Sánchez","MIA",3,3,,4.42857,54,0,0,9,54,237,57,29,27,7,17,,2,45,7.42857,2.85714,2.6,1.14286,0.187726,0.0722022,0.11552347242832184,0.262745,1.38095,0.302564,0.699208,,,4.30266,0.115077,0.0547702,632.3699951171875,,,,"19680"
"Noah Davis","COL",1,3,,5.91973,14,6,0,1,37,171,41,26,24,6,18,,5,27,6.72241,4.41472,1.52273,1.40468,0.160287,0.105263,0.0550239235162735,0.274238,1.5942,0.303571,0.640194,,,5.69651,0.114593,0.0541309,999,,,,"25862"
"Luke Little","CHC",3,2,,4.12698,48,0,0,4,48,207,39,24,22,6,25,,3,59,11.1111,4.60317,2.41379,1.11111,0.285714,0.118367,0.16734692454338074,0.215962,1.32275,0.286765,0.720859,,,4.08396,0.110598,0.0961559,749.6900024414062,,,,"28036"
"Roansy Contreras","PIT",2,3,,4.333,54,0,0,7,54,229,50,28,26,6,18,,2,52,8.666,3.06921,2.82353,1.08325,0.227488,0.0805687,0.14691943675279617,0.241558,1.27382,0.292419,0.680581,,,4.0073,0.106639,0.0403074,685,,,,"22810"
"Christian Scott","NYM",0,0,,4.36782,2,2,0,0,7,28,6,3,3,1,2,,1,6,8.27586,2.52874,3.27273,1.14943,0.215569,0.0658683,0.1497006043791771,0.245098,1.23882,0.290179,0.674699,,,4.14904,0.104699,0.142308,999,,,,"sa3017948"
"Keynan Middleton","STL",2,2,,3.6933,52,0,0,7,52,217,45,24,21,7,19,,1,58,10.108,3.30454,3.05882,1.16631,0.26943,0.0880829,0.18134714663028717,0.228571,1.2311,0.290598,0.740741,,,3.85979,0.103142,0.0986042,750.5599975585938,,,,"15264"
"Jordan Weems","WSN",3,3,,4.69194,62,0,0,12,62,268,56,35,32,9,30,,3,65,9.38389,4.40758,2.12903,1.27962,0.240876,0.113139,0.12773724645376205,0.2375,1.39021,0.290909,0.689655,,,4.62945,0.101912,-0.0622138,999,,,,"13190"
"Janson Junk","MIL",2,2,,4.58794,30,2,0,1,36,158,39,20,19,5,11,,1,25,6.11725,2.75276,2.22222,1.29992,0.156556,0.0704501,0.08610567450523376,0.269068,1.38488,0.293333,0.704023,,,4.76736,0.0996413,0.0270651,999,,,,"23301"
"Daniel Hudson","LAD",7,4,,4.17857,61,0,1,12,61,257,54,30,28,11,24,,2,74,10.9286,3.53571,3.09091,1.60714,0.288136,0.0932203,0.19491522759199142,0.235849,1.28571,0.298507,0.758621,,,4.43361,0.0990989,0.224596,612.4099731445312,,,,"7146"
"Mike Vasil","NYM",0,0,,4.40616,2,2,0,0,7,32,7,4,4,1,3,,0,7,8.32276,3.34542,2.4878,1.14234,0.214737,0.0863158,0.12842105329036713,0.24826,1.3418,0.295238,0.700935,,,4.25232,0.0965874,0.0382245,999,,,,"sa3017915"
"Robert Garcia","WSN",3,3,,4.73684,61,0,0,11,61,272,57,35,32,8,32,,4,64,9.47368,4.73684,2,1.2357,0.235897,0.117949,0.11794872581958771,0.242604,1.46453,0.299145,0.701439,,,4.71957,0.0925787,-0.101472,999,,,,"23363"
"Ryan Thompson","ARI",4,4,,4.09091,60,0,0,12,60,254,59,30,27,8,19,,3,52,7.77273,2.86364,2.71429,1.22727,0.204301,0.0752688,0.12903223931789398,0.252941,1.29545,0.293651,0.720165,,,4.3914,0.0911381,0.245611,740.5399780273438,,,,"16647"
"Andrew Saalfrank","ARI",4,3,,4.034,50,0,0,4,50,218,44,24,22,5,25,,2,54,9.73725,4.45131,2.1875,0.973725,0.248227,0.113475,0.13475177437067032,0.229839,1.37558,0.292398,0.732323,,,4.07421,0.0881272,0.165106,999,,,,"26203"
"Cristian Mena","ARI",1,1,,4.14713,12,2,0,1,18,77,17,9,8,2,8,,1,16,8.00323,3.8561,2.07547,1.09135,0.203327,0.0979667,0.10536043345928192,0.25,1.40663,0.295265,0.732026,,,4.43532,0.086834,0.133565,749.9099731445312,,,,"sa3015302"
"Anthony Maldonado","MIA",4,3,,3.77359,35,0,3,1,35,148,32,16,15,4,12,,2,40,10.1887,3.01887,3.375,1.13208,0.267327,0.0792079,0.1881188228726387,0.234973,1.2369,0.300813,0.731225,,,3.82108,0.0859268,0.0850094,999,,,,"sa1169893"
"Nick Robertson","STL",2,1,,3.78585,38,0,0,1,38,161,34,17,16,4,13,,1,39,9.12046,3.09751,2.94444,1.0325,0.238739,0.0810811,0.1576576754450798,0.232673,1.24283,0.286713,0.724382,,,3.86689,0.0848496,0.0886137,999,,,,"26226"
"Mick Abel","PHI",2,3,,5.27909,24,5,0,1,41,187,41,26,24,6,23,,3,38,8.25922,4.93851,1.67241,1.36235,0.203354,0.121593,0.08176100254058838,0.253041,1.53264,0.295302,0.680516,,,5.26072,0.0809019,0.0000694469,999,,,,"sa3014534"
"Bryce Jarvis","ARI",3,4,,4.42897,46,2,0,1,53,232,52,28,26,6,23,,2,44,7.60446,4.01114,1.89583,1.08635,0.191983,0.101266,0.09071729332208633,0.253554,1.43918,0.295597,0.716374,,,4.5828,0.0792023,0.107674,999,,,,"27477"
"Luis F. Ortiz","PHI",3,2,,4.74465,55,0,0,4,55,239,57,32,29,7,16,,4,45,7.41351,2.66886,2.77778,1.18616,0.189394,0.0681818,0.12121210992336273,0.260331,1.33443,0.298913,0.659026,,,4.40825,0.0769943,-0.0904388,750.739990234375,,,,"16942"
"Jeff Criswell","COL",0,1,,5.22321,2,2,0,0,8,35,8,5,4,1,3,,0,6,7.47321,3.9375,1.89796,1.36607,0.186,0.098,0.08799999952316284,0.263982,1.49107,0.299703,0.677374,,,4.98718,0.0761666,0.0877693,999,,,,"sa3014435"
"Nick Nelson","PHI",1,2,,5.3,25,2,0,1,30,137,32,19,18,4,13,,2,24,7.2,4,1.8,1.2,0.176904,0.0982801,0.07862406969070435,0.265928,1.51111,0.303249,0.662752,,,4.92171,0.0757353,-0.110141,999,,,,"20153"
"Michael Tonkin","NYM",4,4,,4.37601,55,0,0,5,55,232,50,29,27,8,20,,4,57,9.33549,3.20908,2.90909,1.3128,0.246154,0.0846154,0.16153846681118011,0.239316,1.26418,0.291925,0.703364,,,4.34094,0.0734289,-0.0206258,999,,,,"10315"
"Bryan Hoeing","MIA",2,2,,4.69806,34,2,0,1,41,180,45,23,22,6,12,,2,30,6.44831,2.57932,2.5,1.19754,0.164319,0.0657277,0.09859154373407364,0.272265,1.38178,0.303226,0.684932,,,4.56517,0.0698845,0.0670084,999,,,,"26304"
"Pedro Avila","SDP",2,3,,4.53305,43,3,0,1,55,243,51,30,28,7,26,,5,50,8.12172,4.24974,1.91111,1.13326,0.204276,0.106888,0.0973871722817421,0.241848,1.40609,0.285185,0.699659,,,4.75557,0.0695824,0.0813825,745.0800170898438,,,,"18864"
"Carson Spiers","CIN",1,2,,5.3617,24,2,0,1,31,140,33,20,19,5,13,,3,27,7.65957,3.82979,2,1.43617,0.189573,0.0947867,0.09478672593832016,0.262032,1.46809,0.297491,0.65812,,,5.1593,0.0694353,-0.0239805,748.3099975585938,,,,"27685"
"Blake Treinen","LAD",5,4,,4.11899,55,0,0,7,55,230,50,28,25,8,20,,3,54,8.85583,3.29519,2.6875,1.2357,0.234973,0.0874317,0.14754099398851395,0.242424,1.28146,0.293103,0.714286,,,4.30767,0.0692277,0.0238796,727.7100219726562,,,,"12572"
"Gordon Graceffo","STL",0,0,,4.55587,2,2,0,0,8,34,8,4,4,1,3,,0,6,6.44699,3.09456,2.08333,1.20344,0.167785,0.0805369,0.08724833279848099,0.253071,1.3276,0.279874,0.686767,,,4.70681,0.0690964,0.111685,999,,,,"sa3016849"
"Yunior Marte","PHI",2,3,,4.7619,48,0,0,1,48,212,47,27,25,7,20,,3,49,9.20635,3.80952,2.41667,1.26984,0.232,0.096,0.13599999994039536,0.246637,1.3933,0.299363,0.693215,,,4.47197,0.0677372,-0.0329522,999,,,,"14416"
"Jose Hernandez","PIT",1,2,,4.21053,38,0,0,1,38,166,34,19,18,5,18,,1,44,10.3509,4.21053,2.45833,1.22807,0.263393,0.107143,0.1562500074505806,0.232323,1.36452,0.295455,0.730897,,,4.24919,0.0675337,0.0490776,999,,,,"22318"
"Robby Snelling","SDP",1,1,,4.57782,2,2,0,0,7,31,7,4,4,1,3,,0,6,7.04985,3.66226,1.925,1.19023,0.182033,0.0945626,0.08747044205665588,0.248691,1.37335,0.280822,0.693493,,,4.65891,0.065168,0.035382,999,,,,"sa3020707"
"Sem Robberse","STL",0,0,,4.53913,2,2,0,0,8,35,8,4,4,1,3,,0,6,6.73043,3.52174,1.91111,1.17391,0.170635,0.0892857,0.0813492089509964,0.257709,1.4087,0.288952,0.702128,,,4.75939,0.0645291,0.111685,999,,,,"sa3011735"
"Joe Mantiply","ARI",3,3,,3.91304,54,0,0,7,54,231,56,26,23,7,15,,2,48,8.01242,2.42236,3.30769,1.11801,0.207729,0.0628019,0.14492753893136978,0.260417,1.30435,0.307692,0.732601,,,4.02109,0.0643706,0.0901351,999,,,,"14857"
"Elvis Peguero","MIL",4,5,,4.25775,60,0,0,7,60,258,56,30,28,8,22,,4,59,8.80914,3.23002,2.72727,1.17455,0.227273,0.0833333,0.14393940567970276,0.239496,1.28874,0.288235,0.707965,,,4.26646,0.0642213,0.0670033,999,,,,"21652"
"Connor Brogdon","PHI",3,2,,4.41818,60,0,0,7,60,257,56,32,29,9,25,,2,64,9.65455,3.76364,2.56522,1.30909,0.25,0.0974576,0.1525423750281334,0.241706,1.34545,0.298611,0.716561,,,4.36413,0.0629241,0.0104423,999,,,,"21205"
"Justin Wilson","CIN",3,3,,5,52,0,0,1,52,225,55,32,29,9,17,,0,49,8.5,3,2.83333,1.5,0.217949,0.0769231,0.14102564007043839,0.263889,1.38889,0.307692,0.673077,,,4.53282,0.0602666,-0.0747749,999,,,,"4301"
"Hurston Waldrep","ATL",0,0,,4.45131,19,2,0,1,23,103,22,13,12,3,12,,1,25,9.45904,4.72952,2,1.25193,0.240283,0.120141,0.12014133483171463,0.242915,1.45286,0.3,0.724816,,,4.63062,0.0531646,0.00699214,999,,,,"sa3022942"
"Hunter Stratton","PIT",3,4,,4.55312,60,0,0,11,60,267,56,32,30,8,31,,4,63,9.40978,4.70489,2,1.21417,0.234848,0.117424,0.11742424219846725,0.240175,1.45025,0.295597,0.721925,,,4.68843,0.0527185,0.116788,999,,,,"23455"
"David Buchanan","PHI",0,1,,5.36222,2,2,0,0,10,42,11,6,6,2,3,,0,7,6.15437,2.37644,2.58974,1.70616,0.155624,0.0600925,0.09553157910704613,0.287603,1.44211,0.306723,0.678941,,,5.24556,0.0526314,0.0575048,999,,,,"11176"
"Yency Almonte","CHC",2,2,,4.3326,52,0,0,7,52,223,44,27,25,7,24,,5,58,10.0438,4.13567,2.42857,1.18162,0.260204,0.107143,0.15306121855974197,0.22807,1.31291,0.289474,0.697674,,,4.37101,0.0524399,0.0184815,999,,,,"15068"
"Thyago Vieira","MIL",3,4,,4.275,55,0,0,1,55,232,50,29,26,8,19,,4,60,9.9,3.15,3.14286,1.35,0.260355,0.0828402,0.17751479148864746,0.236842,1.25,0.294118,0.697115,,,4.28004,0.0508347,0.0168128,999,,,,"14510"
"Ryan Fernandez","STL",4,4,,3.90533,45,0,0,1,45,191,44,21,20,6,13,,1,40,7.98817,2.66272,3,1.2426,0.209302,0.0697674,0.13953488320112228,0.251256,1.28205,0.292517,0.742754,,,4.22151,0.0496199,0.0782453,999,,,,"sa3007996"
"Daulton Jefferies","SFG",4,4,,4.55312,58,0,0,10,58,249,63,31,29,8,13,,3,43,6.67791,1.97302,3.38462,1.21417,0.172549,0.0509804,0.12156861647963524,0.267782,1.29848,0.299465,0.683891,,,4.3343,0.0464916,-0.0260187,749.2000122070312,,,,"19345"
"Luis Frías","ARI",2,2,,4.07355,40,0,0,1,40,174,37,20,18,5,18,,1,41,9.29279,4.07355,2.28125,1.01839,0.237785,0.104235,0.1335504725575447,0.240876,1.38614,0.300518,0.725806,,,4.06126,0.0458084,0.0446634,999,,,,"21997"
"José Buttó","NYM",1,2,,4.85861,23,2,0,1,29,129,29,17,16,4,13,,2,25,7.71208,3.93316,1.96078,1.23393,0.19305,0.0984556,0.09459459781646729,0.257081,1.44816,0.297376,0.68895,,,4.8403,0.0454466,-0.0372048,691.3200073242188,,,,"23313"
"Braxton Ashcraft","PIT",1,1,,4.23862,33,0,0,1,33,142,34,17,16,4,9,,2,26,7.20565,2.40188,3,1.1303,0.186131,0.0620438,0.12408757582306862,0.255906,1.28728,0.292308,0.706215,,,4.22835,0.04359,0.0278992,999,,,,"sa3008470"
"Alex Young","CIN",2,2,,4.92063,38,0,0,1,38,166,38,23,21,7,14,,1,40,9.36508,3.33333,2.80952,1.5873,0.238866,0.0850202,0.1538461595773697,0.254464,1.37566,0.303226,0.6875,,,4.68361,0.0425586,-0.0438554,999,,,,"18333"
"Dylan Floro","WSN",4,6,,4.84615,58,0,0,10,58,253,61,33,31,9,19,,1,51,7.96154,2.94231,2.70588,1.38462,0.202643,0.0748899,0.12775330245494843,0.263158,1.38462,0.303226,0.690789,,,4.52427,0.0409422,-0.0701308,744.47998046875,,,,"13394"
"Richard Lovelady","CHC",1,1,,4.07665,18,0,0,1,18,77,16,9,8,2,6,,1,17,8.4669,3.13589,2.7,0.940767,0.221311,0.0819672,0.13934426754713058,0.236364,1.25436,0.2875,0.691824,,,3.98675,0.039366,0.0168141,999,,,,"19337"
"J.B. Bukauskas","MIL",3,3,,4.25051,46,0,0,1,46,197,44,24,22,7,15,,2,44,8.68583,2.95688,2.9375,1.29363,0.22488,0.076555,0.1483253464102745,0.246073,1.29363,0.291971,0.714286,,,4.30227,0.0391625,0.021619,999,,,,"20491"
"Jose Cuas","CHC",3,3,,4.27119,56,0,0,10,56,247,51,28,27,8,25,,6,62,9.91525,3.9661,2.5,1.22034,0.25,0.1,0.15000000596046448,0.236842,1.35593,0.296774,0.726744,,,4.44148,0.0381095,0.172053,999,,,,"17701"
"Jay Groome","SDP",1,1,,4.94894,8,2,0,1,14,62,13,8,8,2,8,,1,12,7.7769,5.01964,1.5493,1.13119,0.192308,0.124126,0.06818182021379471,0.242915,1.50039,0.282609,0.682088,,,4.99895,0.036583,-0.0310917,999,,,,"sa917925"
"Cody Stashak","SFG",1,1,,3.89892,17,0,0,1,17,74,18,8,7,2,4,,1,18,9.42238,1.94946,4.83333,1.29964,0.241667,0.05,0.19166667759418488,0.256637,1.26354,0.3125,0.748299,,,3.79656,0.0360999,0.0238399,999,,,,"18088"
"Lyon Richardson","CIN",0,1,,5.4678,12,2,0,1,16,74,16,11,10,3,8,,1,16,8.74848,4.59295,1.90476,1.53098,0.215633,0.113208,0.10242588073015213,0.253086,1.50668,0.295652,0.670498,,,5.2356,0.035668,-0.0249765,999,,,,"24581"
"Mark Leiter Jr.","CHC",3,4,,4.31507,62,0,1,12,62,266,55,32,30,8,25,,6,64,9.24658,3.57534,2.58621,1.23288,0.239617,0.0926518,0.14696487039327621,0.234657,1.28767,0.286458,0.7,,,4.46052,0.0351993,0.189585,721.9199829101562,,,,"15551"
"Nate Lavender","NYM",1,1,,4,16,0,0,1,16,69,13,8,7,2,8,,1,20,11.5,4.5,2.55556,1,0.294872,0.115385,0.1794871687889099,0.217822,1.31481,0.299213,0.71885,,,3.92171,0.0344287,0.00570155,999,,,,"sa3017917"
"Dustin May","LAD",1,1,,3.71634,17,0,0,1,17,69,14,8,7,2,5,,1,17,9.21005,2.90844,3.16667,1.13106,0.251101,0.0792952,0.17180616408586502,0.22439,1.14901,0.276596,0.719557,,,4.02703,0.0328322,0.0274066,691.47998046875,,,,"19716"
"Nick Mears","COL",3,5,,5.03817,62,0,0,11,62,281,58,38,35,9,38,,3,69,10.0763,5.49618,1.83333,1.37405,0.247191,0.134831,0.11235953867435455,0.243421,1.55216,0.303922,0.703422,,,4.98532,0.0326938,0.0910891,999,,,,"25376"
"Woo-Suk Go","SDP",6,6,,4.04711,44,0,0,1,44,189,36,22,20,7,21,,4,56,11.3704,4.23983,2.68182,1.34904,0.293532,0.109453,0.184079609811306,0.217143,1.2848,0.284404,0.737052,,,4.34712,0.0319594,0.0108021,638.8599853515625,,,,"sa3012630"
"DJ Herz","WSN",1,1,,4.97872,19,2,0,1,23,107,21,14,13,3,15,,2,24,9.28723,5.93617,1.56452,1.05319,0.226636,0.14486,0.08177569508552551,0.232493,1.54255,0.289157,0.686728,,,4.97844,0.0280559,-0.0290894,750.52001953125,,,,"sa3011680"
"Matt Barnes","WSN",3,4,,5.29412,46,0,0,4,46,206,44,30,27,6,23,,3,48,9.32773,4.53782,2.05556,1.2605,0.23125,0.1125,0.11874998360872269,0.242857,1.45658,0.295918,0.644444,,,4.68361,0.0275994,-0.235262,747.3200073242188,,,,"12863"
"Taylor Clarke","MIL",2,2,,4.5,32,0,0,1,32,139,31,17,16,5,11,,1,33,9.33333,3.16667,2.94737,1.5,0.239316,0.0811966,0.15811964869499207,0.248826,1.33333,0.297297,0.723906,,,4.5143,0.0265145,0.00600594,750.8400268554688,,,,"17611"
"Jeremiah Estrada","SDP",1,3,,4.28571,61,0,0,11,61,269,51,32,29,9,35,,3,74,10.9286,5.14286,2.125,1.28571,0.275676,0.12973,0.1459459364414215,0.220126,1.40476,0.284314,0.731225,,,4.54075,0.0250668,-0.0173787,749.739990234375,,,,"22210"
"Bryse Wilson","MIL",3,3,,4.34248,61,0,0,10,61,258,62,32,29,9,17,,2,46,6.81173,2.46925,2.75862,1.36235,0.178971,0.064877,0.11409397423267365,0.258454,1.28666,0.286164,0.713028,,,4.64577,0.0236963,0.109302,750.0599975585938,,,,"19990"
"Ethan Roberts","CHC",1,1,,4.18605,16,0,0,1,16,69,15,8,7,2,5,,1,16,9.06977,3.02326,3,1.16279,0.233533,0.0778443,0.15568861365318298,0.238411,1.26615,0.28972,0.714286,,,4.15943,0.0225405,0.0149459,999,,,,"24930"
"Reed Garrett","NYM",2,2,,5.24781,36,0,0,1,36,167,39,23,21,4,18,,1,31,7.87172,4.46064,1.76471,1.04956,0.188679,0.106918,0.08176100999116898,0.262411,1.57434,0.308411,0.661157,,,4.59615,0.0201928,-0.141515,999,,,,"16866"
"Brad Wieck","CHC",0,0,,3.95122,10,0,0,1,10,43,8,5,4,1,5,,1,15,13.1707,4.60976,2.85714,1.31707,0.338983,0.118644,0.22033899277448654,0.20915,1.29268,0.298851,0.762332,,,3.98675,0.0198669,0.00934117,999,,,,"16390"
"José Ruiz","PHI",1,1,,4.85714,38,0,0,1,38,168,37,22,21,6,17,,1,40,9.57143,4.14286,2.31034,1.42857,0.240143,0.103943,0.1362006962299347,0.25,1.44444,0.304094,0.701299,,,4.66774,0.019116,-0.0444653,999,,,,"14552"
"Grant Hartwig","NYM",2,3,,4.57627,24,0,0,1,24,107,22,13,12,2,12,,2,24,9,4.42373,2.03448,0.915254,0.224335,0.110266,0.11406844854354858,0.241228,1.42373,0.300613,0.687831,,,4.35674,0.0188621,-0.0225497,999,,,,"29946"
"Jacob Barnes","WSN",1,2,,5.11628,44,0,0,1,44,199,47,27,25,6,19,,1,36,7.44186,3.95349,1.88235,1.16279,0.182857,0.0971429,0.08571428060531616,0.261147,1.49871,0.3,0.666667,,,4.67623,0.0171181,-0.0973333,999,,,,"12323"
"Landon Knack","LAD",1,1,,4.4836,20,0,0,1,20,87,20,11,10,3,7,,0,17,7.43621,3.06197,2.42857,1.20292,0.191011,0.0786517,0.11235954612493515,0.254601,1.34872,0.291498,0.700837,,,4.43366,0.0169544,-0.0161975,750.5999755859375,,,,"sa3014518"
"Drew Rom","STL",2,2,,4.14706,33,0,0,1,33,143,32,16,15,4,12,,2,28,7.76471,3.26471,2.37838,1.05882,0.198646,0.0835214,0.11512414366006851,0.25,1.34314,0.293333,0.715474,,,4.32367,0.0162852,0.038991,999,,,,"24602"
"Jesse Chavez","ATL",2,1,,4.5,44,0,0,1,44,193,45,24,22,7,17,,1,46,9.42857,3.42857,2.75,1.5,0.23913,0.0869565,0.15217390656471252,0.257485,1.40476,0.310345,0.731707,,,4.54075,0.0161614,-0.00180304,750.0399780273438,,,,"5448"
"Rob Zastryzny","MIL",1,1,,4.43255,12,0,0,1,12,53,12,6,6,2,4,,1,12,8.8651,3.27623,2.70588,1.34904,0.223301,0.0825243,0.14077670872211456,0.251337,1.37045,0.298507,0.719557,,,4.45418,0.016051,0.0134007,999,,,,"15094"
"Joe La Sorsa","WSN",1,2,,4.61897,36,0,0,1,36,156,38,20,18,5,10,,3,27,6.71851,2.37947,2.82353,1.25972,0.172662,0.0611511,0.11151079088449478,0.261719,1.30638,0.291457,0.672269,,,4.60807,0.0155949,-0.0181976,999,,,,"25481"
"Zach Brzykcy","WSN",1,1,,4.41509,15,0,0,1,15,65,13,8,7,2,7,,1,18,10.5283,4.41509,2.38462,1.18868,0.268398,0.112554,0.15584417432546616,0.225,1.33962,0.290076,0.702614,,,4.38712,0.014927,0.00227047,746.9299926757812,,,,"sa3014984"
"Gavin Hollowell","COL",1,1,,5.01923,28,0,0,1,28,124,27,17,16,4,11,,3,29,9.17308,3.63462,2.52381,1.38462,0.230435,0.0913043,0.13913044333457947,0.25,1.38462,0.300699,0.674342,,,4.71658,0.0149211,0.00787024,999,,,,"25427"
"Ray Kerr","ATL",3,2,,4.35754,38,0,0,1,38,171,35,20,18,5,21,,2,45,10.5587,4.86034,2.17241,1.17318,0.261411,0.120332,0.14107882231473923,0.239234,1.47114,0.309352,0.736994,,,4.39098,0.0146588,0.0197627,999,,,,"23809"
"Huascar Brazoban","MIA",1,1,,4.31616,21,0,0,1,21,93,20,11,10,3,10,,1,23,9.91119,4.47602,2.21429,1.11901,0.248996,0.11245,0.13654618710279465,0.243119,1.43872,0.308725,0.730337,,,4.32076,0.0142525,0.00931622,999,,,,"6107"
"Michael Plassmeyer","PIT",0,1,,4.45161,10,0,0,1,10,44,10,5,5,1,3,,1,8,7.64516,2.90323,2.63333,1.16129,0.195062,0.0740741,0.1209876537322998,0.258152,1.34409,0.299639,0.693161,,,4.42708,0.0132511,0.0129152,999,,,,"23191"
"Landen Roupp","SFG",3,3,,4.36782,54,0,0,7,54,230,52,28,26,7,20,,1,48,7.93103,3.33333,2.37931,1.14943,0.206587,0.0868264,0.11976046860218048,0.247525,1.32822,0.290179,0.7,,,4.34061,0.0130846,-0.00446517,999,,,,"sa3017869"
"Josh Walker","NYM",1,1,,4.40135,12,0,0,1,12,52,12,6,6,1,5,,0,11,8.34739,3.49073,2.3913,1.06239,0.212355,0.0888031,0.1235521212220192,0.255319,1.39966,0.306358,0.710383,,,4.1488,0.0126437,0.00427616,999,,,,"23617"
"Darren McCaughan","MIA",0,1,,4.5798,10,0,0,1,10,43,11,5,5,1,2,,1,7,6.73092,2.15112,3.12903,1.17965,0.171986,0.0549645,0.11702127754688263,0.272901,1.34156,0.307317,0.685752,,,4.38843,0.0121719,0.0115038,999,,,,"20038"
"Ryan Loutos","STL",1,1,,4.43478,25,0,0,1,25,111,25,13,12,3,10,,1,21,7.56522,3.65217,2.07143,1.04348,0.190164,0.0918033,0.09836064279079437,0.251825,1.4058,0.293269,0.699301,,,4.42895,0.010181,0.00271478,999,,,,"sa3016850"
"Andrew Bellatti","PHI",0,1,,5.2,17,0,0,1,17,77,16,11,10,3,8,,1,21,11,4.4,2.5,1.6,0.270936,0.108374,0.1625615954399109,0.241573,1.44444,0.304348,0.687732,,,4.78837,0.00894868,-0.0537293,999,,,,"10657"
"Derek Law","WSN",3,5,,4.68,52,0,0,6,52,233,53,29,27,7,24,,2,49,8.46,4.14,2.04348,1.26,0.209821,0.102679,0.1071428656578064,0.256281,1.48,0.303448,0.716511,,,4.69504,0.00885605,-0.0295638,999,,,,"13133"
"Darius Vines","ATL",1,1,,4.45997,24,0,0,1,24,103,24,13,12,4,8,,0,21,7.89073,3.08768,2.55556,1.3723,0.20354,0.079646,0.12389381229877472,0.257235,1.35959,0.295652,0.720621,,,4.5511,0.00847558,0.00167852,747.969970703125,,,,"25928"
"Anthony Molina","COL",2,3,,5.08728,54,0,0,6,54,241,64,33,31,8,16,,1,32,5.31172,2.69327,1.97222,1.27182,0.132463,0.0671642,0.06529849767684937,0.287149,1.48795,0.307317,0.676546,,,4.85936,0.00797149,0.00964882,999,,,,"26952"
"JT Brubaker","PIT",1,1,,4.61802,16,0,0,1,16,70,16,9,8,2,6,,1,16,8.82554,3.1813,2.77419,1.33409,0.223958,0.0807292,0.143229179084301,0.25072,1.3455,0.298387,0.691383,,,4.48651,0.00749447,-0.00867542,999,,,,"17578"
"Allan Winans","ATL",1,1,,4.33915,12,0,0,1,12,52,12,6,6,2,3,,1,10,7.4813,2.61845,2.85714,1.19701,0.193424,0.0676983,0.12572534382343292,0.259494,1.31338,0.298883,0.70059,,,4.39386,0.00606837,0.0155291,749.6699829101562,,,,"21238"
"Nick Snyder","PHI",0,0,,4.76471,6,0,0,1,6,26,6,3,3,1,3,,0,6,9.52941,3.97059,2.4,1.32353,0.24,0.1,0.14000000059604645,0.246269,1.41176,0.301075,0.707317,,,4.46092,0.00562069,0.00697243,999,,,,"23493"
"Wilking Rodríguez","STL",1,1,,4.31138,17,0,0,0,17,76,17,9,8,2,8,,0,15,8.08383,4.31138,1.875,1.07784,0.2,0.106667,0.09333332628011703,0.253731,1.49701,0.3,0.720721,,,4.45264,0.00557552,-0.00302118,999,,,,"8801"
"Caleb Kilian","CHC",1,1,,4.71941,20,0,0,1,20,89,21,11,10,2,8,,1,16,7.20331,3.47746,2.07143,0.99356,0.180498,0.0871369,0.09336099773645401,0.260369,1.42594,0.301493,0.672938,,,4.41419,0.00453518,-0.0113408,748.8499755859375,,,,"26213"
"Josh Simpson","MIA",1,1,,4.42953,14,0,0,1,14,62,12,8,7,2,8,,1,17,10.8725,4.83221,2.25,1.20805,0.271357,0.120603,0.15075377374887466,0.22807,1.4094,0.297297,0.714286,,,4.46309,0.00415236,-0.0134739,999,,,,"sa1053035"
"Elieser Hernández","LAD",1,1,,4.39286,13,0,0,1,13,55,12,7,6,2,4,,1,13,9.21429,2.67857,3.44,1.60714,0.242254,0.0704225,0.17183098942041397,0.246154,1.25,0.290179,0.726191,,,4.60028,0.00397119,-0.00597706,999,,,,"16933"
"Jorge López","NYM",3,4,,4.69565,59,0,0,10,59,263,58,33,31,8,23,,6,56,8.6087,3.52174,2.44444,1.17391,0.214984,0.0879479,0.12703584879636765,0.249084,1.37681,0.29798,0.679612,,,4.51591,0.00361562,-0.151921,746.0599975585938,,,,"14527"
"Yacksel Ríos","NYM",0,0,,4.63636,8,0,0,1,8,35,7,4,4,1,4,,0,8,9,4.90909,1.83333,1.09091,0.226027,0.123288,0.10273972898721695,0.238095,1.45455,0.292135,0.707547,,,4.64898,0.00307631,0.00285077,999,,,,"15007"
"Max Castillo","PHI",1,1,,5.03009,15,0,0,1,15,65,16,9,8,2,5,,1,11,6.80997,3.01806,2.25641,1.39295,0.17357,0.0769231,0.09664694219827652,0.265659,1.39295,0.294118,0.672515,,,4.88875,0.00305682,-0.0268123,999,,,,"21956"
"Cole Sulser","NYM",1,1,,4.58445,10,0,0,1,10,43,10,6,5,2,4,,0,10,9.1689,3.86059,2.375,1.44772,0.234568,0.0987654,0.1358024701476097,0.248276,1.3941,0.29703,0.711009,,,4.67595,0.00268396,-0.0273981,999,,,,"15256"
"Austin Pope","ARI",1,1,,4.35938,17,0,0,1,17,75,17,9,8,2,7,,1,15,8.15625,3.51562,2.32,1.125,0.204225,0.0880282,0.11619717627763748,0.254902,1.40625,0.301587,0.71066,,,4.42692,0.00239801,0.00411521,999,,,,"sa3010816"
"Dominic Hamel","NYM",0,0,,4.65095,6,0,0,1,6,26,6,3,3,1,3,,0,6,8.73073,4.07978,2.14,1.14234,0.219713,0.102669,0.11704312264919281,0.247685,1.42339,0.299035,0.691412,,,4.46084,0.00206974,0.00213808,999,,,,"sa3017949"
"Richard Bleier","WSN",1,1,,5,40,0,0,1,40,174,47,24,22,7,7,,2,26,5.75,1.5,3.83333,1.5,0.146497,0.0382166,0.1082802563905716,0.281879,1.33333,0.3,0.656566,,,4.8106,0.00174937,-0.0725098,999,,,,"7803"
"Nabil Crismatt","LAD",1,0,,4.41041,10,0,0,1,10,44,11,5,5,2,3,,0,9,7.85605,2.75651,2.85,1.37825,0.199301,0.0699301,0.12937062233686447,0.262357,1.36294,0.30102,0.72,,,4.55673,0.00122117,0.00711684,999,,,,"17732"
"Brandon Hughes","ARI",1,1,,4.07143,19,0,0,1,19,82,17,10,9,2,9,,2,20,9.42857,4.07143,2.31579,1.07143,0.241758,0.104396,0.13736264407634735,0.232704,1.33333,0.290909,0.714286,,,4.35028,0.00117162,0.00634497,999,,,,"23460"
"Alek Jacob","SDP",2,1,,4.15704,38,0,0,1,38,163,34,19,18,5,13,,4,38,8.93764,3.11778,2.86667,1.24711,0.231183,0.0806452,0.1505376398563385,0.23494,1.24711,0.282051,0.701754,,,4.45596,0.0011224,0.00932909,999,,,,"29628"
"Jackson Wolf","PIT",1,1,,4.65663,13,0,0,1,13,56,13,7,7,2,5,,0,11,7.28128,3.13264,2.32432,1.18532,0.187364,0.08061,0.10675381124019623,0.255981,1.35466,0.292453,0.68328,,,4.50622,0.000966427,0.00209402,999,,,,"29832"
"Tommy Nance","SDP",0,1,,4.5,15,0,0,1,15,65,14,8,8,2,7,,1,16,9.52941,3.97059,2.4,1.32353,0.244898,0.102041,0.1428571343421936,0.238462,1.35294,0.292135,0.717949,,,4.54916,0.000783118,-0.0119802,999,,,,"19178"
"Sam Moll","CIN",2,2,,4.87427,60,0,0,7,60,261,55,35,32,9,28,,6,62,9.22631,4.17795,2.20833,1.39265,0.235556,0.106667,0.12888888269662857,0.239796,1.37331,0.288889,0.685619,,,4.89914,-0.000414715,-0.0322563,999,,,,"14874"
"J.P. Feyereisen","LAD",4,3,,4.3326,46,0,0,1,46,189,40,24,22,8,20,,0,49,9.64989,3.93873,2.45,1.57549,0.260638,0.106383,0.15425531566143036,0.238095,1.31291,0.288288,0.737705,,,4.69924,-0.000730689,0.00224077,999,,,,"16610"
"Anthony Solometo","PIT",1,1,,4.61538,12,0,0,1,12,53,12,7,6,1,5,,1,9,7.09402,3.67521,1.93023,1.11111,0.179266,0.0928726,0.0863930732011795,0.257831,1.4245,0.294671,0.698027,,,4.65105,-0.000876681,-0.0137968,999,,,,"sa3018259"
"Justin Slaten","NYM",5,5,,4.83333,62,0,1,12,62,281,63,36,33,9,31,,1,67,9.66667,4.5,2.14815,1.33333,0.236735,0.110204,0.12653060257434845,0.253456,1.51852,0.311258,0.720339,,,4.58837,-0.000976635,-0.0384198,999,,,,"sa3010309"
"Thomas Pannone","CHC",0,0,,4.55483,6,0,0,1,6,26,6,3,3,1,2,,0,5,7.00094,2.44611,2.86207,1.34958,0.180828,0.0631808,0.11764705926179886,0.266979,1.34021,0.298781,0.704809,,,4.54839,-0.00131122,0.0056047,999,,,,"17281"
"Logan Gillaspie","SDP",1,1,,4.41509,14,0,0,1,14,62,14,7,7,2,5,,1,12,7.4717,3.0566,2.44444,1.18868,0.188841,0.0772532,0.1115879938006401,0.254717,1.35849,0.291925,0.707395,,,4.50032,-0.00165416,0.00343703,999,,,,"22461"
"Glenn Otto","SDP",1,1,,4.61802,21,0,0,1,21,91,19,12,11,3,9,,1,21,8.92816,4.00228,2.23077,1.23147,0.227749,0.102094,0.12565446645021439,0.234421,1.3455,0.281513,0.681818,,,4.58913,-0.00197323,-0.0416928,999,,,,"21366"
"Jose A. Ferrer","WSN",2,2,,4.61538,38,0,0,1,38,166,39,21,19,5,13,,2,30,7.05882,2.98643,2.36364,1.22172,0.17931,0.0758621,0.1034482792019844,0.257576,1.35747,0.29064,0.684754,,,4.62759,-0.00209642,-0.015929,999,,,,"24017"
"Michael Mercado","PHI",1,1,,5.01429,14,0,0,1,14,62,14,8,8,2,7,,1,14,9.12857,4.24286,2.15152,1.41429,0.228296,0.106109,0.12218649685382843,0.250909,1.45714,0.300518,0.692841,,,4.81218,-0.00269128,-0.0132887,999,,,,"sa3005024"
"Justin Bruihl","CIN",0,1,,4.92453,8,0,0,1,8,35,8,5,4,1,3,,1,7,7.4717,3.39623,2.2,1.35849,0.191304,0.0869565,0.1043478325009346,0.257282,1.37736,0.292208,0.679612,,,4.91542,-0.00278281,-0.0136584,999,,,,"23779"
"Jesse Hahn","LAD",0,0,,5.00994,6,0,0,1,6,26,6,4,3,1,1,,0,4,6.44135,2.14712,3,1.43141,0.167442,0.0558139,0.11162791028618813,0.271357,1.31213,0.296774,0.656934,,,4.8455,-0.00293923,-0.0258936,999,,,,"13287"
"John Curtiss","COL",0,1,,5.25199,17,0,0,1,17,75,18,11,10,3,7,,0,16,8.35544,3.5809,2.33333,1.67109,0.209581,0.0898204,0.11976048350334167,0.264901,1.45889,0.302752,0.685841,,,5.08528,-0.00349394,-0.0126912,999,,,,"16128"
"Ethan Small","SFG",1,1,,4.54545,24,0,0,1,24,108,23,13,12,3,14,,1,25,9.48052,5.06493,1.87179,1.16883,0.233974,0.125,0.10897435247898102,0.244444,1.51515,0.303191,0.725108,,,4.65475,-0.00360334,-0.0191031,999,,,,"26364"
"Grant Holmes","ATL",1,0,,4.5,8,0,0,1,8,36,8,4,4,1,3,,0,7,8.35714,3.85714,2.16667,1.28571,0.208,0.096,0.1119999885559082,0.26009,1.46429,0.306748,0.734463,,,4.70147,-0.00381178,0.0103527,999,,,,"sa828669"
"Josh Fleming","PIT",2,3,,4.83871,48,0,0,4,48,213,56,28,26,6,13,,1,27,5.05376,2.47312,2.04348,1.07527,0.126685,0.0619946,0.06469002738595009,0.283237,1.44564,0.304498,0.672897,,,4.58121,-0.00480058,-0.0705523,999,,,,"20418"
"Dylan Dodd","ATL",1,1,,4.67308,10,0,0,1,10,44,11,6,5,1,3,,0,8,6.75,2.85577,2.36364,1.29808,0.172185,0.0728477,0.09933774173259735,0.267943,1.39423,0.298462,0.701613,,,4.63966,-0.00545934,-0.0163137,999,,,,"29928"
"Geoff Hartlieb","COL",1,1,,5.52273,10,0,0,1,10,45,11,7,6,2,5,,1,8,7.15909,4.09091,1.75,1.43182,0.175879,0.100503,0.07537689059972763,0.272727,1.54545,0.30597,0.670103,,,5.3005,-0.00602451,-0.0210137,999,,,,"19558"
"Keegan Thompson","CHC",2,2,,4.37838,36,0,0,1,36,155,33,19,18,5,17,,2,35,8.75676,4.25676,2.05714,1.21622,0.225705,0.109718,0.11598745733499527,0.239286,1.37838,0.287879,0.715909,,,4.64693,-0.00617034,0.00355494,999,,,,"19795"
"Kyle Backhus","ARI",1,1,,4.47684,14,0,0,1,14,62,14,7,7,2,6,,1,12,7.87307,4.1681,1.88889,1.08062,0.196154,0.103846,0.09230770915746689,0.252174,1.45798,0.296512,0.718085,,,4.6101,-0.00672864,0.0156322,999,,,,"sa3017068"
"Casey Legumina","CIN",1,2,,5.20796,28,0,0,1,28,126,29,18,16,5,12,,1,26,8.30018,3.74322,2.21739,1.46474,0.205645,0.0927419,0.11290322244167328,0.26009,1.46474,0.300613,0.672515,,,4.88253,-0.00687447,-0.061782,999,,,,"25921"
"Adam Kloffenstein","STL",0,1,,4.57895,10,0,0,1,10,45,10,6,5,1,4,,1,8,7.34211,3.78947,1.9375,1.10526,0.183071,0.0944882,0.08858267962932587,0.25167,1.41228,0.289474,0.693069,,,4.77258,-0.00739427,-0.0231202,999,,,,"sa3008578"
"Kolton Ingram","NYM",1,1,,4.68582,19,0,0,1,19,85,17,11,10,2,10,,1,20,9.37163,4.8474,1.93333,1.13106,0.233871,0.120968,0.11290322989225388,0.237209,1.45422,0.293333,0.702247,,,4.58359,-0.00753915,-0.0397476,999,,,,"26068"
"John King","STL",2,2,,4.26316,34,0,0,1,34,149,38,17,16,4,9,,1,21,5.52632,2.36842,2.33333,1.10526,0.140562,0.060241,0.0803212895989418,0.271552,1.36842,0.294737,0.718475,,,4.5182,-0.00765233,0.0244242,999,,,,"22051"
"Andre Granillo","STL",1,1,,4.40135,19,0,0,1,19,84,18,10,9,3,10,,0,19,8.8027,4.70489,1.87097,1.21417,0.220532,0.117871,0.10266158729791641,0.242424,1.46712,0.290909,0.738786,,,4.67157,-0.00765744,-0.00158805,999,,,,"sa3016913"
"Spenser Watkins","WSN",0,0,,5.21053,6,0,0,1,6,27,7,4,3,1,2,,0,4,6.1579,3.31579,1.85714,1.30263,0.152047,0.0818713,0.07017544656991959,0.276527,1.5,0.302419,0.669371,,,4.99188,-0.00774419,-0.0225459,999,,,,"17489"
"Dinelson Lamet","LAD",1,1,,5.21053,12,0,0,1,12,54,11,8,7,2,6,,1,14,10.4211,4.5,2.31579,1.65789,0.258824,0.111765,0.14705883711576462,0.241611,1.44737,0.295918,0.685841,,,4.99188,-0.00790784,-0.0517872,999,,,,"17186"
"Brent Honeywell","PIT",1,3,,4.86034,36,0,0,1,36,160,38,21,19,5,14,,2,28,7.03911,3.51955,2,1.17318,0.175732,0.0878661,0.08786610513925552,0.260465,1.43389,0.295181,0.684524,,,4.72618,-0.00792803,-0.0413905,750.9199829101562,,,,"16466"
"José Castillo","ARI",1,1,,4.5,8,0,0,1,8,36,8,4,4,1,4,,1,8,9.47368,4.73684,2,1.18421,0.232558,0.116279,0.11627907305955887,0.241611,1.47368,0.298077,0.714286,,,4.67609,-0.00833822,0.00893268,999,,,,"17169"
"Stephen Jones","COL",0,1,,5.24871,14,0,0,1,14,64,15,9,8,2,6,,1,12,7.87307,4.01372,1.96154,1.38937,0.192453,0.0981132,0.09433962404727936,0.264957,1.50943,0.304598,0.676393,,,5.10753,-0.00873997,-0.00894068,999,,,,"sa3009935"
"Colten Brewer","CHC",0,0,,4.84848,12,0,0,1,12,53,12,7,6,2,5,,1,11,8.18182,3.93939,2.07692,1.21212,0.206107,0.0992366,0.10687024146318436,0.25,1.41414,0.294118,0.686813,,,4.70285,-0.00875858,-0.018739,999,,,,"12997"
"Braydon Fisher","LAD",1,1,,4.86911,8,0,0,1,8,36,7,5,4,1,5,,0,9,9.58115,5.81152,1.64865,1.25654,0.236434,0.143411,0.09302325546741486,0.233945,1.53578,0.288591,0.703125,,,5.03515,-0.00882247,-0.0245652,999,,,,"sa3007929"
"Tim Cate","WSN",1,1,,4.96464,13,0,0,1,13,58,14,8,7,2,6,,0,9,6.49222,4.07355,1.59375,1.14569,0.160377,0.100629,0.05974842607975006,0.267606,1.52758,0.299107,0.691824,,,4.90992,-0.00913939,-0.0294224,999,,,,"sa3007926"
"Calvin Faucher","MIA",1,1,,4.7806,19,0,0,1,19,87,20,11,10,3,10,,0,19,8.93764,4.57275,1.95455,1.24711,0.21608,0.110553,0.10552764683961868,0.261364,1.57044,0.314961,0.721476,,,4.66382,-0.00970847,-0.0224869,999,,,,"20116"
"Adrian Morejon","SDP",2,2,,4.24318,48,0,0,4,48,208,45,25,23,7,18,,2,46,8.70968,3.34988,2.6,1.33995,0.222857,0.0857143,0.1371428593993187,0.240506,1.31514,0.283186,0.717489,,,4.52055,-0.0103842,-0.0111935,750.1199951171875,,,,"20039"
"Colin Selby","PIT",0,1,,4.84472,19,0,0,1,19,87,18,11,10,2,11,,2,20,9.68944,5.21739,1.85714,1.11801,0.236364,0.127273,0.1090909093618393,0.239362,1.51139,0.3,0.696594,,,4.70432,-0.0109458,-0.0194178,999,,,,"24986"
"Max Kranick","NYM",1,1,,4.80519,17,0,0,1,17,76,18,10,9,2,6,,1,12,6.23377,3.11688,2,1.16883,0.155844,0.0779221,0.07792207598686218,0.267857,1.42857,0.295964,0.68287,,,4.77019,-0.0116358,-0.0404268,999,,,,"22175"
"Ryder Ryan","PIT",2,4,,4.77551,40,0,0,1,40,178,40,23,21,5,17,,3,35,7.89796,3.85714,2.04762,1.10204,0.197248,0.0963303,0.10091742873191833,0.253886,1.42857,0.298611,0.681818,,,4.62239,-0.012294,-0.0362779,999,,,,"19891"
"Roddery Muñoz","MIA",1,1,,4.85526,12,0,0,1,12,54,12,7,6,2,6,,0,10,7.57895,4.5,1.68421,1.18421,0.186589,0.110787,0.07580173760652542,0.260726,1.53947,0.30131,0.708738,,,4.8603,-0.0123269,-0.0157486,999,,,,"sa3008104"
"Alan Busenitz","CIN",0,0,,5.65923,6,0,0,1,6,27,7,4,4,1,3,,0,5,6.93712,3.83367,1.80952,1.643,0.171946,0.0950226,0.07692307233810425,0.277778,1.54158,0.304636,0.662461,,,5.48628,-0.012694,-0.017221,999,,,,"15239"
"Sean Hjelle","SFG",1,1,,4.83333,12,0,0,1,12,54,13,7,6,1,5,,1,9,6.66667,3.41667,1.95122,1.08333,0.164271,0.0841889,0.08008214831352234,0.270023,1.47222,0.305233,0.681818,,,4.72726,-0.0127247,-0.0248815,999,,,,"21481"
"Michael Rucker","PHI",0,1,,5.30357,21,0,0,1,21,93,22,14,12,3,9,,1,19,8.03571,3.69643,2.17391,1.44643,0.200803,0.0923695,0.10843374580144882,0.264574,1.46429,0.304878,0.662824,,,4.95147,-0.0134349,-0.0783271,999,,,,"19454"
"Justin Yeager","MIL",1,1,,4.65116,19,0,0,1,19,85,17,11,10,3,12,,0,22,10.4651,5.5814,1.875,1.39535,0.260116,0.138728,0.12138727307319641,0.22973,1.49871,0.28866,0.725806,,,4.88295,-0.0136577,-0.0232188,999,,,,"sa3010825"
"Austin Warren","SFG",1,1,,4.70455,10,0,0,1,10,45,10,6,5,1,5,,1,9,8.38636,4.09091,2.05,1.22727,0.209184,0.102041,0.1071428656578064,0.254335,1.45455,0.301587,0.701439,,,4.73231,-0.0144279,-0.0258217,999,,,,"24937"
"Kevin Kopps","SDP",0,0,,4.81361,10,0,0,1,10,45,10,6,5,1,5,,1,9,8.02269,4.66775,1.71875,1.16694,0.197133,0.114695,0.08243727684020996,0.244813,1.47488,0.286517,0.689223,,,5.00545,-0.0146194,-0.0287077,999,,,,"sa3017005"
"Matt Gage","LAD",1,0,,4.57275,19,0,0,1,19,83,18,11,10,3,8,,1,18,8.52194,3.74134,2.27778,1.45497,0.216931,0.0952381,0.12169311195611954,0.248521,1.38568,0.289256,0.717131,,,4.84857,-0.0156417,-0.0320246,999,,,,"17381"
"Griff McGarry","PHI",0,0,,5.45052,8,0,0,1,8,37,7,5,5,1,6,,0,9,10.2363,6.91285,1.48077,1.32939,0.243671,0.164557,0.07911394536495209,0.234615,1.66913,0.294798,0.69697,,,5.38207,-0.0160838,-0.0201449,999,,,,"sa3017130"
"Josh James","STL",0,0,,4.79087,8,0,0,1,8,37,8,5,4,1,5,,1,9,9.58175,5.47529,1.75,1.36882,0.231405,0.132231,0.09917356073856354,0.242718,1.55894,0.295775,0.734463,,,5.15618,-0.0160937,-0.0244997,999,,,,"16794"
"Edwin Escobar","CHC",1,1,,4.86885,14,0,0,0,14,62,15,8,8,2,6,,1,10,6.4918,3.83607,1.69231,1.18033,0.161765,0.0955882,0.06617648154497147,0.26749,1.4918,0.298429,0.689223,,,4.94356,-0.0167238,-0.0168974,999,,,,"10337"
"Ricky Vanasco","LAD",1,1,,4.66071,15,0,0,1,15,68,14,8,8,2,8,,1,16,9.32143,4.98214,1.87097,1.44643,0.229249,0.12253,0.10671935975551605,0.245455,1.51786,0.294118,0.745856,,,5.04075,-0.0168136,-0.00455963,999,,,,"sa3004863"
"Shintaro Fujinami","NYM",3,4,,4.97368,46,0,0,1,46,208,41,27,25,5,29,,3,50,9.71053,5.68421,1.70833,1.06579,0.239067,0.139942,0.09912535548210144,0.231034,1.51316,0.291457,0.683594,,,4.72872,-0.0170254,-0.10758,741.6900024414062,,,,"31839"
"Kyle Nicolas","PIT",1,1,,4.7779,21,0,0,1,21,94,20,12,11,3,11,,2,20,8.77573,4.68039,1.875,1.1701,0.216867,0.115663,0.10120481997728348,0.247222,1.48429,0.29845,0.698835,,,4.78267,-0.0174881,-0.0168589,999,,,,"27775"
"Matt Koch","COL",1,2,,5.57789,21,0,0,1,21,95,24,14,13,4,7,,1,17,7.23618,3.16583,2.28571,1.50754,0.178439,0.0780669,0.10037174820899963,0.278689,1.49079,0.311828,0.653333,,,5.08084,-0.0175796,-0.0262376,999,,,,"13420"
"Logan Allen","ARI",1,1,,4.7,13,0,0,1,13,59,14,7,7,2,6,,1,10,6.8,4.1,1.65854,1.1,0.167488,0.100985,0.06650245934724808,0.26257,1.5,0.297491,0.702341,,,4.93282,-0.0204247,-0.000341151,737.3400268554688,,,,"18555"
"Taylor Lehman","PHI",1,1,,5.66751,10,0,0,1,10,46,10,7,6,2,6,,1,9,7.70781,5.21411,1.47826,1.3602,0.187845,0.127072,0.060773491859436035,0.262821,1.61209,0.301724,0.665468,,,5.3961,-0.0205501,-0.0469395,999,,,,"sa3007834"
"Vladimir Gutierrez","MIA",1,1,,4.92881,17,0,0,1,17,75,18,10,9,2,7,,1,13,6.80175,3.84447,1.76923,1.18291,0.170792,0.0965347,0.07425741851329803,0.264624,1.46769,0.298561,0.682594,,,4.93083,-0.0214437,-0.0247573,999,,,,"19278"
"Spencer Bivens","SFG",0,1,,5.14644,8,0,0,1,8,36,9,5,5,1,4,,1,6,6.77824,4.14226,1.63636,1.25523,0.166154,0.101538,0.0646153911948204,0.270175,1.53417,0.303167,0.6875,,,5.23551,-0.0225121,-0.0267424,999,,,,"sa3018251"
"Tyler Matzek","ATL",3,1,,4.2,58,0,0,10,58,251,52,30,27,8,31,,3,61,9.4,4.8,1.95833,1.2,0.241026,0.123077,0.11794871836900711,0.236686,1.42222,0.293103,0.73741,,,4.63282,-0.0227984,0.158239,750.6699829101562,,,,"10058"
"Corbin Martin","ARI",2,2,,4.5,28,0,0,1,28,125,28,15,14,4,14,,0,25,8.18182,4.36364,1.875,1.22727,0.20339,0.108475,0.09491525590419769,0.255725,1.5,0.300518,0.729167,,,4.70959,-0.0228881,0.00154481,999,,,,"19884"
"Daniel Palencia","CHC",2,2,,4.73684,44,0,0,1,44,198,40,25,23,6,24,,4,46,9.31579,4.89474,1.90323,1.26316,0.230469,0.121094,0.1093750074505806,0.236364,1.45614,0.287582,0.710306,,,4.90416,-0.0241742,-0.0488458,999,,,,"27914"
"Yonny Chirinos","MIA",1,2,,4.8913,24,0,0,1,24,104,26,14,13,3,7,,1,14,5.38043,2.73913,1.96429,1.27174,0.138191,0.0703518,0.06783919781446457,0.275956,1.40217,0.295302,0.676895,,,4.93982,-0.0244279,-0.0314973,999,,,,"16401"
"Luis Patiño","SDP",1,2,,4.86486,25,0,0,1,25,110,25,15,14,4,12,,1,20,7.04125,4.22475,1.66667,1.28023,0.177419,0.106452,0.07096774876117706,0.251825,1.45092,0.282297,0.693182,,,5.07581,-0.0258231,-0.0717692,749.739990234375,,,,"22815"
"Dakota Chalmers","ARI",0,0,,5.63969,6,0,0,1,6,29,6,4,4,1,5,,0,6,8.45953,7.75457,1.09091,1.17493,0.193548,0.177419,0.016129016876220703,0.246667,1.82768,0.293578,0.698413,,,5.89212,-0.0286668,-0.0227342,999,,,,"sa875017"
"Christian Roa","CIN",1,1,,5.54985,14,0,0,1,14,65,14,9,9,2,9,,1,14,9.24974,5.82734,1.5873,1.57246,0.222222,0.14,0.08222222328186035,0.249344,1.62384,0.295455,0.692995,,,5.59831,-0.0301386,-0.030891,999,,,,"sa3014477"
"Sean Reid-Foley","NYM",3,3,,4.76821,57,0,0,7,57,257,49,33,30,9,36,,3,77,12.1192,5.76159,2.10345,1.39073,0.29902,0.142157,0.1568627506494522,0.225434,1.5011,0.304762,0.721649,,,4.62369,-0.0302138,-0.119243,999,,,,"17034"
"Gus Varland","LAD",2,2,,4.89681,32,0,0,1,32,145,32,19,17,5,15,,2,31,8.61163,4.22139,2.04,1.35084,0.211618,0.103734,0.10788381844758987,0.25,1.46341,0.294118,0.703593,,,4.92483,-0.034225,-0.0682171,750.3699951171875,,,,"24737"
"Amos Willingham","WSN",1,2,,5.29412,24,0,0,1,24,107,26,15,14,4,8,,1,18,6.66034,3.074,2.16667,1.537,0.165957,0.0765957,0.08936169743537903,0.271028,1.44213,0.295181,0.662461,,,5.19052,-0.0348202,-0.0610637,999,,,,"26128"
"Juan Sanchez","SFG",4,4,,4.54976,38,0,0,1,38,169,37,21,19,5,19,,2,35,8.38863,4.54976,1.84375,1.13744,0.20922,0.113475,0.09574466198682785,0.246964,1.46919,0.294444,0.709046,,,4.69264,-0.0366916,-0.0430517,999,,,,"sa3005444"
"Erik Miller","SFG",1,2,,4.7929,44,0,0,1,44,200,38,25,23,5,30,,2,51,10.4734,6.21302,1.68571,1.06509,0.256522,0.152174,0.10434785485267639,0.227979,1.55819,0.296875,0.708215,,,4.65543,-0.0368834,-0.0708339,999,,,,"26252"
"Tejay Antone","CIN",2,3,,5.13742,48,0,0,1,48,211,48,29,27,8,20,,3,45,8.37209,3.8055,2.2,1.5222,0.211538,0.0961538,0.11538461595773697,0.254054,1.41649,0.293233,0.681004,,,5.05208,-0.0370798,-0.0539189,744.2100219726562,,,,"16233"
"Jayvien Sandridge","SDP",0,1,,5.74468,8,0,0,1,8,38,7,5,5,1,7,,1,9,10.1489,8.42553,1.20455,1.34043,0.234513,0.19469,0.0398230105638504,0.224719,1.78723,0.279661,0.700809,,,5.99972,-0.0377752,-0.0291381,999,,,,"sa3007621"
"Randy Rodríguez","SFG",0,1,,5.02392,15,0,0,1,15,70,14,9,8,2,10,,1,15,9.04306,5.88517,1.53659,1.14833,0.216495,0.140893,0.07560136914253235,0.241803,1.5949,0.294798,0.698198,,,5.15297,-0.0380108,-0.0387325,999,,,,"sa3006366"
"Dylan Covey","PHI",1,1,,5.44794,27,0,0,1,27,122,31,18,16,4,10,,1,17,5.66586,3.48668,1.625,1.30751,0.139785,0.0860215,0.05376344174146652,0.279762,1.52542,0.301471,0.659341,,,5.19209,-0.0391665,-0.100706,999,,,,"14825"
"Nick Avila","SFG",3,4,,4.69821,32,0,0,1,32,144,35,18,17,4,14,,1,24,6.75367,3.81729,1.76923,1.17455,0.167273,0.0945454,0.072727270424366,0.270161,1.51713,0.304124,0.709046,,,4.77217,-0.0395981,-0.0459435,999,,,,"sa3011532"
"Jaden Hill","COL",1,2,,5.72727,19,0,0,1,19,88,20,13,12,3,9,,3,16,7.36364,4.29545,1.71429,1.43182,0.176471,0.102941,0.07352941483259201,0.267045,1.54545,0.300752,0.652921,,,5.59595,-0.0405614,-0.0322671,999,,,,"sa3019731"
"Victor Vodnik","COL",2,3,,5.24838,40,0,0,1,40,182,41,25,23,6,22,,2,38,8.55292,5.054,1.69231,1.36069,0.208531,0.123223,0.08530806005001068,0.256831,1.57667,0.30303,0.696203,,,5.13409,-0.0406721,-0.00717198,748.2899780273438,,,,"24614"
"Thaddeus Ward","WSN",0,0,,5.5706,19,0,0,1,19,85,19,13,12,3,10,,2,16,7.48549,4.52611,1.65385,1.39265,0.186957,0.113043,0.07391304522752762,0.256281,1.48936,0.290541,0.638298,,,5.40204,-0.0417773,-0.08106,999,,,,"21513"
"Lucas Gilbreath","COL",2,3,,5.40338,44,0,0,1,44,204,45,29,26,7,26,,2,42,8.61163,5.40338,1.59375,1.35084,0.206478,0.129555,0.07692308723926544,0.259434,1.63227,0.30719,0.686016,,,5.26255,-0.0486176,-0.0464318,999,,,,"21290"
"Yosver Zulueta","CIN",1,1,,5.23809,17,0,0,1,17,78,16,11,10,2,10,,3,16,8.57143,5.23809,1.63636,1.26984,0.207692,0.126923,0.08076922595500946,0.24537,1.51675,0.292208,0.668449,,,5.51254,-0.049543,-0.0660796,999,,,,"sa3014869"
"Jacob Misiorowski","MIL",1,1,,5.30121,17,0,0,1,17,79,14,11,10,3,11,,5,20,10.4819,5.78313,1.8125,1.3253,0.251445,0.138728,0.11271676421165466,0.223022,1.47256,0.283333,0.655391,,,5.57097,-0.0500648,-0.0547056,999,,,,"sa3020644"
"Jalen Beeks","COL",2,3,,5.06897,60,0,0,9,60,273,68,37,34,10,23,,4,51,7.65517,3.41379,2.24242,1.44828,0.186869,0.0833333,0.10353534668684006,0.27451,1.50575,0.312268,0.70018,,,4.99067,-0.050452,0.0585241,999,,,,"17192"
"Mychal Givens","MIA",2,4,,4.82574,38,0,0,1,38,170,38,22,20,5,18,,3,35,8.20375,4.34316,1.88889,1.20643,0.203593,0.107784,0.09580837190151215,0.253425,1.47453,0.299065,0.6875,,,4.86362,-0.0520653,-0.0449739,999,,,,"10430"
"Andre Pallante","STL",3,2,,4.2503,60,0,1,11,60,266,63,30,28,6,24,,2,41,6.16293,3.61275,1.70588,0.956316,0.154667,0.0906667,0.06399999558925629,0.263314,1.45218,0.295203,0.724638,,,4.57735,-0.0536562,0.181896,999,,,,"26108"
"Robert Gsellman","WSN",2,2,,5.24781,33,0,0,1,33,146,36,21,19,5,13,,3,22,6.03499,3.41108,1.76923,1.31195,0.151316,0.0855263,0.06578948348760605,0.272059,1.45773,0.296296,0.651163,,,5.20839,-0.0549805,-0.0949069,999,,,,"13696"
"Daysbel Hernández","ATL",3,5,,4.63636,54,0,0,7,54,242,49,29,28,8,31,,3,64,10.6364,5.18182,2.05263,1.36364,0.263514,0.128378,0.13513512909412384,0.23622,1.48485,0.301205,0.738095,,,4.77019,-0.0559953,0.0111017,999,,,,"20271"
"Yohan Ramírez","NYM",1,2,,4.88136,40,0,0,1,40,178,35,24,22,5,20,,7,43,9.61017,4.57627,2.1,1.22034,0.239544,0.114068,0.12547527998685837,0.22973,1.37288,0.284768,0.659026,,,4.9669,-0.0590766,-0.109593,999,,,,"19444"
"Cam Sanders","CHC",1,2,,5.03587,25,0,0,1,25,115,22,15,14,4,17,,3,27,9.81349,6.06887,1.61702,1.29125,0.23676,0.146417,0.0903426855802536,0.233083,1.56385,0.288889,0.705263,,,5.30669,-0.0597179,-0.0514248,999,,,,"sa3008067"
"Justin Martinez","ARI",1,1,,4.86033,34,0,0,1,34,158,29,20,18,4,25,,3,42,11.0615,6.70391,1.65,1.17318,0.264,0.16,0.10400000214576721,0.22439,1.60149,0.295455,0.721785,,,5.00551,-0.0617416,-0.0508489,750.0800170898438,,,,"24453"
"Sean Reynolds","SDP",1,1,,5.33214,19,0,0,1,19,88,18,12,11,3,13,,1,17,8.24057,6.14004,1.34211,1.29264,0.197674,0.147287,0.050387606024742126,0.240741,1.6158,0.280255,0.685279,,,5.55307,-0.0620174,-0.073051,999,,,,"sa917966"
"Kai-Wei Teng","SFG",2,3,,4.90305,35,0,0,1,35,161,33,21,19,4,20,,5,36,9.14127,5.15235,1.77419,1.08033,0.220884,0.124498,0.09638555347919464,0.240476,1.50508,0.296296,0.683702,,,4.94479,-0.0639192,-0.0903758,999,,,,"sa3007229"
"Tony Santillan","CIN",1,2,,5.47059,33,0,0,1,33,152,32,22,20,5,20,,3,32,8.82353,5.47059,1.6129,1.41176,0.212766,0.131915,0.08085106313228607,0.251256,1.58824,0.297872,0.673352,,,5.45112,-0.066239,-0.0947152,999,,,,"19926"
"Ken Giles","ATL",1,1,,5.13308,28,0,0,1,28,132,28,17,16,5,19,,1,34,10.9506,6.1597,1.77778,1.71103,0.258065,0.145161,0.11290325224399567,0.247619,1.673,0.308824,0.756757,,,5.46036,-0.0835827,-0.0514837,750.9299926757812,,,,"12910"
"Stephen Kolek","SDP",3,4,,4.92857,52,0,0,6,52,234,51,31,28,7,24,,5,45,7.71429,4.17857,1.84615,1.28571,0.190476,0.103175,0.0873015895485878,0.250755,1.45238,0.287449,0.684411,,,5.07647,-0.0882229,-0.143094,999,,,,"21487"
"Declan Cronin","MIA",2,2,,5.02793,46,0,0,1,46,206,51,27,26,6,18,,3,30,5.86592,3.51955,1.66667,1.17318,0.145228,0.0871369,0.05809128284454346,0.277778,1.50838,0.304598,0.688202,,,5.04275,-0.0903102,-0.0652638,999,,,,"25645"
"Evan Justice","COL",2,4,,5.78571,33,0,0,1,33,157,31,23,21,6,23,,6,38,10.2857,6.21429,1.65517,1.5,0.24,0.145,0.0949999988079071,0.243902,1.64286,0.302752,0.675676,,,5.70742,-0.0919142,-0.0667944,999,,,,"30008"
"George Soriano","MIA",2,2,,4.69361,62,0,1,15,62,278,61,35,32,8,29,,6,59,8.56584,4.22425,2.02778,1.1734,0.212209,0.104651,0.10755815356969833,0.25,1.4472,0.299539,0.701031,,,4.76743,-0.0951496,-0.0636722,999,,,,"21863"
"Wandy Peralta","SDP",4,4,,4.03509,62,0,2,12,62,262,53,30,28,8,29,,4,60,8.77193,4.21053,2.08333,1.22807,0.230415,0.110599,0.11981568485498428,0.231579,1.32554,0.278196,0.738832,,,4.65855,-0.112978,0.252427,723.2899780273438,,,,"14295"
"Riley Pint","COL",1,3,,5.90457,35,0,0,1,35,166,32,25,23,6,27,,6,40,10.1988,6.97813,1.46154,1.43141,0.239496,0.163866,0.07563026249408722,0.240838,1.68986,0.301587,0.663957,,,5.85941,-0.113802,-0.0862886,999,,,,"21858"
"Matt Carasiti","COL",1,3,,5.86047,48,0,0,4,48,223,55,33,31,8,22,,3,40,7.53488,4.18605,1.8,1.46512,0.18,0.1,0.08000001311302185,0.276836,1.60465,0.313433,0.658784,,,5.30155,-0.118346,-0.121159,999,,,,"13276"
"Burch Smith","MIA",1,3,,5.25,50,0,0,4,50,228,56,31,29,7,21,,3,40,7.125,3.75,1.9,1.3125,0.173516,0.0913242,0.08219177275896072,0.27551,1.54167,0.311258,0.685358,,,5.00504,-0.120983,-0.176551,999,,,,"12784"
"Riley O'Brien","STL",4,4,,4.5,58,0,0,10,58,260,53,32,29,8,32,,5,63,9.70312,4.92188,1.97143,1.26562,0.240418,0.121951,0.11846689879894257,0.235772,1.45312,0.291667,0.721393,,,4.84879,-0.123603,-0.0639058,749.75,,,,"20348"
"Luke Jackson","SFG",3,3,,4.26637,62,0,1,12,62,269,59,32,29,10,28,,3,67,9.75169,4.06321,2.4,1.42212,0.25,0.104167,0.1458333358168602,0.247059,1.39955,0.304348,0.747126,,,4.63202,-0.149795,0.0950234,749.8300170898438,,,,"11752"
"JT Chargois","MIA",1,2,,4.52716,56,0,0,11,56,240,53,30,28,8,25,,5,50,7.96781,3.9839,2,1.26761,0.206573,0.103286,0.10328638553619385,0.251337,1.38833,0.294118,0.709459,,,4.88482,-0.181062,0.0761116,999,,,,"13767"
"Robert Suarez","SDP",5,6,,4.4226,65,0,26,4,65,271,54,35,32,10,29,,5,65,9.06634,3.98034,2.27778,1.32678,0.241176,0.105882,0.1352940946817398,0.228188,1.27764,0.27451,0.688073,,,4.70467,-0.222885,-0.137532,191.11000061035156,,,,"30115"
"Jake Diekman","NYM",3,3,,4.78723,61,0,0,12,61,274,52,35,32,9,40,,5,74,10.9149,5.93617,1.83871,1.34043,0.270142,0.146919,0.12322273850440979,0.227273,1.51064,0.294643,0.718954,,,4.99972,-0.232746,-0.246255,999,,,,"5003"
"Daniel Bard","COL",4,5,,5.43624,55,0,7,10,55,251,53,36,33,9,34,,6,57,9.26174,5.63758,1.64286,1.4094,0.22549,0.137255,0.08823530375957489,0.251462,1.58837,0.305085,0.686274,,,5.44743,-0.288044,-0.0960322,743.5,,,,"7115"