Rk,Name,Age,Tm,W,L,W-L%,ERA,G,GS,GF,CG,SHO,SV,IP,H,R,ER,HR,BB,IBB,SO,HBP,BK,WP,BF,ERA+,FIP,WHIP,H9,HR9,BB9,SO9,SO/W
1,Don Aase\aasedo01,34,NYM,1,5,.167,3.94,49,0,22,0,0,2,59.1,56,27,26,5,26,3,34,1,1,0,261,83,4.08,1.382,8.5,0.8,3.9,5.2,1.31
2,Jim Acker\ackerji01,30,ATL,0,6,.000,2.67,59,0,23,0,0,2,97.2,84,29,29,5,20,8,68,1,0,2,383,136,2.68,1.065,7.7,0.5,1.8,6.3,3.40
3,Juan Agosto*\agostju01,31,HOU,4,5,.444,2.93,71,0,28,0,0,1,83.0,81,32,27,3,32,10,46,2,1,4,361,117,3.35,1.361,8.8,0.3,3.5,5.0,1.44
4,Rick Aguilera\aguilri01,27,NYM,6,6,.500,2.34,36,0,19,0,0,7,69.1,59,19,18,3,21,3,80,2,3,3,284,140,2.01,1.154,7.7,0.4,2.7,10.4,3.81
5,Jay Aldrich\aldrija01,28,ATL,1,2,.333,2.19,8,0,2,0,0,0,12.1,7,5,3,0,6,1,7,0,0,0,50,170,3.09,1.054,5.1,0.0,4.4,5.1,1.17
6,Jose Alvarez\alvarjo01,33,ATL,3,3,.500,2.86,30,0,12,0,0,2,50.1,44,18,16,4,24,2,45,1,1,2,217,127,3.50,1.351,7.9,0.7,4.3,8.0,1.88
7,Larry Andersen\anderla02,36,HOU,4,4,.500,1.54,60,0,21,0,0,3,87.2,63,19,15,2,24,4,85,0,1,2,351,222,1.94,0.992,6.5,0.2,2.5,8.7,3.54
8,Jack Armstrong\armstja01,24,CIN,2,3,.400,4.64,9,8,1,0,0,0,42.2,40,24,22,5,21,4,23,0,0,0,187,79,4.68,1.430,8.4,1.1,4.4,4.9,1.10
9,Paul Assenmacher*\assenpa01,28,TOT,3,4,.429,3.99,63,0,17,0,0,0,76.2,74,37,34,3,28,8,79,1,1,3,331,92,2.35,1.330,8.7,0.4,3.3,9.3,2.82
10,Paul Assenmacher*\assenpa01,28,ATL,1,3,.250,3.59,49,0,14,0,0,0,57.2,55,26,23,2,16,7,64,1,1,3,247,101,1.88,1.231,8.6,0.3,2.5,10.0,4.00
11,Paul Assenmacher*\assenpa01,28,CHC,2,1,.667,5.21,14,0,3,0,0,0,19.0,19,11,11,1,12,1,15,0,0,0,84,74,3.76,1.632,9.0,0.5,5.7,7.1,1.25
12,Doug Bair\bairdo01,39,PIT,2,3,.400,2.27,44,0,17,0,0,1,67.1,52,19,17,4,28,10,56,0,0,7,276,149,3.12,1.188,7.0,0.5,3.7,7.5,2.00
13,Blaine Beatty*\beattbl01,25,NYM,0,0,,1.50,2,1,0,0,0,0,6.0,5,1,1,1,2,0,3,0,0,0,25,234,4.93,1.167,7.5,1.5,3.0,4.5,1.50
14,Steve Bedrosian\bedrost01,31,TOT,3,7,.300,2.87,68,0,60,0,0,23,84.2,56,31,27,12,39,5,58,1,0,2,342,121,4.65,1.122,6.0,1.3,4.1,6.2,1.49
15,Steve Bedrosian\bedrost01,31,PHI,2,3,.400,3.21,28,0,27,0,0,6,33.2,21,13,12,7,17,1,24,1,0,0,135,112,5.64,1.129,5.6,1.9,4.5,6.4,1.41
16,Steve Bedrosian\bedrost01,31,SFG,1,4,.200,2.65,40,0,33,0,0,17,51.0,35,18,15,5,22,4,34,0,0,2,207,128,4.00,1.118,6.2,0.9,3.9,6.0,1.55
17,Tim Belcher\belchti01,27,LAD,15,12,.556,2.82,39,30,6,10,8,1,230.0,182,81,72,20,80,5,200,7,2,7,937,122,3.29,1.139,7.1,0.8,3.1,7.8,2.50
18,Stan Belinda\belinst01,22,PIT,0,1,.000,6.10,8,0,2,0,0,0,10.1,13,8,7,0,2,0,10,0,0,1,46,58,1.41,1.452,11.3,0.0,1.7,8.7,5.00
19,Andy Benes\benesan01,21,SDP,6,3,.667,3.51,10,10,0,0,0,0,66.2,51,28,26,7,31,0,66,1,3,0,280,100,3.59,1.230,6.9,0.9,4.2,8.9,2.13
20,Mike Bielecki\bielemi01,29,CHC,18,7,.720,3.14,33,33,0,4,3,0,212.1,187,82,74,16,81,8,147,0,4,9,882,121,3.50,1.262,7.9,0.7,3.4,6.2,1.81
21,Tim Birtsas*\birtsti01,28,CIN,2,2,.500,3.75,42,1,12,0,0,1,69.2,68,33,29,5,27,8,57,3,3,3,300,97,3.35,1.364,8.8,0.6,3.5,7.4,2.11
22,Kevin Blankenship\blankke01,26,CHC,0,0,,1.69,2,0,1,0,0,0,5.1,4,1,1,0,2,0,2,0,0,0,22,241,3.14,1.125,6.8,0.0,3.4,3.4,1.00
23,Terry Blocker*\blockte01,29,ATL,0,0,,0.00,1,0,1,0,0,0,1.0,0,0,0,0,2,0,0,0,0,0,4,,8.76,2.000,0.0,0.0,18.0,0.0,0.00
24,Joe Boever\boevejo01,28,ATL,4,11,.267,3.94,66,0,53,0,0,21,82.1,78,37,36,6,34,5,68,1,0,5,349,92,3.33,1.360,8.5,0.7,3.7,7.4,2.00
25,Greg Booker\bookegr01,29,SDP,0,1,.000,4.26,11,0,4,0,0,0,19.0,15,10,9,2,10,1,8,0,0,1,79,84,4.87,1.316,7.1,0.9,4.7,3.8,0.80
26,Jeff Brantley\brantje01,25,SFG,7,1,.875,4.07,59,1,15,0,0,0,97.1,101,50,44,10,37,8,69,2,2,3,422,83,3.88,1.418,9.3,0.9,3.4,6.4,1.86
27,Tom Browning*\brownto05,29,CIN,15,12,.556,3.39,37,37,0,9,2,0,249.2,241,109,94,31,64,10,118,3,1,2,1031,107,4.24,1.222,8.7,1.1,2.3,4.3,1.84
28,Tim Burke\burketi01,30,MON,9,3,.750,2.55,68,0,52,0,0,28,84.2,68,24,24,6,22,7,54,0,0,1,333,139,3.19,1.063,7.2,0.6,2.3,5.7,2.45
29,Ernie Camacho\camacer01,34,SFG,3,0,1.000,2.76,13,0,5,0,0,0,16.1,10,5,5,1,11,2,14,0,1,3,70,125,3.87,1.286,5.5,0.6,6.1,7.7,1.27
30,John Candelaria*\candejo01,35,MON,0,2,.000,3.31,12,0,2,0,0,0,16.1,17,8,6,3,4,2,14,0,0,0,68,110,4.17,1.286,9.4,1.7,2.2,7.7,3.50
31,Jose Cano\canojo01,27,HOU,1,1,.500,5.09,6,3,1,1,0,0,23.0,24,13,13,2,7,2,8,0,0,0,99,68,4.11,1.348,9.4,0.8,2.7,3.1,1.14
32,Don Carman*\carmado01,29,PHI,5,15,.250,5.24,49,20,5,0,0,0,149.1,152,98,87,21,86,6,81,3,3,7,683,68,5.29,1.594,9.2,1.3,5.2,4.9,0.94
33,Cris Carpenter\carpecr01,24,STL,4,4,.500,3.18,36,5,10,0,0,0,68.0,70,30,24,4,26,9,35,2,0,1,303,114,3.73,1.412,9.3,0.5,3.4,4.6,1.35
34,Tony Castillo*\castito02,26,ATL,0,1,.000,4.82,12,0,1,0,0,0,9.1,8,5,5,0,4,1,5,0,0,0,41,78,2.98,1.286,7.7,0.0,3.9,4.8,1.25
35,Norm Charlton*\charlno01,26,CIN,8,3,.727,2.93,69,0,27,0,0,0,95.1,67,38,31,5,40,7,98,2,4,2,393,124,2.71,1.122,6.3,0.5,3.8,9.3,2.45
36,Jim Clancy\clancji01,33,HOU,7,14,.333,5.08,33,26,3,1,0,0,147.0,155,100,83,13,66,15,91,0,3,6,655,67,4.02,1.503,9.5,0.8,4.0,5.6,1.38
37,Marty Clary\claryma01,27,ATL,4,3,.571,3.15,18,17,0,2,1,0,108.2,103,47,38,6,31,3,30,1,0,5,452,115,3.81,1.233,8.5,0.5,2.6,2.5,0.97
38,Pat Clements*\clemepa01,27,SDP,4,1,.800,3.92,23,1,8,0,0,0,39.0,39,17,17,4,15,5,18,0,0,1,167,90,4.33,1.385,9.0,0.9,3.5,4.2,1.20
39,Pat Combs*\combspa01,22,PHI,4,0,1.000,2.09,6,6,0,1,1,0,38.2,36,10,9,2,6,1,30,0,0,5,153,171,2.35,1.086,8.4,0.5,1.4,7.0,5.00
40,David Cone\coneda01,26,NYM,14,8,.636,3.52,34,33,0,7,2,0,219.2,183,92,86,20,74,6,190,4,4,14,910,93,3.28,1.170,7.5,0.8,3.0,7.8,2.57
41,Dennis Cook*\cookde01,26,TOT,7,8,.467,3.72,23,18,1,2,1,0,121.0,110,59,50,18,38,6,67,2,2,4,499,95,4.58,1.223,8.2,1.3,2.8,5.0,1.76
42,Dennis Cook*\cookde01,26,SFG,1,0,1.000,1.80,2,2,0,1,0,0,15.0,13,3,3,1,5,0,9,0,0,1,58,192,3.43,1.200,7.8,0.6,3.0,5.4,1.80
43,Dennis Cook*\cookde01,26,PHI,6,8,.429,3.99,21,16,1,1,1,0,106.0,97,56,47,17,33,6,58,2,2,3,441,89,4.74,1.226,8.2,1.4,2.8,4.9,1.76
44,John Costello\costejo01,28,STL,5,4,.556,3.32,48,0,11,0,0,3,62.1,48,24,23,5,20,7,40,2,0,0,252,109,3.58,1.091,6.9,0.7,2.9,5.8,2.00
45,Tim Crews\crewsti01,28,LAD,0,1,.000,3.21,44,0,16,0,0,1,61.2,69,27,22,7,23,9,56,2,0,1,275,108,3.64,1.492,10.1,1.0,3.4,8.2,2.43
46,Ron Darling\darliro01,28,NYM,14,14,.500,3.52,33,33,0,4,0,0,217.1,214,100,85,19,70,7,153,3,4,12,922,93,3.50,1.307,8.9,0.8,2.9,6.3,2.19
47,Danny Darwin\darwida01,33,HOU,11,4,.733,2.36,68,0,26,0,0,7,122.0,92,34,32,8,33,9,104,2,3,2,482,144,2.77,1.025,6.8,0.6,2.4,7.7,3.15
48,Mark Davis*\davisma01,28,SDP,4,3,.571,1.85,70,0,65,0,0,44,92.2,66,21,19,6,31,1,92,2,0,8,370,191,2.69,1.047,6.4,0.6,3.0,8.9,2.97
49,Ken Dayley*\dayleke01,30,STL,4,3,.571,2.87,71,0,28,0,0,12,75.1,63,26,24,3,30,10,40,0,1,2,310,127,3.41,1.235,7.5,0.4,3.6,4.8,1.33
50,Jose DeLeon\deleojo01,28,STL,16,12,.571,3.05,36,36,0,5,3,0,244.2,173,96,83,16,80,5,201,6,0,2,972,118,3.02,1.034,6.4,0.6,2.9,7.4,2.51
51,Jim Deshaies*\deshaji01,29,HOU,15,10,.600,2.91,34,34,0,6,3,0,225.2,180,80,73,15,79,8,153,4,1,8,928,117,3.37,1.148,7.2,0.6,3.2,6.1,1.94
52,Rob Dibble\dibblro01,25,CIN,10,5,.667,2.09,74,0,18,0,0,2,99.0,62,23,23,4,39,11,141,3,0,7,401,173,1.71,1.020,5.6,0.4,3.5,12.8,3.62
53,Gordon Dillard*\dillago01,25,PHI,0,0,,6.75,5,0,1,0,0,0,4.0,7,3,3,0,0,0,2,0,0,1,19,58,1.76,1.750,15.8,0.0,0.0,4.5,
54,Frank DiPino*\dipinfr01,32,STL,9,0,1.000,2.45,67,0,8,0,0,0,88.1,73,26,24,6,20,7,44,0,0,2,347,148,3.33,1.053,7.4,0.6,2.0,4.5,2.20
55,Kelly Downs\downske01,28,SFG,4,8,.333,4.79,18,15,1,0,0,0,82.2,82,47,44,7,26,4,49,1,3,3,349,71,3.66,1.306,8.9,0.8,2.8,5.3,1.88
56,Doug Drabek\drabedo01,26,PIT,14,12,.538,2.80,35,34,1,8,5,0,244.1,215,83,76,21,69,3,123,3,0,3,994,120,3.76,1.162,7.9,0.8,2.5,4.5,1.78
57,Dave Dravecky*\draveda01,33,SFG,2,0,1.000,3.46,2,2,0,0,0,0,13.0,8,5,5,2,4,0,5,1,0,1,50,101,5.15,0.923,5.5,1.4,2.8,3.5,1.25
58,Mike Dunne\dunnemi01,26,PIT,1,1,.500,7.53,3,3,0,0,0,0,14.1,21,12,12,1,9,1,4,1,0,1,75,46,5.20,2.093,13.2,0.6,5.7,2.5,0.44
59,Logan Easley\easlelo01,27,PIT,1,0,1.000,4.38,10,0,4,0,0,1,12.1,8,6,6,1,7,1,6,1,1,1,51,80,4.79,1.216,5.8,0.7,5.1,4.4,0.86
60,Gary Eave\eavega01,25,ATL,2,0,1.000,1.31,3,3,0,0,0,0,20.2,15,3,3,0,12,0,9,1,1,1,88,282,3.78,1.306,6.5,0.0,5.2,3.9,0.75
61,Mark Eichhorn\eichhma01,28,ATL,5,5,.500,4.35,45,0,13,0,0,0,68.1,70,36,33,6,19,8,49,1,1,0,286,84,3.35,1.302,9.2,0.8,2.5,6.5,2.58
62,Sid Fernandez*\fernasi01,26,NYM,14,5,.737,2.83,35,32,0,6,2,0,219.1,157,73,69,21,75,3,198,6,3,1,883,115,3.31,1.058,6.4,0.9,3.1,8.1,2.64
63,Jeff Fischer\fischje01,25,LAD,0,0,,13.50,2,0,0,0,0,0,3.1,7,5,5,1,0,0,2,0,0,0,17,29,5.46,2.100,18.9,2.7,0.0,5.4,
64,Brian Fisher\fishebr01,27,PIT,0,3,.000,7.94,9,3,3,0,0,1,17.0,25,17,15,2,10,3,8,0,0,1,88,43,5.12,2.059,13.2,1.1,5.3,4.2,0.80
65,Tom Foley\foleyto02,29,MON,0,0,,27.00,1,0,1,0,0,0,0.1,1,1,1,1,0,0,0,0,0,0,2,30,41.76,3.000,27.0,27.0,0.0,0.0,
66,Bob Forsch\forscbo01,39,HOU,4,5,.444,5.32,37,15,5,0,0,0,108.1,133,68,64,10,46,6,40,1,5,4,494,64,4.53,1.652,11.0,0.8,3.8,3.3,0.87
67,John Franco*\francjo01,28,CIN,4,8,.333,3.12,60,0,50,0,0,32,80.2,77,35,28,3,36,8,60,0,2,3,345,116,3.10,1.401,8.6,0.3,4.0,6.7,1.67
68,Marvin Freeman\freemma02,26,PHI,0,0,,6.00,1,1,0,0,0,0,3.0,2,2,2,0,5,0,0,0,1,0,16,67,7.76,2.333,6.0,0.0,15.0,0.0,0.00
69,Steve Frey*\freyst01,25,MON,3,2,.600,5.48,20,0,11,0,0,0,21.1,29,15,13,4,11,1,15,1,1,1,103,66,5.48,1.875,12.2,1.7,4.6,6.3,1.36
70,Todd Frohwirth\frohwto01,26,PHI,1,0,1.000,3.59,45,0,11,0,0,0,62.2,56,26,25,4,18,0,39,3,1,1,258,99,3.35,1.181,8.0,0.6,2.6,5.6,2.17
71,Miguel Garcia*\garcimi02,22,PIT,0,2,.000,8.44,11,0,6,0,0,0,16.0,25,15,15,2,7,3,9,0,0,1,78,41,4.58,2.000,14.1,1.1,3.9,5.1,1.29
72,Mark Gardner\gardnma01,27,MON,0,3,.000,5.13,7,4,1,0,0,0,26.1,26,16,15,2,11,1,21,2,0,0,117,70,3.64,1.405,8.9,0.7,3.8,7.2,1.91
73,Scott Garrelts\garresc01,27,SFG,14,5,.737,2.28,30,29,0,2,1,0,193.1,149,58,49,11,46,3,119,0,2,7,766,148,2.99,1.009,6.9,0.5,2.1,5.5,2.59
74,Brett Gideon\gideobr01,25,MON,0,0,,1.93,4,0,1,0,0,0,4.2,5,1,1,1,5,1,2,0,0,0,22,200,7.91,2.143,9.6,1.9,9.6,3.9,0.40
75,Tom Glavine*\glavito02,23,ATL,14,8,.636,3.68,29,29,0,6,4,0,186.0,172,88,76,20,40,3,90,2,0,2,766,98,3.87,1.140,8.3,1.0,1.9,4.4,2.25
76,Dwight Gooden\goodedw01,24,NYM,9,4,.692,2.89,19,17,1,0,0,1,118.1,93,42,38,9,47,2,101,2,5,7,497,113,3.29,1.183,7.1,0.7,3.6,7.7,2.15
77,Rich Gossage\gossari01,37,SFG,2,1,.667,2.68,31,0,22,0,0,4,43.2,32,16,13,2,27,3,24,0,0,2,182,127,4.11,1.351,6.6,0.4,5.6,4.9,0.89
78,Jim Gott\gottji01,29,PIT,0,0,,0.00,1,0,0,0,0,0,0.2,1,0,0,0,1,0,1,0,0,0,4,,4.26,3.000,13.5,0.0,13.5,13.5,1.00
79,Mark Grant\grantma01,25,SDP,8,2,.800,3.33,50,0,19,0,0,2,116.1,105,45,43,11,32,6,69,3,0,2,466,106,3.71,1.178,8.1,0.9,2.5,5.3,2.16
80,Tommy Greene\greento01,22,ATL,1,2,.333,4.10,4,4,0,1,1,0,26.1,22,12,12,5,6,1,17,0,0,1,103,89,4.62,1.063,7.5,1.7,2.1,5.8,2.83
81,Mike Griffin\griffmi02,32,CIN,0,0,,12.46,3,0,0,0,0,0,4.1,10,6,6,0,3,2,1,0,0,0,26,32,4.38,3.000,20.8,0.0,6.2,2.1,0.33
82,Jason Grimsley\grimsja01,21,PHI,1,3,.250,5.89,4,4,0,0,0,0,18.1,19,13,12,2,19,1,7,0,0,2,91,61,6.53,2.073,9.3,1.0,9.3,3.4,0.37
83,Greg Gross*\grossgr01,36,HOU,0,0,,18.00,1,0,1,0,0,0,1.0,3,2,2,0,1,0,1,0,0,0,7,27,3.76,4.000,27.0,0.0,9.0,9.0,1.00
84,Kevin Gross\grosske01,28,MON,11,12,.478,4.38,31,31,0,4,3,0,201.1,188,105,98,20,88,6,158,6,5,5,867,81,3.89,1.371,8.4,0.9,3.9,7.1,1.80
85,Jeff Hamilton\hamilje01,25,LAD,0,1,.000,5.40,1,0,1,0,0,0,1.2,2,1,1,0,1,1,2,0,0,0,8,81,2.16,1.800,10.8,0.0,5.4,10.8,2.00
86,Atlee Hammaker*\hammaat01,31,SFG,6,6,.500,3.76,28,9,5,0,0,0,76.2,78,34,32,5,23,2,30,1,2,1,322,90,3.77,1.317,9.2,0.6,2.7,3.5,1.30
87,Gene Harris\harrige01,24,MON,1,1,.500,4.95,11,0,7,0,0,0,20.0,16,11,11,1,10,0,11,0,0,3,84,73,3.81,1.300,7.2,0.5,4.5,5.0,1.10
88,Greg Harris\harrigr01,33,PHI,2,2,.500,3.58,44,0,17,0,0,1,75.1,64,34,30,7,43,7,51,2,0,10,324,99,4.41,1.420,7.6,0.8,5.1,6.1,1.19
89,Greg Harris\harrigr02,25,SDP,8,9,.471,2.60,56,8,25,0,0,6,135.0,106,43,39,8,52,9,106,2,3,3,554,135,3.16,1.170,7.1,0.5,3.5,7.1,2.04
90,Mike Hartley\hartlmi01,27,LAD,0,1,.000,1.50,5,0,3,0,0,0,6.0,2,1,1,0,0,0,4,0,0,0,20,246,1.43,0.333,3.0,0.0,0.0,6.0,
91,Mickey Hatcher\hatchmi01,34,LAD,0,0,,9.00,1,0,1,0,0,0,1.0,0,1,1,0,3,0,0,1,1,0,6,55,14.76,3.000,0.0,0.0,27.0,0.0,0.00
92,Neal Heaton*\heatone01,29,PIT,6,7,.462,3.05,42,18,5,1,0,0,147.1,127,55,50,12,55,12,67,6,5,4,620,110,4.15,1.235,7.8,0.7,3.4,4.1,1.22
93,Don Heinkel\heinkdo01,29,STL,1,1,.500,5.81,7,5,1,0,0,0,26.1,40,19,17,2,7,0,16,0,2,1,125,63,3.33,1.785,13.7,0.7,2.4,5.5,2.29
94,Dwayne Henry\henrydw01,27,ATL,0,2,.000,4.26,12,0,6,0,0,1,12.2,12,6,6,2,5,1,16,0,0,1,55,87,3.47,1.342,8.5,1.4,3.6,11.4,3.20
95,Manny Hernandez\hernama01,28,NYM,0,0,,0.00,1,0,0,0,0,0,1.0,0,0,0,0,0,0,1,0,0,0,3,,0.76,0.000,0.0,0.0,0.0,9.0,
96,Orel Hershiser\hershor01,30,LAD,15,15,.500,2.31,35,33,0,8,4,0,256.2,226,75,66,9,77,14,178,3,4,8,1047,149,2.77,1.181,7.9,0.3,2.7,6.2,2.31
97,Joe Hesketh*\heskejo01,30,MON,6,4,.600,5.77,43,0,17,0,0,3,48.1,54,34,31,5,26,6,44,0,3,1,219,62,3.90,1.655,10.1,0.9,4.8,8.2,1.69
98,Ken Hill\hillke01,23,STL,7,15,.318,3.80,33,33,0,2,1,0,196.2,186,92,83,9,99,6,112,5,2,11,862,95,3.81,1.449,8.5,0.4,4.5,5.1,1.13
99,Brian Holman\holmabr01,24,MON,1,2,.333,4.83,10,3,0,0,0,0,31.2,34,18,17,2,15,0,23,1,1,3,145,74,3.65,1.547,9.7,0.6,4.3,6.5,1.53
100,Ricky Horton*\hortori01,29,TOT,0,3,.000,4.85,34,8,7,0,0,0,72.1,85,39,39,3,21,4,26,4,0,0,314,74,3.62,1.465,10.6,0.4,2.6,3.2,1.24
101,Ricky Horton*\hortori01,29,LAD,0,0,,5.06,23,0,6,0,0,0,26.2,35,15,15,1,11,2,12,1,0,0,120,69,3.70,1.725,11.8,0.3,3.7,4.1,1.09
102,Ricky Horton*\hortori01,29,STL,0,3,.000,4.73,11,8,1,0,0,0,45.2,50,24,24,2,10,2,14,3,0,0,194,77,3.57,1.314,9.9,0.4,2.0,2.8,1.40
103,Jay Howell\howelja01,33,LAD,5,3,.625,1.58,56,0,41,0,0,28,79.2,60,15,14,3,22,6,55,0,0,1,312,218,2.70,1.029,6.8,0.3,2.5,6.2,2.50
104,Ken Howell\howelke01,28,PHI,12,12,.500,3.44,33,32,0,1,1,0,204.0,155,84,78,11,86,6,164,2,1,21,827,103,3.15,1.181,6.8,0.5,3.8,7.2,1.91
105,Bruce Hurst*\hurstbr01,31,SDP,15,11,.577,2.69,33,33,0,10,2,0,244.2,214,84,73,16,66,7,179,0,0,8,990,131,2.96,1.144,7.9,0.6,2.4,6.6,2.71
106,Jeff Innis\innisje01,26,NYM,0,1,.000,3.18,29,0,12,0,0,0,39.2,38,16,14,2,8,0,16,1,0,0,160,104,3.29,1.160,8.6,0.5,1.8,3.6,2.00
107,Danny Jackson*\jacksda02,27,CIN,6,11,.353,5.60,20,20,0,1,0,0,115.2,122,78,72,10,57,7,70,1,2,3,519,65,4.18,1.548,9.5,0.8,4.4,5.4,1.23
108,Randy Johnson*\johnsra05,25,MON,0,4,.000,6.67,7,6,1,0,0,0,29.2,29,25,22,2,26,1,26,0,2,2,143,54,4.52,1.854,8.8,0.6,7.9,7.9,1.00
109,Paul Kilgus*\kilgupa01,27,CHC,6,10,.375,4.39,35,23,5,0,0,2,145.2,164,90,71,9,49,6,61,5,2,3,642,86,3.84,1.462,10.1,0.6,3.0,3.8,1.24
110,Matt Kinzer\kinzema01,26,STL,0,2,.000,12.83,8,1,3,0,0,0,13.1,25,20,19,3,4,2,8,0,0,1,67,29,5.39,2.175,16.9,2.0,2.7,5.4,2.00
111,Bob Kipper*\kippebo01,24,PIT,3,4,.429,2.93,52,0,15,0,0,4,83.0,55,29,27,5,33,6,58,0,2,5,334,115,3.34,1.060,6.0,0.5,3.6,6.3,1.76
112,Bob Knepper*\kneppbo01,35,TOT,7,12,.368,5.13,35,26,2,1,1,0,165.0,190,98,94,16,75,6,64,3,4,5,746,66,4.67,1.606,10.4,0.9,4.1,3.5,0.85
113,Bob Knepper*\kneppbo01,35,HOU,4,10,.286,5.89,22,20,0,0,0,0,113.0,135,78,74,12,60,4,45,2,3,4,520,58,4.99,1.726,10.8,1.0,4.8,3.6,0.75
114,Bob Knepper*\kneppbo01,35,SFG,3,2,.600,3.46,13,6,2,1,1,0,52.0,55,20,20,4,15,2,19,1,1,1,226,98,3.96,1.346,9.5,0.7,2.6,3.3,1.27
115,Joe Kraemer*\kraemjo01,24,CHC,0,1,.000,4.91,1,1,0,0,0,0,3.2,7,6,2,0,2,1,5,0,0,0,21,86,1.67,2.455,17.2,0.0,4.9,12.3,2.50
116,Randy Kramer\kramera01,28,PIT,5,9,.357,3.96,35,15,7,1,1,2,111.1,90,53,49,10,61,4,52,7,0,1,482,85,4.83,1.356,7.3,0.8,4.9,4.2,0.85
117,Mike Krukow\krukomi01,37,SFG,4,3,.571,3.98,8,8,0,0,0,0,43.0,37,20,19,5,18,3,18,1,2,0,177,85,4.76,1.279,7.7,1.0,3.8,3.8,1.00
118,Mike LaCoss\lacosmi01,33,SFG,10,10,.500,3.17,45,18,16,1,0,6,150.1,143,62,53,3,65,4,78,7,5,1,647,106,3.42,1.384,8.6,0.2,3.9,4.7,1.20
119,Les Lancaster\lancale01,27,CHC,4,2,.667,1.36,42,0,15,0,0,8,72.2,60,12,11,2,15,1,56,0,1,2,288,279,2.20,1.032,7.4,0.2,1.9,6.9,3.73
120,Bill Landrum\landrbi01,31,PIT,2,3,.400,1.67,56,0,40,0,0,26,81.0,60,18,15,2,28,8,51,0,0,2,325,203,2.86,1.086,6.7,0.2,3.1,5.7,1.82
121,Mark Langston*\langsma01,28,MON,12,9,.571,2.39,24,24,0,6,4,0,176.2,138,57,47,13,93,6,175,0,2,5,740,148,3.32,1.308,7.0,0.7,4.7,8.9,1.88
122,Terry Leach\leachte01,35,NYM,0,0,,4.22,10,0,4,0,0,0,21.1,19,11,10,1,4,0,2,1,0,0,85,79,3.89,1.078,8.0,0.4,1.7,0.8,0.50
123,Tim Leary\learyti01,30,TOT,8,14,.364,3.52,33,31,0,2,0,0,207.0,205,84,81,17,68,15,123,5,0,10,874,100,3.70,1.319,8.9,0.7,3.0,5.3,1.81
124,Tim Leary\learyti01,30,LAD,6,7,.462,3.38,19,17,0,2,0,0,117.1,107,45,44,9,37,7,59,2,0,4,481,102,3.75,1.227,8.2,0.7,2.8,4.5,1.59
125,Tim Leary\learyti01,30,CIN,2,7,.222,3.71,14,14,0,0,0,0,89.2,98,39,37,8,31,8,64,3,0,6,393,98,3.63,1.439,9.8,0.8,3.1,6.4,2.06
126,Craig Lefferts*\leffecr01,31,SFG,2,4,.333,2.69,70,0,32,0,0,20,107.0,93,38,32,11,22,5,71,1,1,4,430,125,3.42,1.075,7.8,0.9,1.9,6.0,3.23
127,Dave Leiper*\leipeda01,27,SDP,0,1,.000,5.02,22,0,11,0,0,0,28.2,40,19,16,2,20,4,7,2,1,2,143,71,5.48,2.093,12.6,0.6,6.3,2.2,0.35
128,Derek Lilliquist*\lillide01,23,ATL,8,10,.444,3.97,32,30,0,0,0,0,165.2,202,87,73,16,34,5,79,2,3,4,718,91,3.72,1.425,11.0,0.9,1.8,4.3,2.32
129,Urbano Lugo\lugour01,26,MON,0,0,,6.75,3,0,2,0,0,0,4.0,4,3,3,1,0,0,3,0,0,1,16,58,4.51,1.000,9.0,2.3,0.0,6.8,
130,Julio Machado\machaju01,23,NYM,0,1,.000,3.27,10,0,9,0,0,0,11.0,9,4,4,0,3,0,14,0,0,0,45,104,1.04,1.091,7.4,0.0,2.5,11.5,4.67
131,Morris Madden*\maddemo01,28,PIT,2,2,.500,7.07,9,3,2,0,0,0,14.0,17,14,11,0,13,0,6,0,0,0,67,49,4.69,2.143,10.9,0.0,8.4,3.9,0.46
132,Greg Maddux\maddugr01,23,CHC,19,12,.613,2.95,35,35,0,7,1,0,238.1,222,90,78,13,82,13,135,6,3,5,1002,129,3.45,1.276,8.4,0.5,3.1,5.1,1.65
133,Mike Maddux\maddumi01,27,PHI,1,3,.250,5.15,16,4,1,2,1,1,43.2,52,29,25,3,14,3,26,2,1,3,191,69,3.56,1.511,10.7,0.6,2.9,5.4,1.86
134,Alex Madrid\madrial01,26,PHI,1,2,.333,5.47,6,3,2,0,0,0,24.2,32,16,15,3,14,4,13,1,0,4,118,66,5.11,1.865,11.7,1.1,5.1,4.7,0.93
135,Joe Magrane*\magrajo01,24,STL,18,9,.667,2.91,34,33,1,9,3,0,234.2,219,81,76,5,72,7,127,6,5,14,971,124,2.95,1.240,8.4,0.2,2.8,4.9,1.76
136,Rick Mahler\mahleri01,35,CIN,9,13,.409,3.83,40,31,1,5,2,0,220.2,242,113,94,15,51,13,102,10,4,4,940,94,3.55,1.328,9.9,0.6,2.1,4.2,2.00
137,Dennis Martinez\martide01,35,MON,16,7,.696,3.18,34,33,1,5,2,0,232.0,227,88,82,21,49,4,142,7,2,5,950,111,3.44,1.190,8.8,0.8,1.9,5.5,2.90
138,Ramon Martinez\martira02,21,LAD,6,4,.600,3.19,15,15,0,2,2,0,98.2,79,39,35,11,41,1,89,5,0,1,410,108,3.81,1.216,7.2,1.0,3.7,8.1,2.17
139,Roger Mason\masonro01,31,HOU,0,0,,20.25,2,0,1,0,0,0,1.1,2,3,3,0,2,0,3,0,0,0,8,22,2.76,3.000,13.5,0.0,13.5,20.3,1.50
140,Randy McCament\mccamra01,26,SFG,1,1,.500,3.93,25,0,10,0,0,0,36.2,32,22,16,4,23,2,12,1,1,1,159,87,5.49,1.500,7.9,1.0,5.6,2.9,0.52
141,Roger McDowell\mcdowro01,28,TOT,4,8,.333,1.96,69,0,56,0,0,23,92.0,79,36,20,3,38,8,47,3,1,3,387,177,3.50,1.272,7.7,0.3,3.7,4.6,1.24
142,Roger McDowell\mcdowro01,28,NYM,1,5,.167,3.31,25,0,15,0,0,4,35.1,34,21,13,1,16,3,15,2,1,3,156,100,3.81,1.415,8.7,0.3,4.1,3.8,0.94
143,Roger McDowell\mcdowro01,28,PHI,3,3,.500,1.11,44,0,41,0,0,19,56.2,45,15,7,2,22,5,32,1,0,0,231,321,3.31,1.182,7.1,0.3,3.5,5.1,1.45
144,Chuck McElroy*\mcelrch01,21,PHI,0,0,,1.74,11,0,4,0,0,0,10.1,12,2,2,1,4,1,8,0,0,0,46,212,3.63,1.548,10.5,0.9,3.5,7.0,2.00
145,Andy McGaffigan\mcgafan01,32,MON,3,5,.375,4.68,57,0,23,0,0,2,75.0,85,40,39,3,30,4,40,3,0,3,333,76,3.54,1.533,10.2,0.4,3.6,4.8,1.33
146,Larry McWilliams*\mcwilla01,35,PHI,2,11,.154,4.10,40,16,6,2,1,0,120.2,123,67,55,3,49,4,54,4,3,6,531,87,3.51,1.425,9.2,0.2,3.7,4.0,1.10
147,Scott Medvin\medvisc01,27,PIT,0,1,.000,5.68,6,0,2,0,0,0,6.1,6,5,4,0,5,2,4,0,1,1,30,63,3.87,1.737,8.5,0.0,7.1,5.7,0.80
148,Kent Mercker*\merckke01,21,ATL,0,0,,12.46,2,1,1,0,0,0,4.1,8,6,6,0,6,0,4,0,0,0,26,32,5.07,3.231,16.6,0.0,12.5,8.3,0.67
149,Brian Meyer\meyerbr01,26,HOU,0,1,.000,4.50,12,0,2,0,0,1,18.0,16,13,9,0,13,3,13,1,1,0,82,77,3.65,1.611,8.0,0.0,6.5,6.5,1.00
150,John Mitchell\mitchjo02,23,NYM,0,1,.000,6.00,2,0,0,0,0,0,3.0,3,7,2,0,4,1,4,0,0,1,17,63,4.10,2.333,9.0,0.0,12.0,12.0,1.00
151,Mike Morgan\morgami01,29,LAD,8,11,.421,2.53,40,19,7,0,0,0,152.2,130,51,43,6,33,8,72,2,0,6,604,136,3.02,1.068,7.7,0.4,1.9,4.2,2.18
152,Terry Mulholland*\mulhote01,26,TOT,4,7,.364,4.92,25,18,4,2,1,0,115.1,137,66,63,8,36,3,66,4,0,3,513,72,3.56,1.500,10.7,0.6,2.8,5.2,1.83
153,Terry Mulholland*\mulhote01,26,SFG,0,0,,4.09,5,1,2,0,0,0,11.0,15,5,5,0,4,0,6,0,0,0,51,86,2.76,1.727,12.3,0.0,3.3,4.9,1.50
154,Terry Mulholland*\mulhote01,26,PHI,4,7,.364,5.00,20,17,2,2,1,0,104.1,122,61,58,8,32,3,60,4,0,3,462,71,3.64,1.476,10.5,0.7,2.8,5.2,1.88
155,Mike Munoz*\munozmi01,23,LAD,0,0,,16.88,3,0,1,0,0,0,2.2,5,5,5,1,2,0,3,0,0,0,14,24,7.64,2.625,16.9,3.4,6.8,10.1,1.50
156,Dan Murphy\murphda06,24,SDP,0,0,,5.68,7,0,2,0,0,0,6.1,6,6,4,1,4,1,1,0,0,0,30,66,6.39,1.579,8.5,1.4,5.7,1.4,0.25
157,Jeff Musselman*\musseje01,26,NYM,3,2,.600,3.08,20,0,4,0,0,0,26.1,27,11,9,1,14,3,11,0,0,1,119,108,4.02,1.557,9.2,0.3,4.8,3.8,0.79
158,Randy Myers*\myersra01,26,NYM,7,4,.636,2.35,65,0,47,0,0,24,84.1,62,23,22,4,40,4,88,0,0,3,349,139,2.72,1.209,6.6,0.4,4.3,9.4,2.20
159,Eric Nolte*\nolteer01,25,SDP,0,0,,11.00,3,1,1,0,0,0,9.0,15,12,11,1,7,1,8,0,0,3,49,33,4.76,2.444,15.0,1.0,7.0,8.0,1.14
160,Randy O'Neal\o'neara01,28,PHI,0,1,.000,6.23,20,1,1,0,0,0,39.0,46,28,27,5,9,2,29,0,1,5,167,57,3.63,1.410,10.6,1.2,2.1,6.7,3.22
161,Bob Ojeda*\ojedabo01,31,NYM,13,11,.542,3.47,31,31,0,5,2,0,192.0,179,83,74,16,78,5,95,2,2,0,824,94,4.11,1.339,8.4,0.8,3.7,4.5,1.22
162,Steve Ontiveros\ontivst02,28,PHI,2,1,.667,3.82,6,5,0,0,0,0,30.2,34,15,13,2,15,1,12,0,0,2,134,94,4.30,1.598,10.0,0.6,4.4,3.5,0.80
163,Jeff Parrett\parreje01,27,PHI,12,6,.667,2.98,72,0,34,0,0,6,105.2,90,43,35,6,44,13,98,0,3,7,444,119,2.90,1.268,7.7,0.5,3.7,8.3,2.23
164,Bob Patterson*\pattebo01,30,PIT,4,3,.571,4.05,12,3,2,0,0,1,26.2,23,13,12,3,8,2,20,0,0,0,109,84,3.63,1.163,7.8,1.0,2.7,6.8,2.50
165,Alejandro Pena\penaal01,30,LAD,4,3,.571,2.13,53,0,28,0,0,5,76.0,62,20,18,6,18,4,75,2,1,1,306,162,2.61,1.053,7.3,0.7,2.1,8.9,4.17
166,Pascual Perez\perezpa01,32,MON,9,13,.409,3.31,33,28,3,2,0,0,198.1,178,85,73,15,45,13,152,4,1,6,811,107,2.95,1.124,8.1,0.7,2.0,6.9,3.38
167,Pat Perry*\perrypa02,30,CHC,0,1,.000,1.77,19,0,6,0,0,1,35.2,23,8,7,2,16,3,20,0,0,1,141,217,3.72,1.093,5.8,0.5,4.0,5.0,1.25
168,Jeff Pico\picoje01,23,CHC,3,1,.750,3.77,53,5,17,0,0,2,90.2,99,43,38,8,31,10,38,0,0,2,394,101,4.10,1.434,9.8,0.8,3.1,3.8,1.23
169,Mark Portugal\portuma01,26,HOU,7,1,.875,2.75,20,15,1,2,1,0,108.0,91,34,33,7,37,0,86,2,0,3,440,124,3.10,1.185,7.6,0.6,3.1,7.2,2.32
170,Ted Power\powerte01,34,STL,7,7,.500,3.71,23,15,2,0,0,0,97.0,96,47,40,7,21,3,43,1,0,1,407,98,3.49,1.206,8.9,0.6,1.9,4.0,2.05
171,Joe Price*\pricejo02,32,SFG,1,1,.500,5.79,7,1,3,0,0,0,14.0,16,9,9,3,4,2,10,0,1,1,59,60,4.98,1.429,10.3,1.9,2.6,6.4,2.50
172,Charlie Puleo\puleoch01,34,ATL,1,1,.500,4.66,15,1,1,0,0,0,29.0,26,15,15,2,16,1,17,0,0,4,128,79,4.14,1.448,8.1,0.6,5.0,5.3,1.06
173,Dan Quisenberry\quiseda01,36,STL,3,1,.750,2.64,63,0,35,0,0,6,78.1,78,25,23,2,14,9,37,0,1,0,317,137,2.69,1.174,9.0,0.2,1.6,4.3,2.64
174,Dennis Rasmussen*\rasmude01,30,SDP,10,10,.500,4.26,33,33,0,1,0,0,183.2,190,100,87,18,72,6,87,3,2,4,799,82,4.31,1.426,9.3,0.9,3.5,4.3,1.21
175,Rick Reed\reedri01,24,PIT,1,4,.200,5.60,15,7,2,0,0,0,54.2,62,35,34,5,11,3,34,2,3,0,232,61,3.42,1.335,10.2,0.8,1.8,5.6,3.09
176,Rick Reuschel\reuscri01,40,SFG,17,8,.680,2.94,32,32,0,2,0,0,208.1,195,75,68,18,54,4,111,2,0,1,860,115,3.63,1.195,8.4,0.8,2.3,4.8,2.06
177,Craig Reynolds\reynocr01,36,HOU,0,0,,27.00,1,0,0,0,0,0,1.0,3,4,3,0,1,0,0,1,0,0,9,18,8.76,4.000,27.0,0.0,9.0,0.0,0.00
178,Rick Rhoden\rhoderi01,36,HOU,2,6,.250,4.28,20,17,2,0,0,0,96.2,108,49,46,7,41,8,41,3,2,1,432,80,4.22,1.541,10.1,0.7,3.8,3.8,1.00
179,Rusty Richards\richaru01,24,ATL,0,0,,4.82,2,2,0,0,0,0,9.1,10,5,5,2,6,0,4,1,0,1,43,78,6.94,1.714,9.6,1.9,5.8,3.9,0.67
180,Jose Rijo\rijojo01,24,CIN,7,6,.538,2.84,19,19,0,1,1,0,111.0,101,39,35,6,48,3,86,2,3,4,464,128,3.27,1.342,8.2,0.5,3.9,7.0,1.79
181,Don Robinson\robindo01,32,SFG,12,11,.522,3.43,34,32,2,5,1,0,197.0,184,80,75,22,37,6,96,2,4,4,793,98,3.83,1.122,8.4,1.0,1.7,4.4,2.59
182,Jeff Robinson\robinje01,28,PIT,7,13,.350,4.58,50,19,18,0,0,4,141.1,161,92,72,14,59,11,95,1,2,14,643,74,3.98,1.557,10.3,0.9,3.8,6.0,1.61
183,Ron Robinson\robinro01,27,CIN,5,3,.625,3.35,15,15,0,0,0,0,83.1,80,36,31,8,28,2,36,2,0,2,353,108,4.23,1.296,8.6,0.9,3.0,3.9,1.29
184,Rosario Rodriguez*\rodriro02,19,CIN,1,1,.500,4.15,7,0,4,0,0,0,4.1,3,2,2,0,3,1,0,0,0,1,19,95,4.84,1.385,6.2,0.0,6.2,0.0,0.00
185,Mike Roesler\roeslmi01,25,CIN,0,1,.000,3.96,17,0,6,0,0,0,25.0,22,11,11,4,9,1,14,0,0,0,102,93,4.80,1.240,7.9,1.4,3.2,5.0,1.56
186,Bruce Ruffin*\ruffibr01,25,PHI,6,10,.375,4.44,24,23,0,1,0,0,125.2,152,69,62,10,62,6,70,0,0,8,576,80,4.16,1.703,10.9,0.7,4.4,5.0,1.13
187,John Russell\russejo02,28,ATL,0,0,,0.00,1,0,1,0,0,0,0.1,0,0,0,0,0,0,0,0,0,0,1,,2.76,0.000,0.0,0.0,0.0,0.0,
188,Roger Samuels*\samuero01,28,PIT,0,0,,9.82,5,0,4,0,0,0,3.2,9,4,4,1,4,0,2,0,0,0,23,39,8.49,3.545,22.1,2.5,9.8,4.9,0.50
189,Scott Sanderson\sandesc01,32,CHC,11,9,.550,3.94,37,23,2,2,0,0,146.1,155,69,64,16,31,6,86,2,3,1,611,96,3.69,1.271,9.5,1.0,1.9,5.3,2.77
190,Dan Schatzeder*\schatda01,34,HOU,4,1,.800,4.45,36,0,7,0,0,1,56.2,64,33,28,2,28,6,46,3,1,7,259,77,3.24,1.624,10.2,0.3,4.4,7.3,1.64
191,Calvin Schiraldi\schirca01,27,TOT,6,7,.462,3.51,59,4,25,0,0,4,100.0,72,40,39,8,63,2,71,1,1,4,429,107,4.30,1.350,6.5,0.7,5.7,6.4,1.13
192,Calvin Schiraldi\schirca01,27,CHC,3,6,.333,3.78,54,0,24,0,0,4,78.2,60,34,33,7,50,2,54,1,0,3,342,101,4.49,1.398,6.9,0.8,5.7,6.2,1.08
193,Calvin Schiraldi\schirca01,27,SDP,3,1,.750,2.53,5,4,1,0,0,0,21.1,12,6,6,1,13,0,17,0,1,1,87,141,3.61,1.172,5.1,0.4,5.5,7.2,1.31
194,Don Schulze\schuldo01,26,SDP,2,1,.667,5.55,7,4,2,0,0,0,24.1,38,20,15,6,6,0,15,0,0,1,118,64,5.48,1.808,14.1,2.2,2.2,5.5,2.50
195,Mike Scott\scottmi03,34,HOU,20,10,.667,3.10,33,32,1,9,2,0,229.0,180,87,79,23,62,12,172,3,0,7,924,110,3.42,1.057,7.1,0.9,2.4,6.8,2.77
196,Scott Scudder\scuddsc01,21,CIN,4,9,.308,4.49,23,17,3,0,0,0,100.1,91,54,50,14,61,11,66,1,1,0,451,81,5.12,1.515,8.2,1.3,5.5,5.9,1.08
197,Ray Searage*\searara01,34,LAD,3,4,.429,3.53,41,0,17,0,0,0,35.2,29,15,14,1,18,6,24,0,1,2,152,98,3.30,1.318,7.3,0.3,4.5,6.1,1.33
198,Bob Sebra\sebrabo01,27,TOT,2,3,.400,5.20,21,5,4,0,0,1,55.1,65,36,32,8,28,3,35,7,1,2,263,70,5.28,1.681,10.6,1.3,4.6,5.7,1.25
199,Bob Sebra\sebrabo01,27,PHI,2,3,.400,4.46,6,5,0,0,0,0,34.1,41,20,17,6,10,2,21,4,0,1,157,80,5.03,1.485,10.7,1.6,2.6,5.5,2.10
200,Bob Sebra\sebrabo01,27,CIN,0,0,,6.43,15,0,4,0,0,1,21.0,24,16,15,2,18,1,14,3,1,1,106,57,5.67,2.000,10.3,0.9,7.7,6.0,0.78
201,Eric Show\shower01,33,SDP,8,6,.571,4.23,16,16,0,1,0,0,106.1,113,59,50,9,39,3,66,2,2,2,464,83,3.78,1.429,9.6,0.8,3.3,5.6,1.69
202,John Smiley*\smilejo01,24,PIT,12,8,.600,2.81,28,28,0,8,1,0,205.1,174,78,64,22,49,5,123,4,2,5,835,120,3.73,1.086,7.6,1.0,2.1,5.4,2.51
203,Bryn Smith\smithbr01,33,MON,10,11,.476,2.84,33,32,0,3,1,0,215.2,177,76,68,16,54,4,129,4,1,3,864,125,3.34,1.071,7.4,0.7,2.3,5.4,2.39
204,Dave Smith\smithda02,34,HOU,3,4,.429,2.64,52,0,44,0,0,25,58.0,49,20,17,1,19,7,31,1,2,2,239,130,2.95,1.172,7.6,0.2,2.9,4.8,1.63
205,Mike Smith\smithmi04,28,PIT,0,1,.000,3.75,16,0,8,0,0,0,24.0,28,12,10,1,10,1,12,0,0,1,107,91,3.55,1.583,10.5,0.4,3.8,4.5,1.20
206,Pete Smith\smithpe02,23,ATL,5,14,.263,4.75,28,27,0,1,0,0,142.0,144,83,75,13,57,2,115,0,7,3,613,76,3.54,1.415,9.1,0.8,3.6,7.3,2.02
207,Zane Smith*\smithza01,28,TOT,1,13,.071,3.49,48,17,10,0,0,2,147.0,141,76,57,7,52,7,93,3,0,4,634,103,3.24,1.313,8.6,0.4,3.2,5.7,1.79
208,Zane Smith*\smithza01,28,ATL,1,12,.077,4.45,17,17,0,0,0,0,99.0,102,65,49,5,33,3,58,2,0,3,432,81,3.31,1.364,9.3,0.5,3.0,5.3,1.76
209,Zane Smith*\smithza01,28,MON,0,1,.000,1.50,31,0,10,0,0,2,48.0,39,11,8,2,19,4,35,1,0,1,202,238,3.10,1.208,7.3,0.4,3.6,6.6,1.84
210,John Smoltz\smoltjo01,22,ATL,12,11,.522,2.94,29,29,0,5,0,0,208.0,160,79,68,15,72,2,168,2,3,8,847,123,3.15,1.115,6.9,0.6,3.1,7.3,2.33
211,Mike Stanton*\stantmi02,22,ATL,0,1,.000,1.50,20,0,10,0,0,7,24.0,17,4,4,0,8,1,27,0,0,1,94,245,1.51,1.042,6.4,0.0,3.0,10.1,3.38
212,Rick Sutcliffe\sutclri01,33,CHC,16,11,.593,3.66,35,34,0,5,1,0,229.0,202,98,93,18,69,8,153,2,6,12,938,104,3.38,1.183,7.9,0.7,2.7,6.0,2.22
213,Russ Swan*\swanru01,25,SFG,0,2,.000,10.80,2,2,0,0,0,0,6.2,11,10,8,4,4,0,2,0,0,0,34,33,11.76,2.250,14.9,5.4,5.4,2.7,0.50
214,Kevin Tapani\tapanke01,25,NYM,0,0,,3.68,3,0,1,0,0,0,7.1,5,3,3,1,4,0,2,0,1,0,31,94,5.63,1.227,6.1,1.2,4.9,2.5,0.50
215,Stu Tate\tatest01,27,SFG,0,0,,3.38,2,0,0,0,0,0,2.2,3,3,1,0,0,0,4,0,0,1,12,117,-0.24,1.125,10.1,0.0,0.0,13.5,
216,Dorn Taylor\taylodo01,30,PIT,1,1,.500,5.06,9,0,5,0,0,0,10.2,14,6,6,0,5,2,3,0,0,0,47,69,3.61,1.781,11.8,0.0,4.2,2.5,0.60
217,Kent Tekulve\tekulke01,42,CIN,0,3,.000,5.02,37,0,20,0,0,1,52.0,56,35,29,5,23,8,31,0,1,1,235,72,4.15,1.519,9.7,0.9,4.0,5.4,1.35
218,Walt Terrell\terrewa01,31,SDP,5,13,.278,4.01,19,19,0,4,1,0,123.1,134,65,55,14,26,1,63,0,0,4,520,88,3.85,1.297,9.8,1.0,1.9,4.6,2.42
219,Scott Terry\terrysc01,29,STL,8,10,.444,3.57,31,24,5,1,0,2,148.2,142,65,59,14,43,6,69,3,2,2,619,101,3.99,1.244,8.6,0.8,2.6,4.2,1.60
220,Bob Tewksbury\tewksbo01,28,STL,1,0,1.000,3.30,7,4,2,1,1,0,30.0,25,12,11,2,10,3,17,2,0,0,125,111,3.70,1.167,7.5,0.6,3.0,5.1,1.70
221,Rich Thompson\thompri01,30,MON,0,2,.000,2.18,19,1,9,0,0,0,33.0,27,11,8,2,11,2,15,2,1,0,129,164,3.82,1.152,7.4,0.5,3.0,4.1,1.36
222,Freddie Toliver\tolivfr01,28,SDP,0,0,,7.07,9,0,3,0,0,0,14.0,17,14,11,5,9,0,14,1,0,0,65,51,7.55,1.857,10.9,3.2,5.8,9.0,1.56
223,John Tudor*\tudorjo01,35,LAD,0,0,,3.14,6,3,1,0,0,0,14.1,17,5,5,1,6,0,9,0,0,0,62,113,3.67,1.605,10.7,0.6,3.8,5.7,1.50
224,Sergio Valdez\valdese01,24,ATL,1,2,.333,6.06,19,1,8,0,0,0,32.2,31,24,22,5,17,3,26,0,0,2,145,60,4.72,1.469,8.5,1.4,4.7,7.2,1.53
225,Fernando Valenzuela*\valenfe01,28,LAD,10,13,.435,3.43,31,31,0,3,0,0,196.2,185,89,75,11,98,6,116,2,4,6,852,100,3.84,1.439,8.5,0.5,4.5,5.3,1.18
226,Frank Viola*\violafr01,29,NYM,5,5,.500,3.38,12,12,0,2,1,0,85.1,75,35,32,5,27,3,73,1,0,3,351,97,2.80,1.195,7.9,0.5,2.8,7.7,2.70
227,Bob Walk\walkbo01,32,PIT,13,10,.565,4.41,33,31,1,2,0,0,196.0,208,106,96,15,65,1,83,4,4,7,843,76,3.97,1.393,9.6,0.7,3.0,3.8,1.28
228,Tim Wallach\wallati01,31,MON,0,0,,9.00,1,0,1,0,0,0,1.0,2,1,1,0,0,0,0,0,1,0,4,56,2.76,2.000,18.0,0.0,0.0,0.0,
229,David West*\westda01,24,NYM,0,2,.000,7.40,11,2,0,0,0,0,24.1,25,20,20,4,14,2,19,1,0,1,112,45,5.19,1.603,9.2,1.5,5.2,7.0,1.36
230,John Wetteland\wettejo01,22,LAD,5,8,.385,3.77,31,12,7,0,0,1,102.2,81,46,43,8,34,4,96,0,1,16,411,91,2.90,1.120,7.1,0.7,3.0,8.4,2.82
231,Wally Whitehurst\whitewa02,25,NYM,0,1,.000,4.50,9,1,4,0,0,0,14.0,17,7,7,2,5,0,9,0,0,1,64,75,4.41,1.571,10.9,1.3,3.2,5.8,1.80
232,Ed Whitson\whitsed01,34,SDP,16,11,.593,2.66,33,33,0,5,1,0,227.0,198,77,67,22,48,6,117,5,3,2,914,132,3.69,1.084,7.9,0.9,1.9,4.6,2.44
233,Dean Wilkins\wilkide01,22,CHC,1,0,1.000,4.60,11,0,1,0,0,0,15.2,13,9,8,2,9,2,14,0,0,0,67,84,4.36,1.404,7.5,1.1,5.2,8.0,1.56
234,Mitch Williams*\willimi02,24,CHC,4,4,.500,2.76,76,0,61,0,0,36,81.2,71,27,25,6,52,4,67,8,4,6,365,138,4.28,1.506,7.8,0.7,5.7,7.4,1.29
235,Steve Wilson*\wilsost01,24,CHC,6,4,.600,4.20,53,8,9,0,0,2,85.2,83,43,40,6,31,5,65,1,1,0,364,90,3.28,1.331,8.7,0.6,3.3,6.8,2.10
236,Trevor Wilson*\wilsotr01,23,SFG,2,3,.400,4.35,14,4,2,0,0,0,39.1,28,20,19,2,24,0,22,4,1,0,167,78,4.44,1.322,6.4,0.5,5.5,5.0,0.92
237,Todd Worrell\worreto01,29,STL,3,5,.375,2.96,47,0,39,0,0,20,51.2,42,21,17,4,26,13,41,0,3,3,219,123,3.69,1.316,7.3,0.7,4.5,7.1,1.58
238,Floyd Youmans\youmafl01,25,PHI,1,5,.167,5.70,10,10,0,0,0,0,42.2,50,31,27,7,25,3,20,2,2,2,200,63,5.86,1.758,10.5,1.5,5.3,4.2,0.80