Rk,Name,Age,Tm,G,PA,AB,R,H,2B,3B,HR,RBI,SB,CS,BB,SO,BA,OBP,SLG,OPS,OPS+,TB,GDP,HBP,SH,SF,IBB,Pos Summary
1,Luis Aguayo\aguaylu01,22,PHI,45,94,84,11,18,4,0,1,7,1,0,6,15,.214,.283,.298,.580,62,25,0,2,2,0,0,46/5
2,Doyle Alexander\alexado01,30,SFG,24,58,51,5,9,4,0,0,6,0,0,2,12,.176,.204,.255,.459,31,13,2,0,4,1,0,1
3,Gary Alexander\alexaga01,28,PIT,21,51,47,6,10,4,1,1,6,0,0,3,12,.213,.255,.404,.659,82,19,1,0,0,1,0,/379
4,Matt Alexander#\alexama01,34,PIT,15,11,11,5,4,0,0,0,0,3,2,0,1,.364,.364,.364,.727,104,4,0,0,0,0,0,/87
5,Neil Allen\allenne01,23,NYM,43,7,5,0,1,0,1,0,0,0,0,0,4,.200,.200,.600,.800,122,3,0,0,2,0,0,1
6,Jose Alvarez\alvarjo01,25,ATL,1,0,0,0,0,0,0,0,0,0,0,0,0,,,,,,0,0,0,0,0,0,/1
7,Joaquin Andujar#\andujjo01,28,TOT,21,26,23,0,0,0,0,0,0,0,0,1,12,.000,.042,.000,.042,-87,0,0,0,2,0,0,1
8,Joaquin Andujar#\andujjo01,28,HOU,9,6,4,0,0,0,0,0,0,0,0,1,3,.000,.200,.000,.200,-38,0,0,0,1,0,0,/1
9,Joaquin Andujar#\andujjo01,28,STL,12,20,19,0,0,0,0,0,0,0,0,0,9,.000,.000,.000,.000,-100,0,0,0,1,0,0,1
10,Mike Armstrong\armstmi01,27,SDP,10,0,0,0,0,0,0,0,0,0,0,0,0,,,,,,0,0,0,0,0,0,1
11,Alan Ashby#\ashbyal01,29,HOU,83,296,255,20,69,13,0,4,33,0,2,35,33,.271,.356,.369,.725,111,94,6,0,3,2,6,*2
12,Brian Asselstine*\asselbr01,27,ATL,56,91,86,8,22,5,0,2,10,1,0,5,7,.256,.297,.384,.680,90,33,4,0,0,0,0,9/7
13,Ramon Aviles\avilera01,29,PHI,38,34,28,2,6,1,0,0,3,0,0,3,5,.214,.290,.250,.540,52,7,0,0,3,0,0,45/6
14,Wally Backman#\backmwa01,21,NYM,26,42,36,5,10,2,0,0,0,1,0,4,7,.278,.350,.333,.683,97,12,0,0,2,0,0,4/5
15,Stan Bahnsen\bahnsst01,36,MON,25,9,9,0,1,0,0,0,0,0,0,0,4,.111,.111,.111,.222,-37,1,0,0,0,0,0,1
16,Bob Bailor\bailobo01,29,NYM,51,95,81,11,23,3,1,0,8,2,0,8,11,.284,.352,.346,.697,101,28,3,1,4,1,0,647/95
17,Doug Bair\bairdo01,31,TOT,35,6,6,1,1,0,0,1,3,0,0,0,4,.167,.167,.667,.833,126,4,0,0,0,0,0,1
18,Doug Bair\bairdo01,31,CIN,24,3,3,1,1,0,0,1,3,0,0,0,1,.333,.333,1.333,1.667,352,4,0,0,0,0,0,1
19,Doug Bair\bairdo01,31,STL,11,3,3,0,0,0,0,0,0,0,0,0,3,.000,.000,.000,.000,-100,0,0,0,0,0,0,1
20,Dusty Baker\bakerdu01,32,LAD,103,438,400,48,128,17,3,9,49,10,7,29,43,.320,.363,.445,.808,132,178,9,1,3,5,1,*7
21,German Barranca*\barrage01,24,CIN,9,6,6,2,2,0,0,0,1,0,0,0,0,.333,.333,.333,.667,89,2,0,0,0,0,0,
22,Randy Bass*\bassra01,27,SDP,69,201,176,13,37,4,1,4,20,0,1,20,28,.210,.293,.313,.605,77,55,7,1,3,1,1,3
23,Steve Bedrosian\bedrost01,23,ATL,15,2,2,0,0,0,0,0,0,0,0,0,1,.000,.000,.000,.000,-100,0,0,0,0,0,0,1
24,Johnny Bench\benchjo01,33,CIN,52,196,178,14,55,8,0,8,25,0,2,17,21,.309,.369,.489,.858,141,87,4,0,1,0,3,3/2
25,Bruce Benedict\benedbr01,25,ATL,90,339,295,26,78,12,1,5,35,1,1,33,21,.264,.341,.363,.704,98,107,8,3,5,3,4,*2
26,Bruce Berenyi\berenbr01,26,CIN,21,48,42,4,8,3,0,0,1,0,0,2,18,.190,.222,.262,.484,36,11,1,0,3,1,0,1
27,Dave Bergman*\bergmda01,28,TOT,69,173,151,17,38,9,0,4,14,2,0,19,18,.252,.333,.391,.724,107,59,4,0,2,1,3,37
28,Dave Bergman*\bergmda01,28,HOU,6,6,6,1,1,0,0,1,1,0,0,0,0,.167,.167,.667,.833,133,4,0,0,0,0,0,/3
29,Dave Bergman*\bergmda01,28,SFG,63,167,145,16,37,9,0,3,13,2,0,19,18,.255,.339,.379,.719,106,55,4,0,2,1,3,37
30,Dale Berra\berrada01,24,PIT,81,257,232,21,56,12,0,2,27,11,1,17,34,.241,.302,.319,.621,74,74,3,3,2,0,4,564
31,Kurt Bevacqua\bevacku01,34,PIT,29,34,27,2,7,1,0,1,4,0,0,4,6,.259,.333,.407,.741,107,11,1,0,1,2,0,/45
32,Jim Bibby\bibbyji01,36,PIT,14,34,28,4,4,2,0,1,3,0,0,1,11,.143,.200,.321,.521,44,9,0,1,4,0,0,1
33,Larry Biittner*\biittla01,34,CIN,42,66,61,1,13,4,0,0,8,0,0,4,4,.213,.258,.279,.536,51,17,3,0,0,1,1,/39
34,Doug Bird\birddo01,31,CHC,12,23,20,0,2,0,0,0,0,0,0,1,11,.100,.143,.100,.243,-31,2,0,0,2,0,0,1
35,Tim Blackwell#\blackti01,28,CHC,58,182,158,21,37,10,2,1,11,2,1,23,23,.234,.331,.342,.673,89,54,2,0,1,0,4,2
36,Vida Blue#\bluevi01,31,SFG,18,43,35,4,7,2,0,0,1,0,0,3,10,.200,.263,.257,.520,50,9,1,0,5,0,0,1
37,Tommy Boggs\boggsto01,25,ATL,25,47,46,2,7,1,0,0,3,0,0,0,6,.152,.152,.174,.326,-8,8,1,0,1,0,0,1
38,Dan Boitano\boitada01,28,NYM,16,0,0,0,0,0,0,0,0,0,0,0,0,,,,,,0,0,0,0,0,0,1
39,Bobby Bonds\bondsbo01,35,CHC,45,190,163,26,35,7,1,6,19,5,6,24,44,.215,.323,.380,.703,96,62,4,2,1,0,5,8/9
40,Juan Bonilla\bonilju01,25,SDP,99,407,369,30,107,13,2,1,25,4,9,25,23,.290,.337,.344,.681,99,127,7,2,9,2,5,*4
41,Bob Boone\boonebo01,33,PHI,76,253,227,19,48,7,0,4,24,2,2,22,16,.211,.279,.295,.574,60,67,6,0,2,2,2,*2
42,Danny Boone*\booneda02,27,SDP,37,5,4,0,2,0,0,0,0,0,0,0,0,.500,.500,.500,1.000,193,2,0,0,1,0,0,1
43,Larry Bowa#\bowala01,35,PHI,103,391,360,34,102,14,3,0,31,16,7,26,17,.283,.331,.339,.670,87,122,8,0,4,1,2,*6
44,Doe Boyland*\boylado01,26,PIT,11,9,8,0,0,0,0,0,0,0,0,1,3,.000,.111,.000,.111,-67,0,0,0,0,0,0,
45,Larry Bradford\bradfla01,31,ATL,25,1,1,1,1,0,0,0,0,0,0,0,0,1.000,1.000,1.000,2.000,464,1,0,0,0,0,0,1
46,Mark Bradley\bradlma01,24,LAD,9,6,6,2,1,1,0,0,0,0,0,0,1,.167,.167,.333,.500,41,2,0,0,0,0,0,/97
47,Steve Braun*\braunst01,33,STL,44,62,46,9,9,2,1,0,2,1,0,15,7,.196,.393,.283,.676,93,13,1,0,1,0,0,/795
48,Fred Breining\breinfr01,25,SFG,45,13,11,0,0,0,0,0,0,0,0,1,7,.000,.083,.000,.083,-74,0,0,0,1,0,0,1
49,Bob Brenly\brenlbo01,27,SFG,19,52,45,5,15,2,1,1,4,0,1,6,4,.333,.423,.489,.912,161,22,1,1,0,0,0,2/57
50,Dan Briggs*\briggda01,28,MON,9,11,11,0,1,0,0,0,0,0,1,0,3,.091,.091,.091,.182,-48,1,0,0,0,0,0,/3879
51,Hubie Brooks\brookhu01,24,NYM,98,389,358,34,110,21,2,4,38,9,5,23,65,.307,.345,.411,.756,116,147,9,1,1,6,2,*5/976
52,Scott Brown\brownsc01,24,CIN,10,1,1,0,0,0,0,0,0,0,0,0,1,.000,.000,.000,.000,-100,0,0,0,0,0,0,1
53,Glenn Brummer\brummgl01,26,STL,21,33,30,2,6,1,0,0,2,0,0,1,2,.200,.219,.233,.452,27,7,1,0,1,1,0,2
54,Warren Brusstar\brusswa01,29,PHI,14,0,0,0,0,0,0,0,0,0,0,0,0,,,,,,0,0,0,0,0,0,1
55,Bill Buckner*\bucknbi01,31,CHC,106,453,421,45,131,35,3,10,75,5,2,26,16,.311,.349,.480,.829,130,202,17,1,0,5,9,*3
56,Ray Burris\burrira01,30,MON,22,49,37,4,7,0,0,0,2,0,0,4,12,.189,.262,.189,.451,30,7,0,0,7,1,0,1
57,Brett Butler*\butlebr01,24,ATL,40,145,126,17,32,2,3,0,4,9,1,19,17,.254,.352,.317,.669,89,40,0,0,0,0,0,78/9
58,Marty Bystrom\bystrma01,22,PHI,9,18,17,0,2,0,0,0,0,0,1,0,10,.118,.118,.118,.235,-34,2,0,0,1,0,0,/1
59,Enos Cabell\cabelen01,31,SFG,96,413,396,41,101,20,1,2,36,6,7,10,47,.255,.274,.326,.600,72,129,6,1,4,2,0,*35
60,Ernie Camacho\camacer01,26,PIT,7,5,4,0,0,0,0,0,0,0,0,0,1,.000,.000,.000,.000,-100,0,0,0,1,0,0,/1
61,Rick Camp\campri01,28,ATL,48,13,12,1,0,0,0,0,0,0,0,0,6,.000,.000,.000,.000,-100,0,0,0,1,0,0,1
62,John Candelaria*\candejo01,27,PIT,6,16,13,0,3,0,0,0,3,0,0,0,1,.231,.214,.231,.445,25,3,0,0,2,1,0,/1
63,Doug Capilla*\capildo01,29,CHC,42,3,3,0,0,0,0,0,0,0,0,0,1,.000,.000,.000,.000,-100,0,0,0,0,0,0,1
64,Steve Carlton*\carltst01,36,PHI,24,71,67,5,9,2,2,0,4,0,0,2,16,.134,.159,.224,.383,6,15,2,0,2,0,0,1
65,Gary Carter\cartega01,27,MON,100,419,374,48,94,20,2,16,68,1,5,35,35,.251,.313,.444,.756,112,166,6,1,3,6,4,*2/3
66,Bobby Castillo\castibo01,26,LAD,34,9,9,1,4,2,0,0,1,0,0,0,2,.444,.444,.667,1.111,217,6,0,0,0,0,0,1
67,Bill Caudill\caudibi01,24,CHC,30,17,14,0,2,0,0,0,1,0,0,2,6,.143,.250,.143,.393,12,2,0,0,1,0,0,1
68,Cesar Cedeno\cedence01,30,HOU,82,338,306,42,83,19,0,5,34,12,7,24,31,.271,.321,.382,.704,104,117,6,1,2,5,2,38
69,Ron Cey\ceyro01,33,LAD,85,359,312,42,90,15,2,13,50,0,2,40,55,.288,.372,.474,.846,143,148,7,3,1,3,3,*5
70,Chris Chambliss*\chambch01,32,ATL,107,455,404,44,110,25,2,8,51,4,1,44,41,.272,.343,.403,.746,109,163,11,1,2,3,10,*3
71,Larry Christenson\chrisla01,27,PHI,20,35,30,2,3,0,0,0,1,0,0,1,16,.100,.125,.100,.225,-37,3,0,0,3,1,0,1
72,Jack Clark\clarkja01,25,SFG,99,437,385,60,103,19,2,17,53,1,1,45,45,.268,.341,.460,.801,128,177,12,1,0,6,6,*9
73,Dave Collins#\collida02,28,CIN,95,412,360,63,98,18,6,3,23,26,10,41,41,.272,.355,.381,.735,108,137,6,6,3,2,1,*9/87
74,Geoff Combe\combege01,25,CIN,14,0,0,0,0,0,0,0,0,0,0,0,0,,,,,,0,0,0,0,0,0,1
75,Dave Concepcion\conceda01,33,CIN,106,468,421,57,129,28,0,5,67,4,5,37,61,.306,.358,.409,.767,116,172,13,1,2,7,1,*6
76,Warren Cromartie*\cromawa01,27,MON,99,400,358,41,109,19,2,6,42,2,3,39,27,.304,.370,.419,.789,123,150,8,0,0,3,12,39
77,Hector Cruz\cruzhe01,28,CHC,53,127,109,15,25,5,0,7,15,2,2,17,24,.229,.331,.468,.799,122,51,3,0,0,1,0,59/7
78,Jose Cruz*\cruzjo01,33,HOU,107,451,409,53,109,16,5,13,55,5,7,35,49,.267,.319,.425,.745,115,174,7,0,0,7,4,*7
79,Victor Cruz\cruzvi01,23,PIT,22,5,4,0,0,0,0,0,0,0,0,0,3,.000,.000,.000,.000,-100,0,0,0,1,0,0,1
80,Mike Cubbage*\cubbami01,30,NYM,67,90,80,9,17,2,2,1,4,0,0,9,15,.213,.289,.325,.614,76,26,2,0,0,1,1,5
81,John Curtis*\curtijo01,33,SDP,28,16,13,1,1,0,0,0,2,0,0,0,6,.077,.067,.077,.144,-58,1,1,0,1,2,0,1
82,Chili Davis#\davisch01,21,SFG,8,16,15,1,2,0,0,0,0,2,0,1,2,.133,.188,.133,.321,-7,2,1,0,0,0,0,/987
83,Dick Davis\davisdi02,27,PHI,45,106,96,12,32,6,1,2,19,1,2,8,13,.333,.387,.479,.866,140,46,1,1,0,1,0,9/7
84,Jody Davis\davisjo02,24,CHC,56,207,180,14,46,5,1,4,21,0,1,21,28,.256,.333,.361,.694,94,65,6,1,3,2,3,2
85,Mark Davis*\davisma01,20,PHI,9,14,11,2,1,0,0,0,1,0,0,2,2,.091,.231,.091,.322,-7,1,0,0,1,0,0,/1
86,Andre Dawson\dawsoan01,26,MON,103,441,394,71,119,21,3,24,64,26,4,35,50,.302,.365,.553,.918,157,218,6,7,0,5,14,*8
87,Ivan de Jesus\dejesiv01,28,CHC,106,460,403,49,78,8,4,0,13,21,9,46,61,.194,.276,.233,.509,44,94,2,0,10,1,2,*6
88,Luis DeLeon\deleolu01,22,STL,10,1,1,0,0,0,0,0,0,0,0,0,0,.000,.000,.000,.000,-100,0,0,0,0,0,0,1
89,Bob Dernier\dernibo01,24,PHI,10,4,4,0,3,0,0,0,0,2,1,0,0,.750,.750,.750,1.500,319,3,0,0,0,0,0,/8
90,Steve Dillard\dillast01,30,CHC,53,127,119,18,26,7,1,2,11,0,0,8,20,.218,.268,.345,.612,70,41,1,0,0,0,0,4/56
91,Dan Driessen*\driesda01,29,CIN,82,280,233,35,55,14,0,7,33,2,4,40,31,.236,.349,.386,.735,107,90,5,2,2,3,3,*3
92,Leon Durham*\durhale01,23,CHC,87,355,328,42,95,14,6,10,35,25,11,27,53,.290,.344,.460,.804,123,151,6,0,0,0,6,*9/3
93,Mike Easler*\easlemi01,30,PIT,95,369,339,43,97,18,5,7,42,4,7,24,45,.286,.328,.431,.759,111,146,10,0,0,6,7,*79
94,Rawly Eastwick\eastwra01,30,CHC,30,2,2,0,0,0,0,0,0,0,0,0,2,.000,.000,.000,.000,-100,0,0,0,0,0,0,1
95,Joe Edelen\edelejo01,25,TOT,18,5,5,0,1,0,0,0,0,0,0,0,2,.200,.200,.200,.400,13,1,0,0,0,0,0,1
96,Joe Edelen\edelejo01,25,STL,13,3,3,0,1,0,0,0,0,0,0,0,1,.333,.333,.333,.667,88,1,0,0,0,0,0,1
97,Joe Edelen\edelejo01,25,CIN,5,2,2,0,0,0,0,0,0,0,0,0,1,.000,.000,.000,.000,-100,0,0,0,0,0,0,/1
98,Dave Edwards\edwarda01,27,SDP,58,125,112,13,24,4,1,2,13,3,1,11,24,.214,.282,.321,.604,76,36,3,0,1,1,0,97/8
99,Juan Eichelberger\eicheju01,27,SDP,25,52,46,1,4,0,0,0,0,0,0,0,21,.087,.087,.087,.174,-49,4,1,0,6,0,0,1
100,Rick Engle\engleri01,24,MON,1,0,0,0,0,0,0,0,0,0,0,0,0,,,,,,0,0,0,0,0,0,/1
101,Nino Espinosa\espinni01,27,PHI,14,23,20,0,4,0,0,0,2,0,0,0,8,.200,.200,.200,.400,12,4,0,0,3,0,0,1
102,Barry Evans\evansba01,25,SDP,54,106,93,11,30,5,0,0,7,2,2,9,9,.323,.371,.376,.748,119,35,4,0,1,3,2,53/46
103,Darrell Evans*\evansda01,34,SFG,102,419,357,51,92,13,4,12,48,2,3,54,33,.258,.356,.417,.773,121,149,4,2,3,3,8,*53
104,Pete Falcone*\falcope01,27,NYM,35,22,22,1,4,0,0,1,5,0,0,0,4,.182,.182,.318,.500,41,7,1,0,0,0,0,1
105,Joe Ferguson\fergujo01,34,LAD,17,16,14,2,2,1,0,0,1,0,0,2,5,.143,.250,.214,.464,35,3,0,0,0,0,0,/9
106,Neil Fiala*\fialane01,24,TOT,5,5,5,1,1,0,0,0,1,0,0,0,2,.200,.200,.200,.400,13,1,0,0,0,0,0,
107,Neil Fiala*\fialane01,24,STL,3,3,3,0,0,0,0,0,0,0,0,0,1,.000,.000,.000,.000,-100,0,0,0,0,0,0,
108,Neil Fiala*\fialane01,24,CIN,2,2,2,1,1,0,0,0,1,0,0,0,1,.500,.500,.500,1.000,183,1,0,0,0,0,0,
109,Steve Fireovid#\fireost01,24,SDP,5,7,7,0,1,0,0,0,0,0,0,0,4,.143,.143,.143,.286,-16,1,0,0,0,0,0,/1
110,Tim Flannery*\flannti01,23,SDP,37,72,67,4,17,4,1,0,6,1,0,2,4,.254,.268,.343,.611,77,23,1,0,1,2,1,5/4
111,Scott Fletcher\fletcsc01,22,CHC,19,48,46,6,10,4,0,0,1,0,0,2,4,.217,.250,.304,.554,55,14,0,0,0,0,0,4/65
112,Doug Flynn\flynndo01,30,NYM,105,343,325,24,72,12,4,1,20,1,2,11,19,.222,.247,.292,.539,54,95,12,0,7,0,8,*4/6
113,Tim Foli\foliti01,30,PIT,86,351,316,32,78,12,2,0,20,7,7,17,10,.247,.285,.297,.582,63,94,2,1,14,3,0,*6
114,Barry Foote\footeba01,29,CHC,9,26,22,0,0,0,0,0,1,0,0,3,7,.000,.115,.000,.115,-65,0,1,0,0,1,0,/2
115,Bob Forsch\forscbo01,31,STL,20,48,41,0,5,1,0,0,3,0,0,1,10,.122,.143,.146,.289,-19,6,2,0,6,0,0,1
116,Terry Forster*\forstte01,29,LAD,21,2,2,0,0,0,0,0,0,0,0,0,0,.000,.000,.000,.000,-100,0,0,0,0,0,0,1
117,George Foster\fostege01,32,CIN,108,472,414,64,122,23,2,22,90,4,0,51,75,.295,.373,.519,.892,150,215,12,3,0,4,5,*7
118,Terry Francona*\francte01,22,MON,34,104,95,11,26,0,1,1,8,1,0,5,6,.274,.317,.326,.643,83,31,0,1,3,0,1,7/93
119,Pepe Frias\friaspe01,32,LAD,25,39,36,6,9,1,0,0,3,0,0,1,3,.250,.282,.278,.560,62,10,0,1,0,1,1,6/45
120,Woodie Fryman\frymawo01,41,MON,35,5,3,0,2,0,0,0,0,0,0,0,0,.667,.667,.667,1.333,279,2,0,0,2,0,0,1
121,Gene Garber\garbege01,33,ATL,35,5,5,0,0,0,0,0,0,0,0,0,1,.000,.000,.000,.000,-100,0,0,0,0,0,0,1
122,Kiko Garcia\garciki01,27,HOU,48,150,136,9,37,6,1,0,15,2,2,10,16,.272,.324,.331,.655,91,45,2,1,2,1,3,65/4
123,Ron Gardenhire\gardero01,23,NYM,27,53,48,2,13,1,0,0,3,2,2,5,9,.271,.340,.292,.631,83,14,0,0,0,0,2,6/45
124,Phil Garner\garneph01,32,TOT,87,340,294,35,73,9,3,1,26,10,8,36,32,.248,.326,.310,.636,81,91,4,0,6,4,2,*4
125,Phil Garner\garneph01,32,PIT,56,207,181,22,46,6,2,1,20,4,6,21,21,.254,.327,.326,.653,83,59,3,0,2,3,1,4
126,Phil Garner\garneph01,32,HOU,31,133,113,13,27,3,1,0,6,6,2,15,11,.239,.326,.283,.609,78,32,1,0,4,1,1,4
127,Steve Garvey\garvest01,32,LAD,110,461,431,63,122,23,1,10,64,3,5,25,49,.283,.322,.411,.732,110,177,8,1,1,3,6,*3
128,Mike Gates*\gatesmi01,24,MON,1,2,2,1,1,0,1,0,1,0,0,0,1,.500,.500,1.500,2.000,449,3,0,0,0,0,0,/4
129,Dave Geisel*\geiseda01,26,CHC,11,4,3,0,0,0,0,0,0,0,0,1,2,.000,.250,.000,.250,-25,0,0,0,0,0,0,1
130,Brian Giles\gilesbr01,21,NYM,9,8,7,0,0,0,0,0,0,0,0,0,3,.000,.000,.000,.000,-100,0,0,0,1,0,0,/46
131,Dave Goltz\goltzda01,32,LAD,26,21,17,0,1,0,0,0,2,0,0,1,9,.059,.158,.059,.217,-35,1,0,1,2,0,0,1
132,Luis Gomez\gomezlu01,29,ATL,35,41,35,4,7,0,0,0,1,0,1,6,4,.200,.317,.200,.517,48,7,0,0,0,0,0,6/541
133,Julio Gonzalez\gonzaju02,28,STL,20,24,22,2,7,1,0,1,3,0,0,1,3,.318,.348,.500,.848,136,11,2,0,1,0,0,/645
134,Tom Gorman*\gormato03,23,MON,9,0,0,0,0,0,0,0,0,0,0,0,0,,,,,,0,0,0,0,0,0,/1
135,David Green\greenda03,20,STL,21,40,34,6,5,1,0,0,2,0,1,6,5,.147,.275,.176,.451,29,6,0,0,0,0,1,8
136,Ken Griffey*\griffke01,31,CIN,101,442,396,65,123,21,6,2,34,12,4,39,42,.311,.370,.409,.780,120,162,9,1,2,4,6,*8/9
137,Mike Griffin\griffmi02,24,CHC,16,15,13,0,2,0,0,0,0,0,0,0,8,.154,.154,.154,.308,-14,2,0,0,2,0,0,1
138,Tom Griffin\griffto02,33,SFG,22,50,41,1,8,1,0,1,5,0,0,2,12,.195,.227,.293,.520,48,12,1,0,6,1,0,1
139,Greg Gross*\grossgr01,28,PHI,83,119,102,14,23,6,1,0,7,2,2,15,5,.225,.319,.304,.623,75,31,4,0,0,2,4,97/8
140,Jerry Grote\groteje01,38,LAD,2,2,2,0,0,0,0,0,0,0,0,0,1,.000,.000,.000,.000,-100,0,1,0,0,0,0,/2
141,Pedro Guerrero\guerrpe01,25,LAD,98,387,347,46,104,17,2,12,48,5,9,34,57,.300,.365,.464,.829,138,161,12,2,3,1,3,*95/83
142,Bill Gullickson\gullibi01,22,MON,22,53,46,1,7,1,0,0,1,0,0,3,13,.152,.204,.174,.378,8,8,1,0,4,0,0,1
143,Doug Gwosdz\gwosddo01,21,SDP,16,30,24,1,4,2,0,0,3,0,0,3,6,.167,.241,.250,.491,44,6,0,0,1,2,2,2
144,Albert Hall#\hallal02,23,ATL,6,3,2,1,0,0,0,0,0,0,0,1,1,.000,.333,.000,.333,1,0,0,0,0,0,0,/79
145,Mel Hall*\hallme01,20,CHC,10,12,11,1,1,0,0,1,2,0,0,1,4,.091,.167,.364,.530,45,4,0,0,0,0,0,/87
146,Preston Hanna\hannapr01,26,ATL,20,5,4,0,1,0,0,0,0,0,0,1,0,.250,.400,.250,.650,86,1,0,0,0,0,0,1
147,Alan Hargesheimer\hargeal01,26,SFG,6,6,5,0,1,0,0,0,1,0,0,0,2,.200,.200,.200,.400,15,1,0,0,1,0,0,/1
148,Terry Harper\harpete01,25,ATL,40,85,73,9,19,1,0,2,8,5,1,11,17,.260,.353,.356,.709,100,26,2,0,0,1,0,9/7
149,Greg Harris#\harrigr01,25,NYM,17,22,22,1,4,1,0,0,0,0,0,0,13,.182,.182,.227,.409,17,5,0,0,0,0,0,1
150,Tom Hausman\hausmto01,28,NYM,20,3,2,0,0,0,0,0,0,0,0,1,1,.000,.333,.000,.333,2,0,0,0,0,0,0,1
151,Bill Hayes\hayesbi01,23,CHC,1,0,0,0,0,0,0,0,0,0,0,0,0,,,,,,0,0,0,0,0,0,/2
152,Danny Heep*\heepda01,23,HOU,33,106,96,6,24,3,0,0,11,0,0,10,11,.250,.321,.281,.602,76,27,3,0,0,0,2,3/9
153,Steve Henderson\hendest01,28,CHC,82,337,287,32,84,9,5,5,35,5,7,42,61,.293,.382,.411,.793,122,118,7,2,2,4,7,*7
154,George Hendrick\hendrge01,31,STL,101,441,394,67,112,19,3,18,61,4,2,41,44,.284,.356,.485,.841,134,191,10,4,0,2,7,*98
155,Keith Hernandez*\hernake01,27,STL,103,444,376,65,115,27,4,8,48,12,5,61,45,.306,.401,.463,.864,142,174,9,2,0,5,6,*3/7
156,Willie Hernandez*\hernawi01,26,CHC,13,0,0,0,0,0,0,0,0,0,0,0,0,,,,,,0,0,0,0,0,0,1
157,Larry Herndon\herndla01,27,SFG,96,391,364,48,105,15,8,5,41,15,6,20,55,.288,.325,.415,.740,111,151,12,1,3,3,2,*79/8
158,Tom Herr#\herrto01,25,STL,103,463,411,50,110,14,9,0,46,23,7,39,30,.268,.329,.345,.674,90,142,9,1,6,5,3,*4
159,Ron Hodges*\hodgero01,32,NYM,35,48,43,5,13,2,0,1,6,1,0,5,8,.302,.375,.419,.794,128,18,0,0,0,0,2,/2
160,Al Holland\hollaal01,28,SFG,47,22,16,1,1,0,0,0,1,1,0,1,8,.063,.118,.063,.180,-47,1,0,0,5,0,0,1
161,Burt Hooton\hootobu01,31,LAD,23,53,42,3,8,3,0,0,3,0,0,4,13,.190,.261,.262,.523,51,11,0,0,7,0,0,1
162,Bob Horner\hornebo01,23,ATL,79,336,300,42,83,10,0,15,42,2,3,32,39,.277,.345,.460,.805,125,138,6,1,0,3,3,*5
163,Dave Hostetler\hosteda01,25,MON,5,6,6,1,3,0,0,1,1,0,0,0,2,.500,.500,1.000,1.500,317,6,0,0,0,0,0,/3
164,Paul Householder#\housepa02,22,CIN,23,79,69,12,19,4,0,2,9,3,1,10,16,.275,.367,.420,.787,122,29,2,0,0,0,0,9/87
165,Mike Howard#\howarmi01,23,NYM,14,30,24,4,4,1,0,0,3,2,0,4,6,.167,.276,.208,.484,41,5,0,0,0,1,0,/978
166,Art Howe\howear01,34,HOU,103,406,361,43,107,22,4,3,36,1,3,41,23,.296,.365,.404,.770,124,146,8,0,1,3,7,*5/3
167,Steve Howe*\howest01,23,LAD,41,2,1,0,0,0,0,0,0,0,0,1,1,.000,.500,.000,.500,54,0,0,0,0,0,0,1
168,Jay Howell\howelja01,25,CHC,10,5,2,2,0,0,0,0,0,0,0,1,0,.000,.333,.000,.333,0,0,0,0,2,0,0,1
169,Al Hrabosky\hraboal01,31,ATL,24,1,1,0,0,0,0,0,0,0,0,0,1,.000,.000,.000,.000,-100,0,0,0,0,0,0,1
170,Glenn Hubbard\hubbagl01,23,ATL,99,400,361,39,85,13,5,6,33,4,2,33,59,.235,.302,.349,.651,83,126,7,2,3,1,2,*4
171,Tom Hume\humeto01,28,CIN,51,4,4,0,0,0,0,0,0,0,0,0,2,.000,.000,.000,.000,-100,0,0,0,0,0,0,1
172,Tom Hutton*\huttoto01,35,MON,31,31,29,1,3,0,0,0,2,0,0,2,1,.103,.161,.103,.265,-24,3,0,0,0,0,0,/379
173,Dane Iorg*\iorgda01,31,STL,75,227,217,23,71,11,2,2,39,2,0,7,9,.327,.344,.424,.768,115,92,7,0,0,3,0,79/35
174,Mike Ivie\iviemi01,28,TOT,26,63,59,3,15,5,0,0,9,0,1,2,12,.254,.270,.339,.609,76,20,0,0,0,2,0,3
175,Mike Ivie\iviemi01,28,SFG,7,18,17,1,5,2,0,0,3,0,0,0,1,.294,.278,.412,.690,96,7,0,0,0,1,0,/3
176,Mike Ivie\iviemi01,28,HOU,19,45,42,2,10,3,0,0,6,0,1,2,11,.238,.267,.310,.576,67,13,0,0,0,1,0,3
177,Grant Jackson#\jacksgr01,38,TOT,45,2,2,0,0,0,0,0,0,0,0,0,1,.000,.000,.000,.000,-100,0,0,0,0,0,0,1
178,Grant Jackson#\jacksgr01,38,PIT,35,2,2,0,0,0,0,0,0,0,0,0,1,.000,.000,.000,.000,-100,0,0,0,0,0,0,1
179,Grant Jackson#\jacksgr01,38,MON,10,0,0,0,0,0,0,0,0,0,0,0,0,,,,,,0,0,0,0,0,0,1
180,Brook Jacoby\jacobbr01,21,ATL,11,10,10,0,2,0,0,0,1,0,0,0,3,.200,.200,.200,.400,13,2,1,0,0,0,0,/5
181,Tony Johnson\johnsto03,25,MON,2,1,1,0,0,0,0,0,0,0,0,0,0,.000,.000,.000,.000,-100,0,0,0,0,0,0,/7
182,Wallace Johnson#\johnswa03,24,MON,11,10,9,1,2,0,1,0,3,1,1,1,1,.222,.300,.444,.744,109,4,1,0,0,0,1,/4
183,Jay Johnstone*\johnsja01,35,LAD,61,90,83,8,17,3,0,3,6,0,1,7,13,.205,.267,.349,.616,76,29,3,0,0,0,0,/793
184,Odell Jones\jonesod01,28,PIT,13,13,10,0,2,0,0,0,0,0,0,0,3,.200,.200,.200,.400,12,2,0,0,3,0,0,1
185,Randy Jones\jonesra01,31,NYM,13,18,17,0,2,0,0,0,0,0,0,0,9,.118,.118,.118,.235,-32,2,0,0,1,0,0,1
186,Ruppert Jones*\jonesru01,26,SDP,105,451,397,53,99,34,1,4,39,7,9,43,66,.249,.318,.370,.688,101,147,7,0,4,7,2,*8
187,Mike Jorgensen*\jorgemi01,32,NYM,86,139,122,8,25,5,2,3,15,4,0,12,24,.205,.270,.352,.623,78,43,2,0,2,3,1,39/7
188,Jim Kaat*\kaatji01,42,STL,41,9,8,2,3,1,0,0,2,0,0,1,0,.375,.444,.500,.944,165,4,0,0,0,0,0,1
189,Junior Kennedy\kenneju01,30,CIN,27,47,44,5,11,1,0,0,5,0,0,1,5,.250,.255,.273,.528,49,12,0,0,0,2,0,4/5
190,Terry Kennedy*\kennete02,25,SDP,101,412,382,32,115,24,1,2,41,0,2,22,53,.301,.341,.385,.726,112,147,7,2,4,2,6,*2
191,Dave Kingman\kingmda01,32,NYM,100,412,353,40,78,11,3,22,59,6,0,55,105,.221,.326,.456,.782,123,161,9,1,1,2,7,37
192,Bob Knepper*\kneppbo01,27,HOU,22,53,47,3,7,2,0,1,3,0,0,0,15,.149,.167,.255,.422,21,12,0,1,5,0,0,1
193,Alan Knicely\kniceal01,26,HOU,3,7,7,2,4,0,0,2,2,0,0,0,1,.571,.571,1.429,2.000,466,10,0,0,0,0,0,/27
194,Ray Knight\knighra01,28,CIN,106,429,386,43,100,23,1,6,34,2,4,33,51,.259,.322,.370,.692,95,143,18,4,3,3,3,*5
195,Ken Kravec*\kraveke01,29,CHC,25,21,15,1,0,0,0,0,0,0,0,2,8,.000,.118,.000,.118,-65,0,0,0,4,0,0,1
196,Gene Krug*\krugge01,26,CHC,7,6,5,0,2,0,0,0,0,0,0,1,1,.400,.500,.400,.900,155,2,0,0,0,0,0,
197,Mike Krukow\krukomi01,29,CHC,25,56,50,5,9,2,0,0,3,0,0,0,13,.180,.180,.220,.400,12,11,2,0,6,0,0,1
198,Fred Kuhaulua*\kuhaufr01,28,SDP,5,10,9,0,1,0,0,0,1,0,0,0,5,.111,.111,.111,.222,-35,1,0,0,1,0,0,/1
199,Frank LaCorte\lacorfr01,29,HOU,37,3,3,0,1,0,0,0,0,0,0,0,0,.333,.333,.333,.667,95,1,0,0,0,0,0,1
200,Mike LaCoss\lacosmi01,25,CIN,20,26,19,0,0,0,0,0,0,0,0,0,8,.000,.000,.000,.000,-100,0,0,0,7,0,0,1
201,Lee Lacy\lacyle01,33,PIT,78,226,213,31,57,11,4,2,10,24,3,11,29,.268,.307,.385,.692,93,82,1,1,1,0,2,79/58
202,Rafael Landestoy#\landera01,28,TOT,47,106,85,8,13,1,1,0,5,5,1,17,9,.153,.294,.188,.482,42,16,6,0,4,0,4,4
203,Rafael Landestoy#\landera01,28,HOU,35,94,74,6,11,1,1,0,4,4,1,16,9,.149,.300,.189,.489,45,14,4,0,4,0,4,4
204,Rafael Landestoy#\landera01,28,CIN,12,12,11,2,2,0,0,0,1,1,0,1,0,.182,.250,.182,.432,24,2,2,0,0,0,0,/4
205,Ken Landreaux*\landrke01,26,LAD,99,421,390,48,98,16,4,7,41,18,4,25,42,.251,.297,.367,.664,91,143,6,1,3,1,3,*8
206,Tito Landrum\landrti01,26,STL,81,133,119,13,31,5,4,0,10,4,2,6,14,.261,.297,.370,.667,86,44,2,1,5,2,0,79/8
207,Dave LaPoint*\lapoida01,21,STL,3,5,5,0,0,0,0,0,0,0,0,0,3,.000,.000,.000,.000,-100,0,0,0,0,0,0,/1
208,Dan Larson\larsoda01,26,PHI,5,12,9,2,1,0,0,0,0,0,0,2,0,.111,.273,.111,.384,10,1,0,0,1,0,0,/1
209,Gary Lavelle#\lavelga01,32,SFG,34,14,11,1,3,1,0,0,1,0,1,1,3,.273,.333,.364,.697,100,4,1,0,2,0,0,1
210,Vance Law\lawva01,24,PIT,30,71,67,1,9,0,1,0,3,1,1,2,15,.134,.157,.164,.321,-10,11,2,0,1,1,0,4/65
211,Charlie Lea\leach01,24,MON,16,20,15,1,2,0,0,0,0,0,0,1,7,.133,.188,.133,.321,-8,2,0,0,4,0,0,1
212,Terry Leach\leachte01,27,NYM,21,3,1,1,0,0,0,0,0,0,0,2,0,.000,.667,.000,.667,105,0,0,0,0,0,0,1
213,Tim Leary\learyti01,22,NYM,1,1,1,0,0,0,0,0,0,0,0,0,0,.000,.000,.000,.000,-100,0,0,0,0,0,0,/1
214,Bill Lee*\leebi03,34,MON,31,22,22,1,8,0,0,1,2,0,0,0,4,.364,.364,.500,.864,143,11,0,0,0,0,0,1
215,Mark Lee\leema01,28,PIT,12,2,2,0,1,0,0,0,0,0,0,0,1,.500,.500,.500,1.000,181,1,0,0,0,0,0,1
216,Joe Lefebvre*\lefebjo01,25,SDP,86,286,246,31,63,13,4,8,31,6,4,35,33,.256,.352,.439,.791,130,108,12,2,2,1,7,*9/8
217,Charlie Leibrandt\leibrch01,24,CIN,7,10,8,0,0,0,0,0,0,0,0,2,4,.000,.200,.000,.200,-39,0,0,0,0,0,0,/1
218,Johnnie LeMaster\lemasjo01,27,SFG,104,354,324,27,82,9,1,0,28,3,7,24,46,.253,.306,.287,.593,71,93,9,1,4,1,7,*6
219,Jeffrey Leonard\leonaje01,25,TOT,44,160,145,21,42,12,4,4,29,5,2,12,25,.290,.346,.510,.856,144,74,5,1,1,1,3,8/739
220,Jeffrey Leonard\leonaje01,25,HOU,7,19,18,1,3,1,1,0,3,1,0,0,4,.167,.158,.333,.491,40,6,0,0,0,1,0,/39
221,Jeffrey Leonard\leonaje01,25,SFG,37,141,127,20,39,11,3,4,26,4,2,12,21,.307,.371,.535,.907,158,68,5,1,1,0,3,8/739
222,Carlos Lezcano\lezcaca01,25,CHC,7,14,14,1,1,0,0,0,2,0,0,0,4,.071,.071,.071,.143,-60,1,0,0,0,0,0,/97
223,Sixto Lezcano\lezcasi01,27,STL,72,258,214,26,57,8,2,5,28,0,1,40,40,.266,.376,.393,.768,116,84,8,0,0,4,2,79
224,Rufino Linares\linarru01,30,ATL,78,265,253,27,67,9,2,5,25,8,4,9,28,.265,.289,.375,.664,86,95,12,0,2,1,2,7
225,Mark Littell*\littema01,28,STL,28,8,8,0,2,0,0,0,2,0,0,0,2,.250,.250,.250,.500,41,2,0,0,0,0,0,1
226,John Littlefield\littljo01,27,SDP,42,2,1,0,0,0,0,0,0,0,0,0,0,.000,.000,.000,.000,-100,0,0,0,1,0,0,1
227,Tim Lollar*\lollati01,25,SDP,24,20,18,2,3,0,0,1,1,0,0,2,5,.167,.250,.333,.583,69,6,0,0,0,0,0,1
228,Bob Long\longbo01,26,PIT,5,6,4,1,0,0,0,0,0,0,0,1,2,.000,.200,.000,.200,-40,0,0,0,1,0,0,/1
229,Davey Lopes\lopesda01,36,LAD,58,243,214,35,44,2,0,5,17,20,2,22,35,.206,.289,.285,.574,66,61,7,3,4,0,1,4
230,Scott Loucks\loucksc01,24,HOU,10,8,7,2,4,0,0,0,0,1,0,1,3,.571,.625,.571,1.196,250,4,0,0,0,0,0,/8
231,Gary Lucas*\lucasga01,26,SDP,57,12,10,1,1,0,0,0,1,0,0,0,2,.100,.100,.100,.200,-41,1,0,0,2,0,0,1
232,Mike Lum*\lummi01,35,TOT,51,78,69,6,15,1,0,2,7,0,0,7,7,.217,.295,.319,.614,72,22,1,1,0,1,3,7/93
233,Mike Lum*\lummi01,35,ATL,10,13,11,1,1,0,0,0,0,0,0,2,2,.091,.231,.091,.322,-7,1,0,0,0,0,1,/7
234,Mike Lum*\lummi01,35,CHC,41,65,58,5,14,1,0,2,7,0,0,5,5,.241,.308,.362,.670,87,21,1,1,0,1,2,7/93
235,Sparky Lyle*\lylesp01,36,PHI,48,7,5,2,2,0,0,0,0,1,0,1,1,.400,.500,.400,.900,154,2,0,0,1,0,0,1
236,Ed Lynch\lynched01,25,NYM,17,28,21,0,3,1,0,0,1,0,0,4,10,.143,.269,.190,.460,34,4,0,0,2,1,0,1
237,Garry Maddox\maddoga01,31,PHI,94,350,323,37,85,7,1,5,40,9,4,17,42,.263,.295,.337,.633,76,109,6,1,1,8,1,*8
238,Bill Madlock\madlobi01,30,PIT,82,320,279,35,95,23,1,6,45,18,6,34,17,.341,.413,.495,.907,153,138,5,3,0,4,7,*5
239,Rick Mahler\mahleri01,27,ATL,34,29,27,0,4,1,0,0,2,0,1,0,4,.148,.148,.185,.333,-7,5,0,0,2,0,0,1
240,Candy Maldonado\maldoca01,20,LAD,11,12,12,0,1,0,0,0,0,0,0,0,5,.083,.083,.083,.167,-52,1,0,0,0,0,0,/97
241,Jerry Manuel#\manueje01,27,MON,27,63,55,10,11,5,0,3,10,0,0,6,11,.200,.270,.455,.724,102,25,1,0,0,2,1,4/6
242,Mike Marshall\marshmi01,38,NYM,20,1,0,0,0,0,0,0,0,0,0,1,0,,1.000,,,,0,0,0,0,0,0,1
243,Mike Marshall\marshmi02,21,LAD,14,27,25,2,5,3,0,0,1,0,0,1,4,.200,.259,.320,.579,66,8,1,1,0,0,0,/3579
244,Jerry Martin\martije01,32,SFG,72,267,241,23,58,5,3,4,25,6,2,21,52,.241,.308,.336,.644,85,81,9,3,1,1,2,8/7
245,John Martin#\martijo05,25,STL,18,42,33,2,7,2,1,0,8,0,0,2,14,.212,.257,.333,.590,65,11,0,0,7,0,0,1
246,Silvio Martinez\martisi01,25,STL,18,37,35,1,7,2,0,0,2,0,0,1,12,.200,.222,.257,.479,34,9,0,0,1,0,0,1
247,Randy Martz*\martzra01,25,CHC,34,33,28,0,6,0,0,0,2,0,0,3,13,.214,.290,.214,.505,43,6,1,0,2,0,0,1
248,Gary Matthews\matthga01,30,PHI,101,428,359,62,108,21,3,9,67,15,2,59,42,.301,.398,.451,.849,136,162,8,3,1,6,2,*7
249,Rick Matula\matulri01,27,ATL,5,1,1,0,0,0,0,0,0,0,0,0,0,.000,.000,.000,.000,-100,0,0,0,0,0,0,/1
250,Len Matuszek*\matusle01,26,PHI,13,14,11,1,3,1,0,0,1,0,1,3,1,.273,.429,.364,.792,123,4,0,0,0,0,1,/35
251,Milt May*\maymi01,30,SFG,97,354,316,20,98,17,0,2,33,1,4,34,29,.310,.376,.383,.759,118,121,7,0,3,1,10,*2
252,Lee Mazzilli#\mazzile01,26,NYM,95,376,324,36,74,14,5,6,34,17,7,46,53,.228,.324,.358,.682,96,116,5,2,0,4,3,*78
253,Bake McBride*\mcbriba01,32,PHI,58,235,221,26,60,17,1,2,21,5,0,11,25,.271,.303,.385,.688,91,85,6,0,1,2,1,9
254,Don McCormack\mccordo01,25,PHI,3,4,4,0,1,0,0,0,0,0,0,0,1,.250,.250,.250,.500,40,1,1,0,0,0,0,/2
255,Lynn McGlothen*\mcgloly01,31,CHC,20,12,12,1,1,1,0,0,0,0,0,0,3,.083,.083,.167,.250,-31,2,0,0,0,0,0,1
256,Tug McGraw\mcgratu01,36,PHI,34,2,1,0,0,0,0,0,0,0,0,0,0,.000,.000,.000,.000,-100,0,0,0,1,0,0,1
257,Larry McWilliams*\mcwilla01,27,ATL,6,12,10,0,1,0,0,0,0,0,0,1,7,.100,.182,.100,.282,-19,1,0,0,1,0,0,/1
258,Sam Mejias\mejiasa01,29,CIN,66,56,49,6,14,2,0,0,7,1,0,2,9,.286,.302,.327,.628,77,16,1,0,3,2,1,98
259,Dyar Miller\milledy01,35,NYM,23,3,3,0,1,0,0,0,0,0,0,0,0,.333,.333,.333,.667,92,1,0,0,0,0,0,1
260,Eddie Miller#\milleed04,24,ATL,50,146,134,29,31,3,1,0,7,23,5,7,29,.231,.285,.269,.553,56,36,1,3,2,0,1,7/98
261,Brad Mills*\millsbr01,24,MON,17,23,21,3,5,1,0,0,1,0,0,2,1,.238,.304,.286,.590,68,6,1,0,0,0,1,/54
262,Eddie Milner*\milneed01,26,CIN,8,6,5,0,1,1,0,0,1,0,0,1,1,.200,.333,.400,.733,106,2,0,0,0,0,0,/79
263,John Milner*\milnejo01,31,TOT,65,154,135,12,32,6,0,5,18,0,1,17,9,.237,.320,.393,.713,100,53,3,0,1,1,2,3/7
264,John Milner*\milnejo01,31,PIT,34,66,59,6,14,1,0,2,9,0,0,5,3,.237,.292,.356,.648,81,21,2,0,1,1,0,/37
265,John Milner*\milnejo01,31,MON,31,88,76,6,18,5,0,3,9,0,1,12,6,.237,.341,.421,.762,115,32,1,0,0,0,2,3
266,Greg Minton#\mintogr01,29,SFG,55,13,12,1,0,0,0,0,0,0,0,0,2,.000,.000,.000,.000,-100,0,1,0,1,0,0,1
267,Bobby Mitchell*\mitchbo03,26,LAD,10,9,8,0,1,0,0,0,0,0,0,1,4,.125,.222,.125,.347,2,1,0,0,0,0,0,/897
268,Randy Moffitt\moffira01,32,SFG,10,0,0,0,0,0,0,0,0,0,0,0,0,,,,,,0,0,0,0,0,0,1
269,Rick Monday*\mondari01,35,LAD,66,156,130,24,41,1,2,11,25,1,2,24,42,.315,.423,.608,1.031,194,79,0,1,0,1,3,9/7
270,Willie Montanez*\montawi01,33,TOT,55,105,100,8,21,0,1,1,6,0,0,5,11,.210,.248,.260,.508,43,26,6,0,0,0,0,3
271,Willie Montanez*\montawi01,33,MON,26,66,62,6,11,0,1,0,5,0,0,4,9,.177,.227,.210,.437,25,13,5,0,0,0,0,3
272,Willie Montanez*\montawi01,33,PIT,29,39,38,2,10,0,0,1,1,0,0,1,2,.263,.282,.342,.624,74,13,1,0,0,0,0,3
273,John Montefusco\montejo01,31,ATL,26,15,15,1,1,1,0,0,0,0,0,0,9,.067,.067,.133,.200,-45,2,0,0,0,0,0,1
274,Jerry Morales\moralje01,32,CHC,84,272,245,27,70,6,2,1,25,1,1,22,29,.286,.343,.339,.682,92,83,6,1,1,3,0,*87/9
275,Keith Moreland\morelke01,27,PHI,61,215,196,16,50,7,0,6,37,1,2,15,13,.255,.307,.383,.690,91,75,10,1,0,3,1,2/539
276,Jose Moreno#\morenjo01,23,SDP,34,50,48,5,11,2,0,0,6,4,1,1,8,.229,.245,.271,.516,51,13,2,0,1,0,1,/974
277,Omar Moreno*\morenom01,28,PIT,103,468,434,62,120,18,8,1,35,39,14,26,76,.276,.319,.362,.681,90,157,1,3,1,4,4,*8
278,Joe Morgan*\morgajo02,37,SFG,90,378,308,47,74,16,1,8,31,14,5,66,37,.240,.371,.377,.748,115,116,3,0,1,3,7,*4
279,Paul Moskau\moskapa01,27,CIN,27,9,6,0,0,0,0,0,0,0,0,1,3,.000,.143,.000,.143,-57,0,0,0,2,0,0,1
280,Steve Mura\murast01,26,SDP,24,48,44,2,6,1,0,0,4,0,0,2,7,.136,.174,.159,.333,-2,7,1,0,2,0,0,1
281,Dale Murphy\murphda05,25,ATL,104,416,369,43,91,12,1,13,50,14,5,44,72,.247,.325,.390,.716,100,144,10,0,1,2,8,*8/39
282,Bill Nahorodny\nahorbi01,27,ATL,14,14,13,0,3,1,0,0,2,0,0,1,3,.231,.286,.308,.593,67,4,0,0,0,0,1,/23
283,Steve Nicosia\nicosst01,25,PIT,54,184,169,21,39,10,1,2,18,3,1,13,10,.231,.286,.337,.623,74,57,7,0,2,0,2,2
284,Tom Niedenfuer\niedeto01,21,LAD,17,0,0,0,0,0,0,0,0,0,0,0,0,,,,,,0,0,0,0,0,0,1
285,Joe Niekro\niekrjo01,36,HOU,24,64,51,1,9,1,0,0,6,0,0,2,10,.176,.208,.196,.404,18,10,0,0,11,0,0,1
286,Phil Niekro\niekrph01,42,ATL,22,55,52,1,4,0,0,0,1,0,0,0,11,.077,.077,.077,.154,-57,4,0,0,3,0,0,1
287,Joe Nolan*\nolanjo01,30,CIN,81,264,236,25,73,18,1,1,26,1,2,24,19,.309,.371,.407,.778,120,96,7,1,0,3,6,*2
288,Dickie Noles\nolesdi01,24,PHI,13,21,19,1,2,0,0,0,1,0,0,0,7,.105,.105,.105,.211,-41,2,1,0,2,0,0,1
289,Bill North#\northbi01,33,SFG,46,161,131,22,29,7,0,1,12,26,8,26,28,.221,.354,.298,.652,89,39,1,1,3,0,0,8
290,Mike O'Berry\o'bermi01,27,CIN,55,128,111,6,20,3,1,1,5,0,0,14,19,.180,.272,.252,.524,49,28,3,0,3,0,0,2
291,Ken Oberkfell*\oberkke01,25,STL,102,420,376,43,110,12,6,2,45,13,5,37,28,.293,.353,.372,.725,104,140,11,0,3,4,6,*5/6
292,Ron Oester#\oestero01,25,CIN,105,408,354,45,96,16,7,5,42,2,5,42,49,.271,.342,.398,.741,109,141,8,0,5,7,8,*4/6
293,Rowland Office*\officro01,28,MON,26,44,40,4,7,0,0,0,0,0,0,4,6,.175,.250,.175,.425,22,7,2,0,0,0,0,9/8
294,Jesse Orosco\oroscje01,24,NYM,8,2,2,0,0,0,0,0,0,0,0,0,2,.000,.000,.000,.000,-100,0,0,0,0,0,0,/1
295,Jim Otten\ottenji01,29,STL,24,3,2,0,0,0,0,0,0,0,0,0,0,.000,.000,.000,.000,-100,0,0,0,1,0,0,1
296,Larry Owen\owenla01,26,ATL,13,17,16,0,0,0,0,0,0,0,0,1,4,.000,.059,.000,.059,-82,0,0,0,0,0,0,2
297,Dave Parker*\parkeda01,30,PIT,67,254,240,29,62,14,3,9,48,6,2,9,25,.258,.287,.454,.742,105,109,5,2,0,3,3,9
298,Larry Parrish\parrila01,27,MON,97,385,349,41,85,19,3,8,44,0,0,28,73,.244,.297,.384,.681,92,134,10,0,5,3,2,*5
299,Frank Pastore\pastofr01,23,CIN,22,51,44,1,5,1,0,0,1,0,0,1,13,.114,.133,.136,.270,-24,6,0,0,6,0,0,1
300,Bob Pate\patebo01,27,MON,8,7,6,0,2,0,0,0,0,0,0,1,0,.333,.429,.333,.762,118,2,0,0,0,0,0,/897
301,Alejandro Pena\penaal01,22,LAD,14,6,6,0,0,0,0,0,0,0,0,0,6,.000,.000,.000,.000,-100,0,0,0,0,0,0,1
302,Bert Pena\penabe01,21,HOU,4,3,2,0,1,0,0,0,0,0,0,0,0,.500,.500,.500,1.000,192,1,0,0,1,0,0,/6
303,Tony Pena\penato01,24,PIT,66,223,210,16,63,9,1,2,17,1,2,8,23,.300,.326,.381,.707,97,80,4,1,2,2,2,2
304,Jack Perconte*\percoja01,26,LAD,8,11,9,2,2,0,1,0,1,1,1,2,2,.222,.364,.444,.808,132,4,0,0,0,0,0,/4
305,Pascual Perez\perezpa01,24,PIT,18,24,22,3,3,0,1,0,0,0,0,0,10,.136,.136,.227,.364,0,5,0,0,2,0,0,1
306,Broderick Perkins*\perkibr01,26,SDP,92,275,254,27,71,18,3,2,40,0,4,14,16,.280,.314,.398,.711,107,101,6,0,4,3,4,*3/97
307,Gaylord Perry\perryga01,42,ATL,24,54,48,5,12,2,0,1,7,0,0,0,10,.250,.265,.354,.619,73,17,3,1,5,0,0,1
308,Joe Pettini\pettijo01,26,SFG,35,34,29,3,2,1,0,0,2,1,0,4,5,.069,.182,.103,.285,-16,3,0,0,1,0,0,46/5
309,Mike Phillips*\phillmi01,30,TOT,48,92,84,6,18,2,1,0,4,1,1,5,18,.214,.256,.262,.517,48,22,5,0,1,1,0,64
310,Mike Phillips*\phillmi01,30,SDP,14,30,29,1,6,0,1,0,0,1,0,0,3,.207,.207,.276,.483,40,8,3,0,0,0,0,/46
311,Mike Phillips*\phillmi01,30,MON,34,62,55,5,12,2,0,0,4,0,1,5,15,.218,.279,.255,.533,52,14,2,0,1,1,0,6/4
312,Joe Pittman\pittmjo01,28,HOU,52,149,135,11,38,4,2,0,7,4,4,11,16,.281,.333,.341,.674,96,46,3,0,2,1,3,4/5
313,Gordie Pladson\pladsgo01,24,HOU,2,0,0,0,0,0,0,0,0,0,0,0,0,,,,,,0,0,0,0,0,0,/1
314,Biff Pocoroba#\pocorbi01,27,ATL,57,140,122,4,22,4,0,0,8,0,0,12,15,.180,.265,.213,.478,36,26,5,2,4,0,1,5/2
315,Bob Porter*\portebo02,21,ATL,17,16,14,2,4,1,0,0,4,0,0,2,1,.286,.375,.357,.732,107,5,0,0,0,0,0,
316,Darrell Porter*\porteda02,29,STL,61,217,174,22,39,10,2,6,31,1,2,39,32,.224,.364,.408,.772,117,71,3,1,0,3,7,2
317,Ted Power\powerte01,26,LAD,5,3,3,0,0,0,0,0,0,0,0,0,3,.000,.000,.000,.000,-100,0,0,0,0,0,0,/1
318,Joe Price\pricejo02,24,CIN,41,3,3,0,0,0,0,0,0,0,0,0,1,.000,.000,.000,.000,-100,0,0,0,0,0,0,1
319,Mike Proly\prolymi01,30,PHI,35,7,7,0,0,0,0,0,0,0,0,0,1,.000,.000,.000,.000,-100,0,1,0,0,0,0,1
320,Terry Puhl*\puhlte01,24,HOU,96,394,350,43,88,19,4,3,28,22,4,31,49,.251,.315,.354,.670,95,124,3,4,4,5,5,*98
321,Luis Pujols\pujollu01,25,HOU,40,128,117,5,28,3,1,1,14,1,0,10,17,.239,.297,.308,.605,76,36,4,0,0,1,3,2
322,Charlie Puleo\puleoch01,26,NYM,4,2,2,0,0,0,0,0,0,0,0,0,2,.000,.000,.000,.000,-100,0,0,0,0,0,0,/1
323,Tim Raines#\raineti01,21,MON,88,363,313,61,95,13,7,5,37,71,11,45,31,.304,.391,.438,.829,135,137,7,2,0,3,5,*7/4
324,Mario Ramirez\ramirma01,23,SDP,13,15,13,1,1,0,0,0,1,0,0,2,5,.077,.200,.077,.277,-16,1,0,0,0,0,1,/56
325,Rafael Ramirez\ramirra01,23,ATL,95,342,307,30,67,16,2,2,20,7,3,24,47,.218,.276,.303,.579,63,93,3,1,9,1,3,*6
326,Bobby Ramos\ramosbo01,25,MON,26,44,41,4,8,1,0,1,3,0,0,3,5,.195,.250,.293,.543,53,12,2,0,0,0,0,2
327,Mike Ramsey#\ramsemi01,27,STL,47,133,124,19,32,3,0,0,9,4,0,8,16,.258,.303,.282,.585,65,35,6,0,1,0,1,6/547
328,Jeff Ransom\ransoje01,20,SFG,5,16,15,2,4,1,0,0,0,0,0,1,1,.267,.313,.333,.646,85,5,1,0,0,0,1,/2
329,Steve Ratzer\ratzest01,27,MON,12,2,2,0,0,0,0,0,0,0,0,0,0,.000,.000,.000,.000,-100,0,0,0,0,0,0,1
330,Johnny Ray#\rayjo01,24,PIT,31,109,102,10,25,11,0,0,6,0,0,6,9,.245,.284,.353,.637,78,36,3,0,0,1,2,4
331,Jeff Reardon\reardje01,25,TOT,43,7,5,0,0,0,0,0,0,0,0,0,2,.000,.000,.000,.000,-100,0,0,0,2,0,0,1
332,Jeff Reardon\reardje01,25,NYM,18,1,1,0,0,0,0,0,0,0,0,0,0,.000,.000,.000,.000,-100,0,0,0,0,0,0,1
333,Jeff Reardon\reardje01,25,MON,25,6,4,0,0,0,0,0,0,0,0,0,2,.000,.000,.000,.000,-100,0,0,0,2,0,0,1
334,Jerry Reed\reedje01,25,PHI,4,0,0,0,0,0,0,0,0,0,0,0,0,,,,,,0,0,0,0,0,0,/1
335,Ron Reed\reedro01,38,PHI,39,6,6,1,3,1,0,0,1,0,0,0,1,.500,.500,.667,1.167,223,4,0,0,0,0,0,1
336,Ken Reitz\reitzke01,30,CHC,82,286,260,10,56,9,1,2,28,0,0,15,56,.215,.261,.281,.541,52,73,9,3,2,6,3,*5
337,Rick Reuschel\reuscri01,32,CHC,16,30,25,1,2,0,0,0,1,0,0,1,7,.080,.115,.080,.195,-44,2,1,0,4,0,0,1
338,Jerry Reuss*\reussje01,32,LAD,22,58,51,3,10,0,0,0,3,0,0,0,18,.196,.196,.196,.392,13,10,0,0,7,0,0,1
339,Craig Reynolds*\reynocr01,28,HOU,87,354,323,43,84,10,12,4,31,3,3,12,31,.260,.286,.402,.688,98,130,6,0,18,1,2,*6
340,Rick Rhoden\rhoderi01,28,PIT,21,52,48,4,9,2,0,0,0,0,0,1,7,.188,.204,.229,.433,21,11,1,0,3,0,0,1
341,Gene Richards*\richage01,27,SDP,104,453,393,47,113,14,12,3,42,20,8,53,44,.288,.373,.407,.780,128,160,6,1,5,1,3,*7
342,Andy Rincon\rincoan01,22,STL,5,16,13,1,3,1,0,0,5,0,0,1,6,.231,.286,.308,.593,67,4,0,0,2,0,0,/1
343,Allen Ripley\ripleal01,28,SFG,19,32,30,0,4,0,0,0,2,0,0,0,5,.133,.133,.133,.267,-23,4,1,0,2,0,0,1
344,Dave Roberts*\roberda05,36,NYM,7,4,4,1,1,0,0,0,0,0,0,0,2,.250,.250,.250,.500,44,1,0,0,0,0,0,/1
345,Dave Roberts\roberda06,30,HOU,27,59,54,4,13,3,0,1,5,1,0,3,6,.241,.271,.352,.623,80,19,1,0,0,2,0,3/542
346,Bill Robinson\robinbi02,38,PIT,39,94,88,8,19,3,0,2,8,1,0,5,18,.216,.258,.318,.576,61,28,2,0,1,0,1,3/957
347,Don Robinson\robindo01,24,PIT,17,13,12,1,3,0,0,0,1,0,0,1,4,.250,.308,.250,.558,58,3,0,0,0,0,0,1
348,Ron Roenicke#\roeniro01,24,LAD,22,54,47,6,11,0,0,0,0,1,1,6,8,.234,.321,.234,.555,62,11,0,0,1,0,0,9/87
349,Steve Rogers\rogerst01,31,MON,23,61,55,5,8,1,0,0,3,0,0,2,21,.145,.175,.164,.339,-3,9,0,0,4,0,0,1
350,Enrique Romo\romoen01,33,PIT,33,6,4,0,0,0,0,0,0,0,0,0,4,.000,.000,.000,.000,-100,0,0,0,2,0,0,1
351,Gene Roof#\roofge01,23,STL,23,73,60,11,18,6,0,0,3,5,1,12,16,.300,.411,.400,.811,129,24,1,0,0,1,2,7
352,Pat Rooney\roonepa01,23,MON,4,5,5,0,0,0,0,0,0,0,0,0,3,.000,.000,.000,.000,-100,0,0,0,0,0,0,/9
353,Pete Rose#\rosepe01,40,PHI,107,486,431,73,140,18,5,0,33,4,4,46,26,.325,.391,.390,.781,118,168,8,3,1,3,5,*3
354,Mike Rowland\rowlami01,28,SFG,9,1,1,0,1,0,0,0,1,0,0,0,0,1.000,1.000,1.000,2.000,476,1,0,0,0,0,0,/1
355,Jerry Royster\roystje01,28,ATL,64,105,93,13,19,4,1,0,9,7,5,7,14,.204,.257,.269,.526,48,25,2,0,4,1,0,54
356,Vern Ruhle\ruhleve01,30,HOU,20,34,24,1,6,1,0,0,3,0,0,6,11,.250,.400,.292,.692,104,7,0,0,4,0,0,1
357,Paul Runge\rungepa01,23,ATL,10,31,27,2,7,1,0,0,2,0,0,4,4,.259,.355,.296,.651,85,8,1,0,0,0,0,6
358,Bill Russell\russebi01,32,LAD,82,290,262,20,61,9,2,0,22,2,1,19,20,.233,.284,.282,.567,64,74,13,1,5,3,3,*6
359,Dick Ruthven\ruthvdi01,30,PHI,23,57,50,2,7,3,0,0,5,0,0,2,14,.140,.173,.200,.373,4,10,0,0,5,0,0,1
360,Nolan Ryan\ryanno01,34,HOU,21,60,51,3,11,1,0,0,1,0,0,5,18,.216,.286,.235,.521,53,12,1,0,4,0,0,1
361,Mike Sadek\sadekmi01,35,SFG,19,46,36,5,6,3,0,0,3,0,0,8,7,.167,.318,.250,.568,65,9,0,0,2,0,0,2
362,Luis Salazar\salazlu01,25,SDP,109,424,400,37,121,19,6,3,38,11,8,16,72,.303,.329,.403,.732,113,161,7,1,5,2,2,*598/7
363,Joe Sambito*\sambijo01,29,HOU,49,5,5,0,0,0,0,0,0,0,0,0,3,.000,.000,.000,.000,-100,0,0,0,0,0,0,1
364,Orlando Sanchez*\sanchor01,24,STL,27,52,49,5,14,2,1,0,6,1,0,2,6,.286,.308,.367,.675,89,18,2,0,0,1,1,2
365,Ryne Sandberg\sandbry01,21,PHI,13,6,6,2,1,0,0,0,0,0,0,0,1,.167,.167,.167,.333,-7,1,0,0,0,0,0,/64
366,Scott Sanderson\sandesc01,24,MON,22,49,35,2,4,2,0,0,6,0,0,9,18,.114,.295,.171,.467,35,6,0,0,5,0,0,1
367,Steve Sax\saxst01,21,LAD,31,127,119,15,33,2,0,2,9,5,7,7,14,.277,.317,.345,.662,91,41,0,0,1,0,1,4
368,Mike Schmidt\schmimi01,31,PHI,102,434,354,78,112,19,2,31,91,12,4,73,71,.316,.435,.644,1.080,198,228,9,4,0,3,18,*5
369,Mike Scioscia*\sciosmi01,22,LAD,93,335,290,27,80,10,0,2,29,0,2,36,18,.276,.353,.331,.685,98,96,8,1,4,4,8,*2
370,Mike Scott\scottmi03,26,NYM,23,46,41,4,3,0,0,0,1,0,0,3,18,.073,.133,.073,.207,-39,3,2,0,1,1,0,1
371,Rodney Scott#\scottro01,27,MON,95,402,336,43,69,9,3,0,26,30,7,50,35,.205,.308,.250,.558,60,84,7,1,13,2,0,*4
372,Tony Scott#\scottto01,29,TOT,100,427,401,49,106,18,4,4,39,18,10,20,54,.264,.301,.359,.660,89,144,4,1,5,0,1,*8
373,Tony Scott#\scottto01,29,STL,45,184,176,21,40,5,2,2,17,10,7,5,22,.227,.253,.313,.565,58,55,3,1,2,0,0,8
374,Tony Scott#\scottto01,29,HOU,55,243,225,28,66,13,2,2,22,8,3,15,32,.293,.338,.396,.733,113,89,1,0,3,0,1,8
375,Rod Scurry*\scurrro01,25,PIT,27,21,19,1,3,0,0,0,0,0,0,2,10,.158,.238,.158,.396,13,3,0,0,0,0,0,1
376,Ray Searage*\searara01,26,NYM,26,1,1,0,1,0,0,0,0,0,0,0,0,1.000,1.000,1.000,2.000,476,1,0,0,0,0,0,1
377,Tom Seaver\seaveto01,36,CIN,23,68,55,3,11,1,0,1,6,0,0,8,16,.200,.297,.273,.570,62,15,2,0,4,1,0,1
378,Bob Shirley\shirlbo01,27,STL,28,23,22,0,3,0,0,0,1,0,0,0,7,.136,.136,.136,.273,-23,3,0,0,1,0,0,1
379,Eric Show\shower01,25,SDP,15,0,0,0,0,0,0,0,0,0,0,0,0,,,,,,0,0,0,0,0,0,1
380,Matt Sinatro\sinatma01,21,ATL,12,37,32,4,9,1,1,0,4,1,0,5,4,.281,.378,.375,.753,112,12,0,0,0,0,1,2
381,Billy Smith#\smithbi05,27,SFG,36,71,61,6,11,0,0,1,5,0,0,9,16,.180,.282,.230,.511,48,14,1,0,0,1,0,6/45
382,Billy Smith\smithbi06,26,HOU,10,2,2,0,0,0,0,0,0,0,0,0,2,.000,.000,.000,.000,-100,0,0,0,0,0,0,1
383,Bryn Smith\smithbr01,25,MON,7,3,1,0,0,0,0,0,0,0,0,0,0,.000,.000,.000,.000,-100,0,0,0,2,0,0,/1
384,Chris Smith#\smithch05,23,MON,7,7,7,0,0,0,0,0,0,0,0,0,2,.000,.000,.000,.000,-100,0,0,0,0,0,0,/4
385,Dave Smith\smithda02,26,HOU,42,8,8,0,2,0,0,0,0,0,0,0,4,.250,.250,.250,.500,46,2,0,0,0,0,0,1
386,Ken Smith*\smithke02,23,ATL,5,3,3,0,1,1,0,0,0,0,0,0,1,.333,.333,.667,1.000,175,2,0,0,0,0,0,/3
387,Lee Smith\smithle02,23,CHC,40,10,9,0,0,0,0,0,0,0,0,0,7,.000,.000,.000,.000,-100,0,0,0,1,0,0,1
388,Lonnie Smith\smithlo01,25,PHI,62,202,176,40,57,14,3,2,11,21,10,18,14,.324,.402,.472,.874,143,83,1,5,3,0,1,98/7
389,Ozzie Smith#\smithoz01,26,SDP,110,507,450,53,100,11,2,0,21,22,12,41,37,.222,.294,.256,.549,62,115,8,5,10,1,1,*6
390,Reggie Smith#\smithre06,36,LAD,41,44,35,5,7,1,0,1,8,0,0,7,8,.200,.318,.314,.632,83,11,4,0,0,2,3,/3
391,Eddie Solomon\solomed01,30,PIT,25,48,43,3,7,0,0,0,3,0,0,0,15,.163,.163,.163,.326,-9,7,0,0,5,0,0,1
392,Lary Sorensen\sorenla01,25,STL,23,52,46,1,3,1,0,0,0,0,0,0,21,.065,.085,.087,.172,-52,4,0,1,5,0,0,1
393,Elias Sosa\sosael01,31,MON,32,2,2,0,2,0,0,0,1,0,0,0,0,1.000,1.000,1.000,2.000,469,2,0,0,0,0,0,1
394,Mario Soto\sotoma01,24,CIN,25,66,59,4,4,0,0,0,0,0,0,1,24,.068,.083,.068,.151,-57,4,0,0,6,0,0,1
395,Chris Speier\speiech01,31,MON,96,351,307,33,69,10,2,2,25,1,2,38,29,.225,.310,.290,.600,71,89,9,0,6,0,10,*6
396,Harry Spilman*\spilmha01,26,TOT,51,64,58,9,14,1,0,0,4,0,1,5,10,.241,.302,.259,.560,62,15,1,0,1,0,0,3/5
397,Harry Spilman*\spilmha01,26,CIN,23,28,24,4,4,1,0,0,3,0,0,3,7,.167,.259,.208,.468,33,5,1,0,1,0,0,/53
398,Harry Spilman*\spilmha01,26,HOU,28,36,34,5,10,0,0,0,1,0,1,2,3,.294,.333,.294,.627,84,10,0,0,0,0,0,3
399,Bobby Sprowl*\sprowbo01,25,HOU,15,6,6,0,1,0,0,0,1,0,0,0,2,.167,.167,.167,.333,-3,1,0,0,0,0,0,1
400,Willie Stargell*\stargwi01,41,PIT,38,66,60,2,17,4,0,0,9,0,0,5,9,.283,.333,.350,.683,92,21,0,0,0,1,1,/3
401,Rusty Staub*\staubru01,37,NYM,70,186,161,9,51,9,0,5,21,1,0,22,12,.317,.398,.466,.864,147,75,6,1,0,2,3,3
402,John Stearns\stearjo01,29,NYM,80,305,273,25,74,12,1,1,24,12,2,24,17,.271,.329,.333,.662,91,91,10,0,7,1,2,2/35
403,Rennie Stennett\stennre01,30,SFG,38,92,87,8,20,0,0,1,7,2,1,3,6,.230,.264,.264,.528,52,23,3,1,1,0,0,4
404,Dave Stewart\stewada01,24,LAD,32,6,5,2,2,0,1,0,1,0,0,1,0,.400,.500,.800,1.300,270,4,0,0,0,0,0,1
405,Craig Stimac\stimacr01,26,SDP,9,9,9,0,1,0,0,0,0,0,0,0,3,.111,.111,.111,.222,-35,1,0,0,0,0,0,
406,Joe Strain\straijo01,27,CHC,25,80,74,7,14,1,0,0,1,0,0,5,7,.189,.250,.203,.453,28,15,1,1,0,0,0,4
407,Guy Sularz\sulargu01,25,SFG,10,24,20,0,4,0,0,0,2,0,1,2,4,.200,.292,.200,.492,43,4,0,1,0,1,0,/45
408,Rick Sutcliffe*\sutclri01,25,LAD,14,13,11,2,2,0,0,0,2,0,0,2,3,.182,.308,.182,.490,44,2,0,0,0,0,0,1
409,Bruce Sutter\suttebr01,28,STL,48,10,9,0,0,0,0,0,1,0,0,0,4,.000,.100,.000,.100,-70,0,0,1,0,0,0,1
410,Don Sutton\suttodo01,36,HOU,23,62,51,1,7,0,0,0,3,0,0,5,12,.137,.228,.137,.365,8,7,2,1,5,0,0,1
411,Craig Swan\swancr01,30,NYM,5,3,3,0,0,0,0,0,0,0,0,0,1,.000,.000,.000,.000,-100,0,0,0,0,0,0,/1
412,Steve Swisher\swishst01,29,SDP,16,30,28,2,4,0,0,0,0,0,0,2,11,.143,.200,.143,.343,2,4,1,0,0,0,0,2
413,Bob Sykes#\sykesbo01,26,STL,22,3,2,0,0,0,0,0,0,0,0,1,2,.000,.333,.000,.333,1,0,0,0,0,0,0,1
414,Pat Tabler\tablepa01,23,CHC,35,117,101,11,19,3,1,1,5,0,1,13,26,.188,.281,.267,.548,54,27,4,0,3,0,0,4
415,Frank Taveras\taverfr01,31,NYM,84,305,283,30,65,11,3,0,11,16,4,12,36,.230,.263,.290,.553,59,82,3,2,5,3,0,*6
416,Kent Tekulve\tekulke01,34,PIT,45,2,2,0,0,0,0,0,0,0,0,0,1,.000,.000,.000,.000,-100,0,0,0,0,0,0,1
417,Garry Templeton#\templga01,25,STL,80,350,333,47,96,16,8,1,33,8,12,14,55,.288,.315,.393,.709,98,131,4,0,1,2,3,*6
418,Gene Tenace\tenacge01,34,STL,58,174,129,26,30,7,0,5,22,0,0,38,26,.233,.416,.403,.819,131,52,1,4,1,2,2,2/3
419,Derrel Thomas#\thomade01,30,LAD,80,252,218,25,54,4,0,4,24,7,2,25,23,.248,.322,.321,.644,86,70,2,0,7,2,2,4658/97
420,Jason Thompson*\thompja01,26,PIT,86,285,223,36,54,13,0,15,42,0,0,59,49,.242,.396,.502,.899,150,112,6,0,0,3,1,*3
421,Scot Thompson*\thompsc01,25,CHC,57,127,115,8,19,5,0,0,8,2,0,7,8,.165,.208,.209,.417,17,24,2,0,2,3,1,8/937
422,Dickie Thon\thondi01,23,HOU,49,105,95,13,26,6,0,0,3,6,1,9,13,.274,.337,.337,.673,96,32,3,0,1,0,1,46/5
423,Luis Tiant\tiantlu01,40,PIT,9,19,16,0,3,2,0,0,4,0,0,1,3,.188,.235,.313,.548,52,5,0,0,2,0,0,/1
424,Dick Tidrow\tidrodi01,34,CHC,51,6,5,0,0,0,0,0,0,0,0,0,2,.000,.000,.000,.000,-100,0,0,0,1,0,0,1
425,Tim Tolman\tolmati01,25,HOU,4,8,8,0,1,0,0,0,0,0,0,0,0,.125,.125,.125,.250,-27,1,0,0,0,0,0,/79
426,Jim Tracy*\tracyji01,25,CHC,45,76,63,6,15,2,1,0,5,1,0,12,14,.238,.355,.302,.657,85,19,2,0,0,1,0,7/9
427,Alex Trevino\trevial01,23,NYM,56,165,149,17,39,2,0,0,10,3,0,13,19,.262,.323,.275,.598,73,41,4,1,1,1,0,2/4759
428,Manny Trillo\trillma01,30,PHI,94,387,349,37,100,14,3,6,36,10,4,26,37,.287,.338,.395,.733,104,138,6,3,5,4,3,*4
429,Bob Tufts*\tuftsbo01,25,SFG,11,1,1,0,0,0,0,0,0,0,0,0,0,.000,.000,.000,.000,-100,0,0,0,0,0,0,1
430,Jerry Turner*\turneje01,27,SDP,33,36,31,5,7,0,0,2,6,0,1,4,3,.226,.314,.419,.734,113,13,1,0,1,0,1,/9
431,Mike Tyson\tysonmi01,31,CHC,50,103,92,6,17,2,0,2,8,1,0,7,15,.185,.248,.272,.519,45,25,0,1,2,1,1,4/6
432,Del Unser*\unserde01,36,PHI,62,73,59,5,9,3,0,0,6,0,0,13,9,.153,.301,.203,.505,43,12,1,0,0,1,1,3/789
433,John Urrea\urreajo01,26,SDP,38,4,4,0,1,0,0,0,0,0,0,0,1,.250,.250,.250,.500,46,1,0,0,0,0,0,1
434,Mike Vail\vailmi01,29,CIN,31,31,31,1,5,0,0,0,3,0,0,0,9,.161,.161,.161,.323,-9,5,1,0,0,0,0,/9
435,Ellis Valentine\valenel01,26,TOT,70,261,245,23,51,11,1,8,36,0,4,11,49,.208,.238,.359,.597,69,88,4,0,0,5,0,9
436,Ellis Valentine\valenel01,26,MON,22,85,76,8,16,3,0,3,15,0,1,6,11,.211,.259,.368,.627,76,28,2,0,0,3,0,9
437,Ellis Valentine\valenel01,26,NYM,48,176,169,15,35,8,1,5,21,0,3,5,38,.207,.227,.355,.582,65,60,2,0,0,2,0,9
438,Fernando Valenzuela*\valenfe01,20,LAD,25,71,64,3,16,0,1,0,7,0,0,1,9,.250,.262,.281,.543,57,18,0,0,6,0,0,1
439,Max Venable*\venabma01,24,SFG,18,36,32,2,6,0,2,0,1,3,1,4,3,.188,.278,.313,.590,69,10,0,0,0,0,0,/98
440,Ozzie Virgil\virgioz02,24,PHI,6,6,6,0,0,0,0,0,0,0,0,0,2,.000,.000,.000,.000,-100,0,0,0,0,0,0,/2
441,George Vukovich*\vukovge01,25,PHI,20,27,26,5,10,0,0,1,4,1,0,1,0,.385,.407,.500,.907,152,13,0,0,0,0,0,/978
442,John Vukovich\vukovjo01,33,PHI,11,2,1,0,0,0,0,0,0,0,0,0,1,.000,.000,.000,.000,-100,0,0,0,1,0,0,/534
443,Bob Walk\walkbo01,24,ATL,12,10,7,1,1,0,0,0,0,0,0,0,3,.143,.143,.143,.286,-19,1,0,0,3,0,0,1
444,Tim Wallach\wallati01,23,MON,71,231,212,19,50,9,1,4,13,0,1,15,37,.236,.299,.344,.643,82,73,3,4,0,0,2,935/7
445,Ty Waller\wallety01,24,CHC,30,77,71,10,19,2,1,3,13,2,0,4,18,.268,.303,.451,.753,109,32,0,0,1,1,1,5/48
446,Denny Walling*\wallide01,27,HOU,65,189,158,23,37,6,0,5,23,2,1,28,17,.234,.346,.367,.713,107,58,4,0,1,2,1,39/78
447,Claudell Washington*\washicl01,26,ATL,85,349,320,37,93,22,3,5,37,12,6,15,47,.291,.328,.425,.753,111,136,6,4,8,2,1,*9
448,Gary Weiss#\weissga01,25,LAD,14,21,19,2,2,0,0,0,1,0,0,1,4,.105,.143,.105,.248,-28,2,0,0,0,1,0,6
449,Bob Welch\welchbo01,24,LAD,23,53,45,3,10,0,1,0,2,0,0,1,16,.222,.239,.267,.506,46,12,0,0,7,0,0,1
450,Chris Welsh*\welshch01,26,SDP,22,46,41,4,6,1,0,0,1,0,0,2,15,.146,.186,.171,.357,5,7,0,0,3,0,0,1
451,Larry Whisenton*\whisela01,24,ATL,9,7,5,1,1,0,0,0,0,0,0,2,1,.200,.429,.200,.629,82,1,0,0,0,0,0,/79
452,Jerry White#\whiteje01,28,MON,59,135,119,11,26,5,1,3,11,5,2,13,17,.218,.293,.353,.646,82,42,0,0,2,1,0,98/7
453,Ed Whitson\whitsed01,26,SFG,22,45,33,2,3,0,0,0,1,0,0,3,13,.091,.167,.091,.258,-24,3,0,0,9,0,0,1
454,Tom Wieghaus\wieghto01,24,MON,1,1,1,0,0,0,0,0,0,0,0,0,0,.000,.000,.000,.000,-100,0,0,0,0,0,0,/2
455,Alan Wiggins#\wiggial01,23,SDP,15,15,14,4,5,0,0,0,0,2,0,1,0,.357,.400,.357,.757,123,5,0,0,0,0,0,/7
456,Mookie Wilson#\wilsomo01,25,NYM,92,350,328,49,89,8,8,3,14,24,12,20,59,.271,.317,.372,.689,97,122,3,2,0,0,3,*89/7
457,Rick Wise\wiseri01,35,SDP,18,29,25,1,1,1,0,0,1,0,0,1,11,.040,.077,.080,.157,-54,2,2,0,3,0,0,1
458,Jim Wohlford\wohlfji01,30,SFG,50,73,68,4,11,3,0,1,7,0,0,4,9,.162,.205,.250,.455,30,17,5,0,0,1,0,7
459,Gary Woods\woodsga01,27,HOU,54,126,110,10,23,4,1,0,12,2,1,11,22,.209,.276,.264,.540,58,29,4,0,3,2,4,9/87
460,Steve Yeager\yeagest01,32,LAD,42,92,86,5,18,2,0,3,7,0,0,6,14,.209,.261,.337,.598,71,29,2,0,0,0,0,2
461,Joel Youngblood\youngjo02,29,NYM,43,161,143,16,50,10,2,4,25,2,5,12,19,.350,.398,.531,.929,165,76,4,2,0,4,1,9/78
462,Pat Zachry\zachrpa01,29,NYM,24,46,38,1,6,0,0,0,2,0,0,3,12,.158,.214,.158,.372,8,6,1,0,4,1,0,1